From,To,Common Tones,Common Tone Count,Difficulty Score,Modulation Type,Is Enharmonic,Needs Confirmation
C major,C minor,"C, D, F, G",4,1.71,common_tone,False,False
C major,C dorian,"C, D, F, G, A",5,1.14,common_tone,False,False
C major,C phrygian,"C, F, G",3,2.29,common_tone,False,False
C major,C mixolydian,"C, D, E, F, G, A",6,0.57,common_tone,False,False
C major,C locrian,"C, F",2,4.36,nearby_key,False,False
C major,C harmonic_minor,"C, D, F, G, B",5,1.14,common_tone,False,False
C major,C melodic_minor,"C, D, F, G, A, B",6,0.57,common_tone,False,False
C major,C# major,"C, F",2,5.36,nearby_key,False,False
C major,C# minor,"A, B, E",3,6.79,common_tone,False,False
C major,C# dorian,"B, E",2,7.36,nearby_key,False,False
C major,C# phrygian,"A, D, B, E",4,6.21,common_tone,False,False
C major,C# lydian,"C, F, G",3,3.79,common_tone,False,False
C major,C# mixolydian,"B, F",2,7.36,nearby_key,False,False
C major,C# locrian,"D, E, G, A, B",5,4.14,common_tone,False,False
C major,C# harmonic_minor,"C, A, E",3,5.29,common_tone,False,False
C major,C# melodic_minor,"C, E",2,5.86,nearby_key,False,False
C major,D major,"D, E, G, A, B",5,3.14,closely_related,False,False
C major,D minor,"C, D, E, F, G, A",6,3.57,common_tone,False,False
C major,D dorian,"C, D, E, F, G, A, B",7,3.0,common_tone,False,False
C major,D phrygian,"C, D, F, G, A",5,4.14,common_tone,False,False
C major,D lydian,"A, D, B, E",4,4.71,common_tone,False,False
C major,D mixolydian,"C, D, E, G, A, B",6,3.57,common_tone,False,False
C major,D locrian,"C, D, F, G",4,4.71,common_tone,False,False
C major,D harmonic_minor,"D, E, F, G, A",5,4.14,common_tone,False,False
C major,D melodic_minor,"D, E, F, G, A, B",6,3.57,common_tone,False,False
C major,D# major,"C, D, F, G",4,4.71,closely_related,False,False
C major,D# minor,"B, F",2,10.36,distant_modulation,False,False
C major,D# dorian,"C, F",2,8.86,distant_modulation,False,False
C major,D# phrygian,"B, E",2,10.36,distant_modulation,False,False
C major,D# lydian,"C, D, F, G, A",5,5.64,common_tone,False,False
C major,D# mixolydian,"C, F, G",3,6.79,common_tone,False,False
C major,D# locrian,"A, B, E",3,8.29,common_tone,False,False
C major,D# harmonic_minor,"D, B, F",3,9.79,common_tone,False,False
C major,D# melodic_minor,"C, D, F",3,8.29,common_tone,False,False
C major,E major,"A, B, E",3,6.29,common_tone,False,False
C major,E minor,"C, D, E, G, A, B",6,6.57,common_tone,False,False
C major,E dorian,"D, E, G, A, B",5,7.14,common_tone,False,False
C major,E phrygian,"C, D, E, F, G, A, B",7,6.0,common_tone,False,False
C major,E lydian,"B, E",2,8.86,distant_modulation,False,False
C major,E mixolydian,"A, D, B, E",4,7.71,common_tone,False,False
C major,E locrian,"C, D, E, F, G, A",6,6.57,common_tone,False,False
C major,E harmonic_minor,"C, E, G, A, B",5,7.14,common_tone,False,False
C major,E melodic_minor,"A, B, E, G",4,7.71,common_tone,False,False
C major,F major,"C, D, E, F, G, A",6,5.57,diatonic_common_tone,False,False
C major,F minor,"C, F, G",3,9.79,common_tone,False,False
C major,F dorian,"C, D, F, G",4,9.21,common_tone,False,False
C major,F phrygian,"C, F",2,10.36,distant_modulation,False,False
C major,F lydian,"C, D, E, F, G, A, B",7,7.5,common_tone,False,False
C major,F mixolydian,"C, D, F, G, A",5,8.64,common_tone,False,False
C major,F locrian,"B, F",2,10.36,distant_modulation,False,False
C major,F harmonic_minor,"C, E, F, G",4,9.21,common_tone,False,False
C major,F melodic_minor,"C, D, E, F, G",5,8.64,common_tone,False,False
C major,F# major,"B, F",2,11.86,distant_modulation,False,False
C major,F# minor,"A, D, B, E",4,13.71,common_tone,False,False
C major,F# dorian,"A, B, E",3,14.29,common_tone,False,False
C major,F# phrygian,"D, E, G, A, B",5,11.64,common_tone,False,False
C major,F# lydian,"C, F",2,13.36,distant_modulation,False,False
C major,F# mixolydian,"B, E",2,14.86,distant_modulation,False,False
C major,F# locrian,"C, D, E, G, A, B",6,9.57,common_tone,False,False
C major,F# harmonic_minor,"A, D, B, F",4,13.71,common_tone,False,False
C major,F# melodic_minor,"A, B, F",3,14.29,common_tone,False,False
C major,G minor,"C, D, F, G, A",5,8.64,common_tone,False,False
C major,G dorian,"C, D, E, F, G, A",6,8.07,common_tone,False,False
C major,G phrygian,"C, D, F, G",4,9.21,common_tone,False,False
C major,G lydian,"D, E, G, A, B",5,8.64,common_tone,False,False
C major,G mixolydian,"C, D, E, F, G, A, B",7,7.5,common_tone,False,False
C major,G locrian,"C, F, G",3,9.79,common_tone,False,False
C major,G harmonic_minor,"C, A, D, G",4,9.21,common_tone,False,False
C major,G melodic_minor,"C, D, E, G, A",5,8.64,common_tone,False,False
C major,G# major,"C, F, G",3,6.29,common_tone,False,False
C major,G# minor,"B, E",2,11.86,distant_modulation,False,False
C major,G# dorian,"B, F",2,11.86,distant_modulation,False,False
C major,G# phrygian,"A, B, E",3,11.29,common_tone,False,False
C major,G# lydian,"C, D, F, G",4,7.71,common_tone,False,False
C major,G# mixolydian,"C, F",2,10.36,distant_modulation,False,False
C major,G# locrian,"A, D, B, E",4,9.21,common_tone,False,False
C major,G# harmonic_minor,"B, E, G",3,9.79,common_tone,False,False
C major,G# melodic_minor,"B, F, G",3,9.79,common_tone,False,False
C major,A major,"A, D, B, E",4,4.71,closely_related,False,False
C major,A minor,"C, D, E, F, G, A, B",7,4.5,common_tone,False,False
C major,A dorian,"C, D, E, G, A, B",6,5.07,common_tone,False,False
C major,A phrygian,"C, D, E, F, G, A",6,5.07,common_tone,False,False
C major,A lydian,"A, B, E",3,6.79,common_tone,False,False
C major,A mixolydian,"D, E, G, A, B",5,5.64,common_tone,False,False
C major,A locrian,"C, D, F, G, A",5,5.64,common_tone,False,False
C major,A harmonic_minor,"C, D, E, F, A, B",6,5.07,common_tone,False,False
C major,A melodic_minor,"C, D, E, A, B",5,5.64,common_tone,False,False
C major,A# major,"C, D, F, G, A",5,3.14,closely_related,False,False
C major,A# minor,"C, F",2,5.86,nearby_key,False,False
C major,A# dorian,"C, F, G",3,5.29,common_tone,False,False
C major,A# phrygian,"B, F",2,7.36,nearby_key,False,False
C major,A# lydian,"C, D, E, F, G, A",6,3.57,common_tone,False,False
C major,A# mixolydian,"C, D, F, G",4,4.71,common_tone,False,False
C major,A# locrian,"B, E",2,7.36,nearby_key,False,False
C major,A# harmonic_minor,"C, A, F",3,5.29,common_tone,False,False
C major,A# melodic_minor,"C, A, F, G",4,4.71,common_tone,False,False
C major,B major,"B, E",2,5.36,nearby_key,False,False
C major,B minor,"D, E, G, A, B",5,2.64,common_tone,False,False
C major,B dorian,"A, D, B, E",4,4.71,common_tone,False,False
C major,B phrygian,"C, D, E, G, A, B",6,2.07,common_tone,False,False
C major,B lydian,"B, F",2,5.86,nearby_key,False,False
C major,B mixolydian,"A, B, E",3,5.29,common_tone,False,False
C major,B locrian,"C, D, E, F, G, A, B",7,1.5,common_tone,False,False
C major,B harmonic_minor,"D, B, E, G",4,3.21,common_tone,False,False
C major,B melodic_minor,"D, B, E",3,5.29,common_tone,False,False
C major,G major,"C, D, E, G, A, B",6,5.57,diatonic_common_tone,False,False
C major,C lydian,"C, D, E, G, A, B",6,0.57,common_tone,False,False
C minor,C major,"C, D, F, G",4,1.71,common_tone,False,False
C minor,C dorian,"C, D, D#, F, G, A#",6,0.57,common_tone,False,False
C minor,C phrygian,"C, D#, F, G, G#, A#",6,0.57,common_tone,False,False
C minor,C lydian,"C, D, G",3,2.29,common_tone,False,False
C minor,C mixolydian,"C, D, F, G, A#",5,1.14,common_tone,False,False
C minor,C locrian,"C, D#, F, G#, A#",5,2.64,common_tone,False,False
C minor,C harmonic_minor,"C, D, D#, F, G, G#",6,0.57,common_tone,False,False
C minor,C melodic_minor,"C, D, D#, F, G",5,1.14,common_tone,False,False
C minor,C# major,"C, D#, F, G#, A#",5,2.64,common_tone,False,False
C minor,C# minor,"G#, D#",2,5.36,nearby_key,False,False
C minor,C# dorian,"G#, A#, D#",3,5.29,common_tone,False,False
C minor,C# phrygian,"G#, D",2,5.86,nearby_key,False,False
C minor,C# lydian,"C, D#, F, G, G#, A#",6,2.07,common_tone,False,False
C minor,C# mixolydian,"G#, A#, D#, F",4,4.71,common_tone,False,False
C minor,C# locrian,"D, G",2,5.86,nearby_key,False,False
C minor,C# harmonic_minor,"C, G#, D#",3,3.79,common_tone,False,False
C minor,C# melodic_minor,"C, G#, A#, D#",4,3.21,common_tone,False,False
C minor,D major,"D, G",2,5.86,nearby_key,False,False
C minor,D minor,"C, D, F, G, A#",5,3.14,closely_related,False,False
C minor,D dorian,"C, D, F, G",4,4.71,common_tone,False,False
C minor,D phrygian,"C, D, D#, F, G, A#",6,3.57,common_tone,False,False
C minor,D lydian,"G#, D",2,7.36,nearby_key,False,False
C minor,D mixolydian,"C, D, G",3,5.29,common_tone,False,False
C minor,D locrian,"C, D, D#, F, G, G#, A#",7,3.0,common_tone,False,False
C minor,D harmonic_minor,"D, A#, F, G",4,4.71,common_tone,False,False
C minor,D melodic_minor,"D, F, G",3,5.29,common_tone,False,False
C minor,D# major,"C, D, D#, F, G, G#, A#",7,4.5,common_tone,False,False
C minor,D# minor,"G#, A#, D#, F",4,4.71,closely_related,False,False
C minor,D# dorian,"C, D#, F, G#, A#",5,5.64,common_tone,False,False
C minor,D# phrygian,"G#, A#, D#",3,6.79,common_tone,False,False
C minor,D# lydian,"C, D, D#, F, G, A#",6,5.07,common_tone,False,False
C minor,D# mixolydian,"C, D#, F, G, G#, A#",6,5.07,common_tone,False,False
C minor,D# locrian,"G#, D#",2,8.86,distant_modulation,False,False
C minor,D# harmonic_minor,"D, D#, F, G#, A#",5,5.64,common_tone,False,False
C minor,D# melodic_minor,"C, D, D#, F, G#, A#",6,5.07,common_tone,False,False
C minor,E major,"G#, D#",2,11.86,distant_modulation,False,False
C minor,E minor,"C, D, G",3,6.29,common_tone,False,False
C minor,E dorian,"D, G",2,10.36,distant_modulation,False,False
C minor,E phrygian,"C, D, F, G",4,7.71,common_tone,False,False
C minor,E lydian,"G#, A#, D#",3,11.29,common_tone,False,False
C minor,E mixolydian,"G#, D",2,11.86,distant_modulation,False,False
C minor,E locrian,"C, D, F, G, A#",5,7.14,common_tone,False,False
C minor,E harmonic_minor,"C, D#, G",3,8.29,common_tone,False,False
C minor,E melodic_minor,"D#, G",2,10.36,distant_modulation,False,False
C minor,F major,"C, D, F, G, A#",5,8.64,common_tone,False,False
C minor,F minor,"C, D#, F, G, G#, A#",6,5.57,diatonic_common_tone,False,False
C minor,F dorian,"C, D, D#, F, G, G#, A#",7,7.5,common_tone,False,False
C minor,F phrygian,"C, D#, F, G#, A#",5,8.64,common_tone,False,False
C minor,F lydian,"C, D, F, G",4,9.21,common_tone,False,False
C minor,F mixolydian,"C, D, D#, F, G, A#",6,8.07,common_tone,False,False
C minor,F locrian,"G#, A#, D#, F",4,10.71,common_tone,False,False
C minor,F harmonic_minor,"C, F, G, G#, A#",5,8.64,common_tone,False,False
C minor,F melodic_minor,"C, D, F, G, G#, A#",6,8.07,common_tone,False,False
C minor,F# major,"G#, A#, D#, F",4,13.71,common_tone,False,False
C minor,F# minor,"G#, D",2,11.86,distant_modulation,False,False
C minor,F# dorian,"G#, D#",2,14.86,distant_modulation,False,False
C minor,F# phrygian,"D, G",2,13.36,distant_modulation,False,False
C minor,F# lydian,"C, D#, F, G#, A#",5,11.64,common_tone,False,False
C minor,F# mixolydian,"G#, A#, D#",3,14.29,common_tone,False,False
C minor,F# locrian,"C, D, G",3,11.29,common_tone,False,False
C minor,F# harmonic_minor,"G#, D, F",3,14.29,common_tone,False,False
C minor,F# melodic_minor,"G#, D#, F",3,14.29,common_tone,False,False
C minor,G major,"C, D, G",3,9.79,common_tone,False,False
C minor,G minor,"C, D, D#, F, G, A#",6,5.57,diatonic_common_tone,False,False
C minor,G dorian,"C, D, F, G, A#",5,8.64,common_tone,False,False
C minor,G phrygian,"C, D, D#, F, G, G#, A#",7,7.5,common_tone,False,False
C minor,G lydian,"D, G",2,10.36,distant_modulation,False,False
C minor,G mixolydian,"C, D, F, G",4,9.21,common_tone,False,False
C minor,G locrian,"C, D#, F, G, G#, A#",6,8.07,common_tone,False,False
C minor,G harmonic_minor,"C, D, D#, G, A#",5,8.64,common_tone,False,False
C minor,G melodic_minor,"C, D, A#, G",4,9.21,common_tone,False,False
C minor,G# major,"C, D#, F, G, G#, A#",6,6.57,common_tone,False,False
C minor,G# minor,"G#, A#, D#",3,6.29,common_tone,False,False
C minor,G# dorian,"G#, A#, D#, F",4,7.71,common_tone,False,False
C minor,G# phrygian,"G#, D#",2,8.86,distant_modulation,False,False
C minor,G# lydian,"C, D, D#, F, G, G#, A#",7,6.0,common_tone,False,False
C minor,G# mixolydian,"C, D#, F, G#, A#",5,7.14,common_tone,False,False
C minor,G# locrian,"G#, D",2,8.86,distant_modulation,False,False
C minor,G# harmonic_minor,"G#, A#, D#, G",4,7.71,common_tone,False,False
C minor,G# melodic_minor,"D#, F, G, G#, A#",5,7.14,common_tone,False,False
C minor,A major,"G#, D",2,10.36,distant_modulation,False,False
C minor,A minor,"C, D, F, G",4,4.71,closely_related,False,False
C minor,A dorian,"C, D, G",3,6.79,common_tone,False,False
C minor,A phrygian,"C, D, F, G, A#",5,5.64,common_tone,False,False
C minor,A lydian,"G#, D#",2,10.36,distant_modulation,False,False
C minor,A mixolydian,"D, G",2,8.86,distant_modulation,False,False
C minor,A locrian,"C, D, D#, F, G, A#",6,5.07,common_tone,False,False
C minor,A harmonic_minor,"C, G#, D, F",4,7.71,common_tone,False,False
C minor,A melodic_minor,"C, G#, D",3,8.29,common_tone,False,False
C minor,A# major,"C, D, D#, F, G, A#",6,3.57,common_tone,False,False
C minor,A# minor,"C, D#, F, G#, A#",5,3.14,closely_related,False,False
C minor,A# dorian,"C, D#, F, G, G#, A#",6,3.57,common_tone,False,False
C minor,A# phrygian,"G#, A#, D#, F",4,4.71,common_tone,False,False
C minor,A# lydian,"C, D, F, G, A#",5,4.14,common_tone,False,False
C minor,A# mixolydian,"C, D, D#, F, G, G#, A#",7,3.0,common_tone,False,False
C minor,A# locrian,"G#, A#, D#",3,6.79,common_tone,False,False
C minor,A# harmonic_minor,"C, A#, D#, F",4,4.71,common_tone,False,False
C minor,A# melodic_minor,"C, D#, F, G, A#",5,4.14,common_tone,False,False
C minor,B major,"G#, A#, D#",3,6.79,common_tone,False,False
C minor,B minor,"D, G",2,5.36,nearby_key,False,False
C minor,B dorian,"G#, D",2,7.36,nearby_key,False,False
C minor,B phrygian,"C, D, G",3,3.79,common_tone,False,False
C minor,B lydian,"G#, A#, D#, F",4,6.21,common_tone,False,False
C minor,B mixolydian,"G#, D#",2,7.36,nearby_key,False,False
C minor,B locrian,"C, D, F, G",4,3.21,common_tone,False,False
C minor,B harmonic_minor,"D, A#, G",3,5.29,common_tone,False,False
C minor,B melodic_minor,"G#, D, A#",3,6.79,common_tone,False,False
C dorian,C major,"C, D, F, G, A",5,1.14,common_tone,False,False
C dorian,C minor,"C, D, D#, F, G, A#",6,0.57,common_tone,False,False
C dorian,C phrygian,"C, D#, F, G, A#",5,1.14,common_tone,False,False
C dorian,C lydian,"C, A, D, G",4,1.71,common_tone,False,False
C dorian,C mixolydian,"C, D, F, G, A, A#",6,0.57,common_tone,False,False
C dorian,C locrian,"C, A#, D#, F",4,3.21,common_tone,False,False
C dorian,C harmonic_minor,"C, D, D#, F, G",5,1.14,common_tone,False,False
C dorian,C melodic_minor,"C, D, D#, F, G, A",6,0.57,common_tone,False,False
C dorian,C# major,"C, A#, D#, F",4,4.71,common_tone,False,False
C dorian,C# minor,"A, D#",2,7.36,nearby_key,False,False
C dorian,C# dorian,"A#, D#",2,6.86,nearby_key,False,False
C dorian,C# phrygian,"A, D",2,7.36,nearby_key,False,False
C dorian,C# lydian,"C, D#, F, G, A#",5,2.64,common_tone,False,False
C dorian,C# mixolydian,"A#, D#, F",3,6.79,common_tone,False,False
C dorian,C# locrian,"A, D, G",3,5.29,common_tone,False,False
C dorian,C# harmonic_minor,"C, A, D#",3,5.29,common_tone,False,False
C dorian,C# melodic_minor,"C, A#, D#",3,5.29,common_tone,False,False
C dorian,D major,"A, D, G",3,5.29,common_tone,False,False
C dorian,D minor,"C, D, F, G, A, A#",6,3.57,common_tone,False,False
C dorian,D dorian,"C, D, F, G, A",5,3.14,closely_related,False,False
C dorian,D phrygian,"C, D, D#, F, G, A, A#",7,3.0,common_tone,False,False
C dorian,D lydian,"A, D",2,5.86,nearby_key,False,False
C dorian,D mixolydian,"C, A, D, G",4,4.71,common_tone,False,False
C dorian,D locrian,"C, D, D#, F, G, A#",6,3.57,common_tone,False,False
C dorian,D harmonic_minor,"D, F, G, A, A#",5,4.14,common_tone,False,False
C dorian,D melodic_minor,"A, D, F, G",4,4.71,common_tone,False,False
C dorian,D# major,"C, D, D#, F, G, A#",6,5.07,common_tone,False,False
C dorian,D# minor,"A#, D#, F",3,6.79,common_tone,False,False
C dorian,D# dorian,"C, A#, D#, F",4,4.71,closely_related,False,False
C dorian,D# phrygian,"A#, D#",2,7.36,distant_modulation,False,False
C dorian,D# lydian,"C, D, D#, F, G, A, A#",7,4.5,common_tone,False,False
C dorian,D# mixolydian,"C, D#, F, G, A#",5,5.64,common_tone,False,False
C dorian,D# locrian,"A, D#",2,7.36,distant_modulation,False,False
C dorian,D# harmonic_minor,"A#, D, D#, F",4,6.21,common_tone,False,False
C dorian,D# melodic_minor,"C, D, D#, F, A#",5,5.64,common_tone,False,False
C dorian,E major,"A, D#",2,11.86,distant_modulation,False,False
C dorian,E minor,"C, A, D, G",4,7.71,common_tone,False,False
C dorian,E dorian,"A, D, G",3,7.79,common_tone,False,False
C dorian,E phrygian,"C, D, F, G, A",5,7.14,common_tone,False,False
C dorian,E lydian,"A#, D#",2,11.86,distant_modulation,False,False
C dorian,E mixolydian,"A, D",2,11.86,distant_modulation,False,False
C dorian,E locrian,"C, D, F, G, A, A#",6,6.57,common_tone,False,False
C dorian,E harmonic_minor,"C, A, D#, G",4,7.71,common_tone,False,False
C dorian,E melodic_minor,"A, D#, G",3,9.79,common_tone,False,False
C dorian,F major,"C, D, F, G, A, A#",6,8.07,common_tone,False,False
C dorian,F minor,"C, D#, F, G, A#",5,8.64,common_tone,False,False
C dorian,F dorian,"C, D, D#, F, G, A#",6,5.57,diatonic_common_tone,False,False
C dorian,F phrygian,"C, A#, D#, F",4,9.21,common_tone,False,False
C dorian,F lydian,"C, D, F, G, A",5,8.64,common_tone,False,False
C dorian,F mixolydian,"C, D, D#, F, G, A, A#",7,7.5,common_tone,False,False
C dorian,F locrian,"A#, D#, F",3,11.29,common_tone,False,False
C dorian,F harmonic_minor,"C, A#, F, G",4,9.21,common_tone,False,False
C dorian,F melodic_minor,"C, D, F, G, A#",5,8.64,common_tone,False,False
C dorian,F# major,"A#, D#, F",3,14.29,common_tone,False,False
C dorian,F# minor,"A, D",2,14.86,distant_modulation,False,False
C dorian,F# dorian,"A, D#",2,11.86,distant_modulation,False,False
C dorian,F# phrygian,"A, D, G",3,12.79,common_tone,False,False
C dorian,F# lydian,"C, A#, D#, F",4,12.21,common_tone,False,False
C dorian,F# mixolydian,"A#, D#",2,14.86,distant_modulation,False,False
C dorian,F# locrian,"C, A, D, G",4,10.71,common_tone,False,False
C dorian,F# harmonic_minor,"A, D, F",3,14.29,common_tone,False,False
C dorian,F# melodic_minor,"A, D#, F",3,14.29,common_tone,False,False
C dorian,G major,"C, A, D, G",4,9.21,common_tone,False,False
C dorian,G minor,"C, D, D#, F, G, A, A#",7,7.5,common_tone,False,False
C dorian,G dorian,"C, D, F, G, A, A#",6,5.57,diatonic_common_tone,False,False
C dorian,G phrygian,"C, D, D#, F, G, A#",6,8.07,common_tone,False,False
C dorian,G lydian,"A, D, G",3,9.79,common_tone,False,False
C dorian,G mixolydian,"C, D, F, G, A",5,8.64,common_tone,False,False
C dorian,G locrian,"C, D#, F, G, A#",5,8.64,common_tone,False,False
C dorian,G harmonic_minor,"C, D, D#, G, A, A#",6,8.07,common_tone,False,False
C dorian,G melodic_minor,"C, D, G, A, A#",5,8.64,common_tone,False,False
C dorian,G# major,"C, D#, F, G, A#",5,7.14,common_tone,False,False
C dorian,G# minor,"A#, D#",2,10.36,distant_modulation,False,False
C dorian,G# dorian,"A#, D#, F",3,7.79,common_tone,False,False
C dorian,G# phrygian,"A, D#",2,10.36,distant_modulation,False,False
C dorian,G# lydian,"C, D, D#, F, G, A#",6,6.57,common_tone,False,False
C dorian,G# mixolydian,"C, A#, D#, F",4,7.71,common_tone,False,False
C dorian,G# locrian,"A, D",2,10.36,distant_modulation,False,False
C dorian,G# harmonic_minor,"A#, D#, G",3,8.29,common_tone,False,False
C dorian,G# melodic_minor,"A#, D#, F, G",4,7.71,common_tone,False,False
C dorian,A major,"A, D",2,8.86,distant_modulation,False,False
C dorian,A minor,"C, D, F, G, A",5,5.64,common_tone,False,False
C dorian,A dorian,"C, A, D, G",4,4.71,closely_related,False,False
C dorian,A phrygian,"C, D, F, G, A, A#",6,5.07,common_tone,False,False
C dorian,A lydian,"A, D#",2,8.86,distant_modulation,False,False
C dorian,A mixolydian,"A, D, G",3,6.79,common_tone,False,False
C dorian,A locrian,"C, D, D#, F, G, A, A#",7,4.5,common_tone,False,False
C dorian,A harmonic_minor,"C, A, D, F",4,6.21,common_tone,False,False
C dorian,A melodic_minor,"C, A, D",3,6.79,common_tone,False,False
C dorian,A# major,"C, D, D#, F, G, A, A#",7,3.0,common_tone,False,False
C dorian,A# minor,"C, A#, D#, F",4,4.71,common_tone,False,False
C dorian,A# dorian,"C, D#, F, G, A#",5,3.14,closely_related,False,False
C dorian,A# phrygian,"A#, D#, F",3,5.29,common_tone,False,False
C dorian,A# lydian,"C, D, F, G, A, A#",6,3.57,common_tone,False,False
C dorian,A# mixolydian,"C, D, D#, F, G, A#",6,3.57,common_tone,False,False
C dorian,A# locrian,"A#, D#",2,7.36,nearby_key,False,False
C dorian,A# harmonic_minor,"C, D#, F, A, A#",5,4.14,common_tone,False,False
C dorian,A# melodic_minor,"C, D#, F, G, A, A#",6,3.57,common_tone,False,False
C dorian,B major,"A#, D#",2,7.36,nearby_key,False,False
C dorian,B minor,"A, D, G",3,5.29,common_tone,False,False
C dorian,B dorian,"A, D",2,6.86,nearby_key,False,False
C dorian,B phrygian,"C, A, D, G",4,3.21,common_tone,False,False
C dorian,B lydian,"A#, D#, F",3,6.79,common_tone,False,False
C dorian,B mixolydian,"A, D#",2,7.36,nearby_key,False,False
C dorian,B locrian,"C, D, F, G, A",5,2.64,common_tone,False,False
C dorian,B harmonic_minor,"D, A#, G",3,5.29,common_tone,False,False
C dorian,B melodic_minor,"D, A#",2,7.36,nearby_key,False,False
C phrygian,C major,"C, F, G",3,2.29,common_tone,False,False
C phrygian,C minor,"C, D#, F, G, G#, A#",6,0.57,common_tone,False,False
C phrygian,C dorian,"C, D#, F, G, A#",5,1.14,common_tone,False,False
C phrygian,C lydian,"C, G",2,2.86,nearby_key,False,False
C phrygian,C mixolydian,"C, A#, F, G",4,1.71,common_tone,False,False
C phrygian,C locrian,"C, C#, D#, F, G#, A#",6,2.07,common_tone,False,False
C phrygian,C harmonic_minor,"C, D#, F, G, G#",5,1.14,common_tone,False,False
C phrygian,C melodic_minor,"C, D#, F, G",4,1.71,common_tone,False,False
C phrygian,C# major,"C, C#, D#, F, G#, A#",6,2.07,common_tone,False,False
C phrygian,C# minor,"G#, C#, D#",3,3.79,common_tone,False,False
C phrygian,C# dorian,"G#, C#, A#, D#",4,3.21,common_tone,False,False
C phrygian,C# phrygian,"G#, C#",2,3.86,nearby_key,False,False
C phrygian,C# lydian,"C, C#, D#, F, G, G#, A#",7,1.5,common_tone,False,False
C phrygian,C# mixolydian,"C#, D#, F, G#, A#",5,2.64,common_tone,False,False
C phrygian,C# locrian,"C#, G",2,4.36,nearby_key,False,False
C phrygian,C# harmonic_minor,"C, C#, D#, G#",4,3.21,common_tone,False,False
C phrygian,C# melodic_minor,"C, C#, D#, G#, A#",5,2.64,common_tone,False,False
C phrygian,D major,"C#, G",2,7.36,nearby_key,False,False
C phrygian,D minor,"C, A#, F, G",4,4.71,common_tone,False,False
C phrygian,D dorian,"C, F, G",3,5.29,common_tone,False,False
C phrygian,D phrygian,"C, D#, F, G, A#",5,3.14,closely_related,False,False
C phrygian,D lydian,"G#, C#",2,8.86,nearby_key,False,False
C phrygian,D mixolydian,"C, G",2,5.86,nearby_key,False,False
C phrygian,D locrian,"C, D#, F, G, G#, A#",6,3.57,common_tone,False,False
C phrygian,D harmonic_minor,"C#, A#, F, G",4,6.21,common_tone,False,False
C phrygian,D melodic_minor,"C#, F, G",3,6.79,common_tone,False,False
C phrygian,D# major,"C, D#, F, G, G#, A#",6,5.07,common_tone,False,False
C phrygian,D# minor,"C#, D#, F, G#, A#",5,5.64,common_tone,False,False
C phrygian,D# dorian,"C, C#, D#, F, G#, A#",6,5.07,common_tone,False,False
C phrygian,D# phrygian,"G#, C#, A#, D#",4,4.71,closely_related,False,False
C phrygian,D# lydian,"C, D#, F, G, A#",5,5.64,common_tone,False,False
C phrygian,D# mixolydian,"C, C#, D#, F, G, G#, A#",7,4.5,common_tone,False,False
C phrygian,D# locrian,"G#, C#, D#",3,8.29,common_tone,False,False
C phrygian,D# harmonic_minor,"G#, A#, D#, F",4,6.21,common_tone,False,False
C phrygian,D# melodic_minor,"C, D#, F, G#, A#",5,5.64,common_tone,False,False
C phrygian,E major,"G#, C#, D#",3,11.29,common_tone,False,False
C phrygian,E minor,"C, G",2,8.86,distant_modulation,False,False
C phrygian,E dorian,"C#, G",2,10.36,distant_modulation,False,False
C phrygian,E phrygian,"C, F, G",3,6.29,common_tone,False,False
C phrygian,E lydian,"G#, C#, A#, D#",4,10.71,common_tone,False,False
C phrygian,E mixolydian,"G#, C#",2,11.86,distant_modulation,False,False
C phrygian,E locrian,"C, A#, F, G",4,7.71,common_tone,False,False
C phrygian,E harmonic_minor,"C, D#, G",3,8.29,common_tone,False,False
C phrygian,E melodic_minor,"C#, D#, G",3,9.79,common_tone,False,False
C phrygian,F major,"C, A#, F, G",4,9.21,common_tone,False,False
C phrygian,F minor,"C, C#, D#, F, G, G#, A#",7,7.5,common_tone,False,False
C phrygian,F dorian,"C, D#, F, G, G#, A#",6,8.07,common_tone,False,False
C phrygian,F phrygian,"C, C#, D#, F, G#, A#",6,5.57,diatonic_common_tone,False,False
C phrygian,F lydian,"C, F, G",3,9.79,common_tone,False,False
C phrygian,F mixolydian,"C, D#, F, G, A#",5,8.64,common_tone,False,False
C phrygian,F locrian,"C#, D#, F, G#, A#",5,10.14,common_tone,False,False
C phrygian,F harmonic_minor,"C, C#, F, G, G#, A#",6,8.07,common_tone,False,False
C phrygian,F melodic_minor,"C, F, G, G#, A#",5,8.64,common_tone,False,False
C phrygian,F# major,"C#, D#, F, G#, A#",5,11.64,common_tone,False,False
C phrygian,F# minor,"G#, C#",2,13.36,distant_modulation,False,False
C phrygian,F# dorian,"G#, C#, D#",3,12.79,common_tone,False,False
C phrygian,F# phrygian,"C#, G",2,8.86,distant_modulation,False,False
C phrygian,F# lydian,"C, C#, D#, F, G#, A#",6,9.57,common_tone,False,False
C phrygian,F# mixolydian,"G#, C#, A#, D#",4,12.21,common_tone,False,False
C phrygian,F# locrian,"C, G",2,11.86,distant_modulation,False,False
C phrygian,F# harmonic_minor,"G#, C#, F",3,12.79,common_tone,False,False
C phrygian,F# melodic_minor,"G#, C#, D#, F",4,12.21,common_tone,False,False
C phrygian,G major,"C, G",2,10.36,distant_modulation,False,False
C phrygian,G minor,"C, D#, F, G, A#",5,8.64,common_tone,False,False
C phrygian,G dorian,"C, A#, F, G",4,9.21,common_tone,False,False
C phrygian,G phrygian,"C, D#, F, G, G#, A#",6,5.57,diatonic_common_tone,False,False
C phrygian,G lydian,"C#, G",2,11.86,distant_modulation,False,False
C phrygian,G mixolydian,"C, F, G",3,9.79,common_tone,False,False
C phrygian,G locrian,"C, C#, D#, F, G, G#, A#",7,7.5,common_tone,False,False
C phrygian,G harmonic_minor,"C, A#, D#, G",4,9.21,common_tone,False,False
C phrygian,G melodic_minor,"C, A#, G",3,9.79,common_tone,False,False
C phrygian,G# major,"C, C#, D#, F, G, G#, A#",7,6.0,common_tone,False,False
C phrygian,G# minor,"G#, C#, A#, D#",4,7.71,common_tone,False,False
C phrygian,G# dorian,"C#, D#, F, G#, A#",5,7.14,common_tone,False,False
C phrygian,G# phrygian,"G#, C#, D#",3,6.29,common_tone,False,False
C phrygian,G# lydian,"C, D#, F, G, G#, A#",6,6.57,common_tone,False,False
C phrygian,G# mixolydian,"C, C#, D#, F, G#, A#",6,6.57,common_tone,False,False
C phrygian,G# locrian,"G#, C#",2,10.36,distant_modulation,False,False
C phrygian,G# harmonic_minor,"C#, D#, G, G#, A#",5,7.14,common_tone,False,False
C phrygian,G# melodic_minor,"C#, D#, F, G, G#, A#",6,6.57,common_tone,False,False
C phrygian,A major,"G#, C#",2,10.36,distant_modulation,False,False
C phrygian,A minor,"C, F, G",3,6.79,common_tone,False,False
C phrygian,A dorian,"C, G",2,7.36,distant_modulation,False,False
C phrygian,A phrygian,"C, A#, F, G",4,4.71,closely_related,False,False
C phrygian,A lydian,"G#, C#, D#",3,9.79,common_tone,False,False
C phrygian,A mixolydian,"C#, G",2,8.86,distant_modulation,False,False
C phrygian,A locrian,"C, D#, F, G, A#",5,5.64,common_tone,False,False
C phrygian,A harmonic_minor,"C, G#, F",3,8.29,common_tone,False,False
C phrygian,A melodic_minor,"C, G#",2,8.86,distant_modulation,False,False
C phrygian,A# major,"C, D#, F, G, A#",5,4.14,common_tone,False,False
C phrygian,A# minor,"C, C#, D#, F, G#, A#",6,3.57,common_tone,False,False
C phrygian,A# dorian,"C, C#, D#, F, G, G#, A#",7,3.0,common_tone,False,False
C phrygian,A# phrygian,"C#, D#, F, G#, A#",5,3.14,closely_related,False,False
C phrygian,A# lydian,"C, A#, F, G",4,4.71,common_tone,False,False
C phrygian,A# mixolydian,"C, D#, F, G, G#, A#",6,3.57,common_tone,False,False
C phrygian,A# locrian,"G#, C#, A#, D#",4,6.21,common_tone,False,False
C phrygian,A# harmonic_minor,"C, C#, D#, F, A#",5,4.14,common_tone,False,False
C phrygian,A# melodic_minor,"C, C#, D#, F, G, A#",6,3.57,common_tone,False,False
C phrygian,B major,"G#, C#, A#, D#",4,6.21,common_tone,False,False
C phrygian,B minor,"C#, G",2,5.86,nearby_key,False,False
C phrygian,B dorian,"G#, C#",2,7.36,nearby_key,False,False
C phrygian,B phrygian,"C, G",2,3.86,nearby_key,False,False
C phrygian,B lydian,"C#, D#, F, G#, A#",5,5.64,common_tone,False,False
C phrygian,B mixolydian,"G#, C#, D#",3,6.79,common_tone,False,False
C phrygian,B locrian,"C, F, G",3,3.79,common_tone,False,False
C phrygian,B harmonic_minor,"C#, A#, G",3,5.29,common_tone,False,False
C phrygian,B melodic_minor,"G#, C#, A#",3,6.79,common_tone,False,False
C lydian,C major,"C, D, E, G, A, B",6,0.57,common_tone,False,False
C lydian,C minor,"C, D, G",3,2.29,common_tone,False,False
C lydian,C dorian,"C, A, D, G",4,1.71,common_tone,False,False
C lydian,C phrygian,"C, G",2,2.86,nearby_key,False,False
C lydian,C mixolydian,"C, D, E, G, A",5,1.14,common_tone,False,False
C lydian,C locrian,"C, F#",2,2.86,nearby_key,False,False
C lydian,C harmonic_minor,"C, D, B, G",4,1.71,common_tone,False,False
C lydian,C melodic_minor,"C, D, G, A, B",5,1.14,common_tone,False,False
C lydian,C# major,"C, F#",2,5.86,nearby_key,False,False
C lydian,C# minor,"A, B, E, F#",4,6.21,common_tone,False,False
C lydian,C# dorian,"B, E, F#",3,6.79,common_tone,False,False
C lydian,C# phrygian,"D, E, F#, A, B",5,5.64,common_tone,False,False
C lydian,C# lydian,"C, G",2,3.86,nearby_key,False,False
C lydian,C# mixolydian,"B, F#",2,7.36,nearby_key,False,False
C lydian,C# locrian,"D, E, F#, G, A, B",6,3.57,common_tone,False,False
C lydian,C# harmonic_minor,"C, A, E, F#",4,4.71,common_tone,False,False
C lydian,C# melodic_minor,"C, E, F#",3,5.29,common_tone,False,False
C lydian,D major,"D, E, F#, G, A, B",6,3.57,common_tone,False,False
C lydian,D minor,"C, D, E, G, A",5,4.14,common_tone,False,False
C lydian,D dorian,"C, D, E, G, A, B",6,3.57,common_tone,False,False
C lydian,D phrygian,"C, A, D, G",4,4.71,common_tone,False,False
C lydian,D lydian,"D, E, F#, A, B",5,3.14,closely_related,False,False
C lydian,D mixolydian,"C, D, E, F#, G, A, B",7,3.0,common_tone,False,False
C lydian,D locrian,"C, D, G",3,5.29,common_tone,False,False
C lydian,D harmonic_minor,"A, D, E, G",4,4.71,common_tone,False,False
C lydian,D melodic_minor,"D, E, G, A, B",5,4.14,common_tone,False,False
C lydian,D# major,"C, D, G",3,6.79,common_tone,False,False
C lydian,D# minor,"B, F#",2,10.36,distant_modulation,False,False
C lydian,D# dorian,"C, F#",2,8.86,distant_modulation,False,False
C lydian,D# phrygian,"B, E, F#",3,9.79,common_tone,False,False
C lydian,D# lydian,"C, A, D, G",4,4.71,closely_related,False,False
C lydian,D# mixolydian,"C, G",2,7.36,distant_modulation,False,False
C lydian,D# locrian,"A, B, E, F#",4,7.71,common_tone,False,False
C lydian,D# harmonic_minor,"D, B, F#",3,9.79,common_tone,False,False
C lydian,D# melodic_minor,"C, D, F#",3,8.29,common_tone,False,False
C lydian,E major,"A, B, E, F#",4,7.71,common_tone,False,False
C lydian,E minor,"C, D, E, F#, G, A, B",7,6.0,common_tone,False,False
C lydian,E dorian,"D, E, F#, G, A, B",6,6.57,common_tone,False,False
C lydian,E phrygian,"C, D, E, G, A, B",6,6.57,common_tone,False,False
C lydian,E lydian,"B, E, F#",3,6.29,common_tone,False,False
C lydian,E mixolydian,"D, E, F#, A, B",5,7.14,common_tone,False,False
C lydian,E locrian,"C, D, E, G, A",5,7.14,common_tone,False,False
C lydian,E harmonic_minor,"C, E, F#, G, A, B",6,6.57,common_tone,False,False
C lydian,E melodic_minor,"E, F#, G, A, B",5,7.14,common_tone,False,False
C lydian,F major,"C, D, E, G, A",5,8.64,common_tone,False,False
C lydian,F minor,"C, G",2,10.36,distant_modulation,False,False
C lydian,F dorian,"C, D, G",3,9.79,common_tone,False,False
C lydian,F phrygian,"C, F#",2,11.86,distant_modulation,False,False
C lydian,F lydian,"C, D, E, G, A, B",6,5.57,diatonic_common_tone,False,False
C lydian,F mixolydian,"C, A, D, G",4,9.21,common_tone,False,False
C lydian,F locrian,"B, F#",2,11.86,distant_modulation,False,False
C lydian,F harmonic_minor,"C, E, G",3,9.79,common_tone,False,False
C lydian,F melodic_minor,"C, D, E, G",4,9.21,common_tone,False,False
C lydian,F# major,"B, F#",2,13.36,distant_modulation,False,False
C lydian,F# minor,"D, E, F#, A, B",5,11.64,common_tone,False,False
C lydian,F# dorian,"A, B, E, F#",4,12.21,common_tone,False,False
C lydian,F# phrygian,"D, E, F#, G, A, B",6,9.57,common_tone,False,False
C lydian,F# lydian,"C, F#",2,8.86,distant_modulation,False,False
C lydian,F# mixolydian,"B, E, F#",3,12.79,common_tone,False,False
C lydian,F# locrian,"C, D, E, F#, G, A, B",7,9.0,common_tone,False,False
C lydian,F# harmonic_minor,"A, D, B, F#",4,12.21,common_tone,False,False
C lydian,F# melodic_minor,"A, B, F#",3,12.79,common_tone,False,False
C lydian,G major,"C, D, E, F#, G, A, B",7,7.5,common_tone,False,False
C lydian,G minor,"C, A, D, G",4,9.21,common_tone,False,False
C lydian,G dorian,"C, D, E, G, A",5,8.64,common_tone,False,False
C lydian,G phrygian,"C, D, G",3,9.79,common_tone,False,False
C lydian,G mixolydian,"C, D, E, G, A, B",6,8.07,common_tone,False,False
C lydian,G locrian,"C, G",2,10.36,distant_modulation,False,False
C lydian,G harmonic_minor,"C, D, F#, G, A",5,8.64,common_tone,False,False
C lydian,G melodic_minor,"C, D, E, F#, G, A",6,8.07,common_tone,False,False
C lydian,G# major,"C, G",2,8.86,distant_modulation,False,False
C lydian,G# minor,"B, E, F#",3,11.29,common_tone,False,False
C lydian,G# dorian,"B, F#",2,11.86,distant_modulation,False,False
C lydian,G# phrygian,"A, B, E, F#",4,10.71,common_tone,False,False
C lydian,G# lydian,"C, D, G",3,6.29,common_tone,False,False
C lydian,G# mixolydian,"C, F#",2,10.36,distant_modulation,False,False
C lydian,G# locrian,"D, E, F#, A, B",5,8.64,common_tone,False,False
C lydian,G# harmonic_minor,"B, E, G",3,9.79,common_tone,False,False
C lydian,G# melodic_minor,"B, G",2,10.36,distant_modulation,False,False
C lydian,A major,"D, E, F#, A, B",5,5.64,common_tone,False,False
C lydian,A minor,"C, D, E, G, A, B",6,5.07,common_tone,False,False
C lydian,A dorian,"C, D, E, F#, G, A, B",7,4.5,common_tone,False,False
C lydian,A phrygian,"C, D, E, G, A",5,5.64,common_tone,False,False
C lydian,A lydian,"A, B, E, F#",4,4.71,closely_related,False,False
C lydian,A mixolydian,"D, E, F#, G, A, B",6,5.07,common_tone,False,False
C lydian,A locrian,"C, A, D, G",4,6.21,common_tone,False,False
C lydian,A harmonic_minor,"C, D, E, A, B",5,5.64,common_tone,False,False
C lydian,A melodic_minor,"C, D, E, F#, A, B",6,5.07,common_tone,False,False
C lydian,A# major,"C, A, D, G",4,4.71,common_tone,False,False
C lydian,A# minor,"C, F#",2,7.36,nearby_key,False,False
C lydian,A# dorian,"C, G",2,5.86,nearby_key,False,False
C lydian,A# phrygian,"B, F#",2,8.86,nearby_key,False,False
C lydian,A# lydian,"C, D, E, G, A",5,3.14,closely_related,False,False
C lydian,A# mixolydian,"C, D, G",3,5.29,common_tone,False,False
C lydian,A# locrian,"B, E, F#",3,6.79,common_tone,False,False
C lydian,A# harmonic_minor,"C, A, F#",3,6.79,common_tone,False,False
C lydian,A# melodic_minor,"C, A, G",3,5.29,common_tone,False,False
C lydian,B major,"B, E, F#",3,3.79,common_tone,False,False
C lydian,B minor,"D, E, F#, G, A, B",6,2.07,common_tone,False,False
C lydian,B dorian,"D, E, F#, A, B",5,2.64,common_tone,False,False
C lydian,B phrygian,"C, D, E, F#, G, A, B",7,1.5,common_tone,False,False
C lydian,B lydian,"B, F#",2,3.86,nearby_key,False,False
C lydian,B mixolydian,"A, B, E, F#",4,3.21,common_tone,False,False
C lydian,B locrian,"C, D, E, G, A, B",6,2.07,common_tone,False,False
C lydian,B harmonic_minor,"D, E, F#, G, B",5,2.64,common_tone,False,False
C lydian,B melodic_minor,"D, B, E, F#",4,3.21,common_tone,False,False
C lydian,G lydian,"D, E, F#, G, A, B",6,5.57,diatonic_common_tone,False,False
C mixolydian,C major,"C, D, E, F, G, A",6,0.57,common_tone,False,False
C mixolydian,C minor,"C, D, F, G, A#",5,1.14,common_tone,False,False
C mixolydian,C dorian,"C, D, F, G, A, A#",6,0.57,common_tone,False,False
C mixolydian,C phrygian,"C, A#, F, G",4,1.71,common_tone,False,False
C mixolydian,C lydian,"C, D, E, G, A",5,1.14,common_tone,False,False
C mixolydian,C locrian,"C, A#, F",3,3.79,common_tone,False,False
C mixolydian,C harmonic_minor,"C, D, F, G",4,1.71,common_tone,False,False
C mixolydian,C melodic_minor,"C, D, F, G, A",5,1.14,common_tone,False,False
C mixolydian,C# major,"C, A#, F",3,5.29,common_tone,False,False
C mixolydian,C# minor,"A, E",2,7.36,nearby_key,False,False
C mixolydian,C# dorian,"A#, E",2,7.36,nearby_key,False,False
C mixolydian,C# phrygian,"A, D, E",3,6.79,common_tone,False,False
C mixolydian,C# lydian,"C, A#, F, G",4,3.21,common_tone,False,False
C mixolydian,C# mixolydian,"A#, F",2,6.86,nearby_key,False,False
C mixolydian,C# locrian,"A, D, E, G",4,4.71,common_tone,False,False
C mixolydian,C# harmonic_minor,"C, A, E",3,5.29,common_tone,False,False
C mixolydian,C# melodic_minor,"C, A#, E",3,5.29,common_tone,False,False
C mixolydian,D major,"A, D, E, G",4,4.71,common_tone,False,False
C mixolydian,D minor,"C, D, E, F, G, A, A#",7,3.0,common_tone,False,False
C mixolydian,D dorian,"C, D, E, F, G, A",6,3.57,common_tone,False,False
C mixolydian,D phrygian,"C, D, F, G, A, A#",6,3.57,common_tone,False,False
C mixolydian,D lydian,"A, D, E",3,5.29,common_tone,False,False
C mixolydian,D mixolydian,"C, D, E, G, A",5,3.14,closely_related,False,False
C mixolydian,D locrian,"C, D, F, G, A#",5,4.14,common_tone,False,False
C mixolydian,D harmonic_minor,"D, E, F, G, A, A#",6,3.57,common_tone,False,False
C mixolydian,D melodic_minor,"D, E, F, G, A",5,4.14,common_tone,False,False
C mixolydian,D# major,"C, D, F, G, A#",5,5.64,common_tone,False,False
C mixolydian,D# minor,"A#, F",2,8.86,distant_modulation,False,False
C mixolydian,D# dorian,"C, A#, F",3,6.79,common_tone,False,False
C mixolydian,D# phrygian,"A#, E",2,8.86,distant_modulation,False,False
C mixolydian,D# lydian,"C, D, F, G, A, A#",6,5.07,common_tone,False,False
C mixolydian,D# mixolydian,"C, A#, F, G",4,4.71,closely_related,False,False
C mixolydian,D# locrian,"A, E",2,8.86,distant_modulation,False,False
C mixolydian,D# harmonic_minor,"D, A#, F",3,8.29,common_tone,False,False
C mixolydian,D# melodic_minor,"C, D, A#, F",4,6.21,common_tone,False,False
C mixolydian,E major,"A, E",2,10.36,distant_modulation,False,False
C mixolydian,E minor,"C, D, E, G, A",5,7.14,common_tone,False,False
C mixolydian,E dorian,"A, D, E, G",4,7.71,common_tone,False,False
C mixolydian,E phrygian,"C, D, E, F, G, A",6,6.57,common_tone,False,False
C mixolydian,E lydian,"A#, E",2,10.36,distant_modulation,False,False
C mixolydian,E mixolydian,"A, D, E",3,7.79,common_tone,False,False
C mixolydian,E locrian,"C, D, E, F, G, A, A#",7,6.0,common_tone,False,False
C mixolydian,E harmonic_minor,"C, A, E, G",4,7.71,common_tone,False,False
C mixolydian,E melodic_minor,"A, E, G",3,8.29,common_tone,False,False
C mixolydian,F major,"C, D, E, F, G, A, A#",7,7.5,common_tone,False,False
C mixolydian,F minor,"C, A#, F, G",4,9.21,common_tone,False,False
C mixolydian,F dorian,"C, D, F, G, A#",5,8.64,common_tone,False,False
C mixolydian,F phrygian,"C, A#, F",3,9.79,common_tone,False,False
C mixolydian,F lydian,"C, D, E, F, G, A",6,8.07,common_tone,False,False
C mixolydian,F mixolydian,"C, D, F, G, A, A#",6,5.57,diatonic_common_tone,False,False
C mixolydian,F locrian,"A#, F",2,11.86,distant_modulation,False,False
C mixolydian,F harmonic_minor,"C, E, F, G, A#",5,8.64,common_tone,False,False
C mixolydian,F melodic_minor,"C, D, E, F, G, A#",6,8.07,common_tone,False,False
C mixolydian,F# major,"A#, F",2,14.86,distant_modulation,False,False
C mixolydian,F# minor,"A, D, E",3,14.29,common_tone,False,False
C mixolydian,F# dorian,"A, E",2,14.86,distant_modulation,False,False
C mixolydian,F# phrygian,"A, D, E, G",4,12.21,common_tone,False,False
C mixolydian,F# lydian,"C, A#, F",3,12.79,common_tone,False,False
C mixolydian,F# mixolydian,"A#, E",2,11.86,distant_modulation,False,False
C mixolydian,F# locrian,"C, D, E, G, A",5,10.14,common_tone,False,False
C mixolydian,F# harmonic_minor,"A, D, F",3,14.29,common_tone,False,False
C mixolydian,F# melodic_minor,"A, F",2,14.86,distant_modulation,False,False
C mixolydian,G major,"C, D, E, G, A",5,8.64,common_tone,False,False
C mixolydian,G minor,"C, D, F, G, A, A#",6,8.07,common_tone,False,False
C mixolydian,G dorian,"C, D, E, F, G, A, A#",7,7.5,common_tone,False,False
C mixolydian,G phrygian,"C, D, F, G, A#",5,8.64,common_tone,False,False
C mixolydian,G lydian,"A, D, E, G",4,9.21,common_tone,False,False
C mixolydian,G mixolydian,"C, D, E, F, G, A",6,5.57,diatonic_common_tone,False,False
C mixolydian,G locrian,"C, A#, F, G",4,9.21,common_tone,False,False
C mixolydian,G harmonic_minor,"C, D, G, A, A#",5,8.64,common_tone,False,False
C mixolydian,G melodic_minor,"C, D, E, G, A, A#",6,8.07,common_tone,False,False
C mixolydian,G# major,"C, A#, F, G",4,7.71,common_tone,False,False
C mixolydian,G# minor,"A#, E",2,11.86,distant_modulation,False,False
C mixolydian,G# dorian,"A#, F",2,11.86,distant_modulation,False,False
C mixolydian,G# phrygian,"A, E",2,11.86,distant_modulation,False,False
C mixolydian,G# lydian,"C, D, F, G, A#",5,7.14,common_tone,False,False
C mixolydian,G# mixolydian,"C, A#, F",3,7.79,common_tone,False,False
C mixolydian,G# locrian,"A, D, E",3,9.79,common_tone,False,False
C mixolydian,G# harmonic_minor,"A#, E, G",3,9.79,common_tone,False,False
C mixolydian,G# melodic_minor,"A#, F, G",3,9.79,common_tone,False,False
C mixolydian,A major,"A, D, E",3,6.79,common_tone,False,False
C mixolydian,A minor,"C, D, E, F, G, A",6,5.07,common_tone,False,False
C mixolydian,A dorian,"C, D, E, G, A",5,5.64,common_tone,False,False
C mixolydian,A phrygian,"C, D, E, F, G, A, A#",7,4.5,common_tone,False,False
C mixolydian,A lydian,"A, E",2,7.36,distant_modulation,False,False
C mixolydian,A mixolydian,"A, D, E, G",4,4.71,closely_related,False,False
C mixolydian,A locrian,"C, D, F, G, A, A#",6,5.07,common_tone,False,False
C mixolydian,A harmonic_minor,"C, D, E, F, A",5,5.64,common_tone,False,False
C mixolydian,A melodic_minor,"C, A, D, E",4,6.21,common_tone,False,False
C mixolydian,A# major,"C, D, F, G, A, A#",6,3.57,common_tone,False,False
C mixolydian,A# minor,"C, A#, F",3,5.29,common_tone,False,False
C mixolydian,A# dorian,"C, A#, F, G",4,4.71,common_tone,False,False
C mixolydian,A# phrygian,"A#, F",2,5.86,nearby_key,False,False
C mixolydian,A# lydian,"C, D, E, F, G, A, A#",7,3.0,common_tone,False,False
C mixolydian,A# mixolydian,"C, D, F, G, A#",5,3.14,closely_related,False,False
C mixolydian,A# locrian,"A#, E",2,5.86,nearby_key,False,False
C mixolydian,A# harmonic_minor,"C, A, A#, F",4,4.71,common_tone,False,False
C mixolydian,A# melodic_minor,"C, F, G, A, A#",5,4.14,common_tone,False,False
C mixolydian,B major,"A#, E",2,7.36,nearby_key,False,False
C mixolydian,B minor,"A, D, E, G",4,4.71,common_tone,False,False
C mixolydian,B dorian,"A, D, E",3,6.79,common_tone,False,False
C mixolydian,B phrygian,"C, D, E, G, A",5,2.64,common_tone,False,False
C mixolydian,B lydian,"A#, F",2,7.36,nearby_key,False,False
C mixolydian,B mixolydian,"A, E",2,6.86,nearby_key,False,False
C mixolydian,B locrian,"C, D, E, F, G, A",6,2.07,common_tone,False,False
C mixolydian,B harmonic_minor,"D, A#, E, G",4,4.71,common_tone,False,False
C mixolydian,B melodic_minor,"D, A#, E",3,6.79,common_tone,False,False
C locrian,C major,"C, F",2,4.36,nearby_key,False,False
C locrian,C minor,"C, D#, F, G#, A#",5,2.64,common_tone,False,False
C locrian,C dorian,"C, A#, D#, F",4,3.21,common_tone,False,False
C locrian,C phrygian,"C, C#, D#, F, G#, A#",6,2.07,common_tone,False,False
C locrian,C lydian,"C, F#",2,2.86,nearby_key,False,False
C locrian,C mixolydian,"C, A#, F",3,3.79,common_tone,False,False
C locrian,C harmonic_minor,"C, G#, D#, F",4,3.21,common_tone,False,False
C locrian,C melodic_minor,"C, D#, F",3,3.79,common_tone,False,False
C locrian,C# major,"C, C#, D#, F, F#, G#, A#",7,1.5,common_tone,False,False
C locrian,C# minor,"G#, C#, D#, F#",4,3.21,common_tone,False,False
C locrian,C# dorian,"C#, D#, F#, G#, A#",5,2.64,common_tone,False,False
C locrian,C# phrygian,"G#, C#, F#",3,3.79,common_tone,False,False
C locrian,C# lydian,"C, C#, D#, F, G#, A#",6,2.07,common_tone,False,False
C locrian,C# mixolydian,"C#, D#, F, F#, G#, A#",6,2.07,common_tone,False,False
C locrian,C# locrian,"C#, F#",2,3.86,nearby_key,False,False
C locrian,C# harmonic_minor,"C, C#, D#, F#, G#",5,2.64,common_tone,False,False
C locrian,C# melodic_minor,"C, C#, D#, F#, G#, A#",6,2.07,common_tone,False,False
C locrian,D major,"C#, F#",2,7.36,nearby_key,False,False
C locrian,D minor,"C, A#, F",3,6.79,common_tone,False,False
C locrian,D dorian,"C, F",2,7.36,nearby_key,False,False
C locrian,D phrygian,"C, A#, D#, F",4,6.21,common_tone,False,False
C locrian,D lydian,"G#, C#, F#",3,6.79,common_tone,False,False
C locrian,D mixolydian,"C, F#",2,5.86,nearby_key,False,False
C locrian,D locrian,"C, D#, F, G#, A#",5,3.14,closely_related,False,False
C locrian,D harmonic_minor,"C#, A#, F",3,8.29,common_tone,False,False
C locrian,D melodic_minor,"C#, F",2,8.86,nearby_key,False,False
C locrian,D# major,"C, D#, F, G#, A#",5,5.64,common_tone,False,False
C locrian,D# minor,"C#, D#, F, F#, G#, A#",6,5.07,common_tone,False,False
C locrian,D# dorian,"C, C#, D#, F, F#, G#, A#",7,4.5,common_tone,False,False
C locrian,D# phrygian,"C#, D#, F#, G#, A#",5,5.64,common_tone,False,False
C locrian,D# lydian,"C, A#, D#, F",4,6.21,common_tone,False,False
C locrian,D# mixolydian,"C, C#, D#, F, G#, A#",6,5.07,common_tone,False,False
C locrian,D# locrian,"G#, C#, D#, F#",4,4.71,closely_related,False,False
C locrian,D# harmonic_minor,"D#, F, F#, G#, A#",5,5.64,common_tone,False,False
C locrian,D# melodic_minor,"C, D#, F, F#, G#, A#",6,5.07,common_tone,False,False
C locrian,E major,"G#, C#, D#, F#",4,9.21,common_tone,False,False
C locrian,E minor,"C, F#",2,8.86,distant_modulation,False,False
C locrian,E dorian,"C#, F#",2,10.36,distant_modulation,False,False
C locrian,E phrygian,"C, F",2,10.36,distant_modulation,False,False
C locrian,E lydian,"C#, D#, F#, G#, A#",5,8.64,common_tone,False,False
C locrian,E mixolydian,"G#, C#, F#",3,9.79,common_tone,False,False
C locrian,E locrian,"C, A#, F",3,6.29,common_tone,False,False
C locrian,E harmonic_minor,"C, D#, F#",3,8.29,common_tone,False,False
C locrian,E melodic_minor,"C#, D#, F#",3,9.79,common_tone,False,False
C locrian,F major,"C, A#, F",3,9.79,common_tone,False,False
C locrian,F minor,"C, C#, D#, F, G#, A#",6,8.07,common_tone,False,False
C locrian,F dorian,"C, D#, F, G#, A#",5,8.64,common_tone,False,False
C locrian,F phrygian,"C, C#, D#, F, F#, G#, A#",7,7.5,common_tone,False,False
C locrian,F lydian,"C, F",2,10.36,distant_modulation,False,False
C locrian,F mixolydian,"C, A#, D#, F",4,9.21,common_tone,False,False
C locrian,F locrian,"C#, D#, F, F#, G#, A#",6,5.57,diatonic_common_tone,False,False
C locrian,F harmonic_minor,"C, C#, F, G#, A#",5,8.64,common_tone,False,False
C locrian,F melodic_minor,"C, G#, A#, F",4,9.21,common_tone,False,False
C locrian,F# major,"C#, D#, F, F#, G#, A#",6,9.57,common_tone,False,False
C locrian,F# minor,"G#, C#, F#",3,11.29,common_tone,False,False
C locrian,F# dorian,"G#, C#, D#, F#",4,10.71,common_tone,False,False
C locrian,F# phrygian,"C#, F#",2,11.86,distant_modulation,False,False
C locrian,F# lydian,"C, C#, D#, F, F#, G#, A#",7,9.0,common_tone,False,False
C locrian,F# mixolydian,"C#, D#, F#, G#, A#",5,10.14,common_tone,False,False
C locrian,F# locrian,"C, F#",2,8.86,distant_modulation,False,False
C locrian,F# harmonic_minor,"G#, C#, F, F#",4,10.71,common_tone,False,False
C locrian,F# melodic_minor,"C#, D#, F, F#, G#",5,10.14,common_tone,False,False
C locrian,G major,"C, F#",2,10.36,distant_modulation,False,False
C locrian,G minor,"C, A#, D#, F",4,10.71,common_tone,False,False
C locrian,G dorian,"C, A#, F",3,11.29,common_tone,False,False
C locrian,G phrygian,"C, D#, F, G#, A#",5,10.14,common_tone,False,False
C locrian,G lydian,"C#, F#",2,11.86,distant_modulation,False,False
C locrian,G mixolydian,"C, F",2,11.86,distant_modulation,False,False
C locrian,G locrian,"C, C#, D#, F, G#, A#",6,5.57,diatonic_common_tone,False,False
C locrian,G harmonic_minor,"C, A#, D#, F#",4,9.21,common_tone,False,False
C locrian,G melodic_minor,"C, A#, F#",3,9.79,common_tone,False,False
C locrian,G# major,"C, C#, D#, F, G#, A#",6,6.57,common_tone,False,False
C locrian,G# minor,"C#, D#, F#, G#, A#",5,7.14,common_tone,False,False
C locrian,G# dorian,"C#, D#, F, F#, G#, A#",6,6.57,common_tone,False,False
C locrian,G# phrygian,"G#, C#, D#, F#",4,7.71,common_tone,False,False
C locrian,G# lydian,"C, D#, F, G#, A#",5,7.14,common_tone,False,False
C locrian,G# mixolydian,"C, C#, D#, F, F#, G#, A#",7,6.0,common_tone,False,False
C locrian,G# locrian,"G#, C#, F#",3,6.29,common_tone,False,False
C locrian,G# harmonic_minor,"G#, C#, A#, D#",4,7.71,common_tone,False,False
C locrian,G# melodic_minor,"C#, D#, F, G#, A#",5,7.14,common_tone,False,False
C locrian,A major,"G#, C#, F#",3,8.29,common_tone,False,False
C locrian,A minor,"C, F",2,8.86,distant_modulation,False,False
C locrian,A dorian,"C, F#",2,7.36,distant_modulation,False,False
C locrian,A phrygian,"C, A#, F",3,8.29,common_tone,False,False
C locrian,A lydian,"G#, C#, D#, F#",4,7.71,common_tone,False,False
C locrian,A mixolydian,"C#, F#",2,8.86,distant_modulation,False,False
C locrian,A locrian,"C, A#, D#, F",4,4.71,closely_related,False,False
C locrian,A harmonic_minor,"C, G#, F",3,8.29,common_tone,False,False
C locrian,A melodic_minor,"C, G#, F#",3,6.79,common_tone,False,False
C locrian,A# major,"C, A#, D#, F",4,4.71,common_tone,False,False
C locrian,A# minor,"C, C#, D#, F, F#, G#, A#",7,3.0,common_tone,False,False
C locrian,A# dorian,"C, C#, D#, F, G#, A#",6,3.57,common_tone,False,False
C locrian,A# phrygian,"C#, D#, F, F#, G#, A#",6,3.57,common_tone,False,False
C locrian,A# lydian,"C, A#, F",3,5.29,common_tone,False,False
C locrian,A# mixolydian,"C, D#, F, G#, A#",5,4.14,common_tone,False,False
C locrian,A# locrian,"C#, D#, F#, G#, A#",5,3.14,closely_related,False,False
C locrian,A# harmonic_minor,"C, C#, D#, F, F#, A#",6,3.57,common_tone,False,False
C locrian,A# melodic_minor,"C, C#, D#, F, A#",5,4.14,common_tone,False,False
C locrian,B major,"C#, D#, F#, G#, A#",5,4.14,common_tone,False,False
C locrian,B minor,"C#, F#",2,5.86,nearby_key,False,False
C locrian,B dorian,"G#, C#, F#",3,5.29,common_tone,False,False
C locrian,B phrygian,"C, F#",2,4.36,nearby_key,False,False
C locrian,B lydian,"C#, D#, F, F#, G#, A#",6,3.57,common_tone,False,False
C locrian,B mixolydian,"G#, C#, D#, F#",4,4.71,common_tone,False,False
C locrian,B locrian,"C, F",2,3.86,nearby_key,False,False
C locrian,B harmonic_minor,"C#, A#, F#",3,5.29,common_tone,False,False
C locrian,B melodic_minor,"G#, C#, A#, F#",4,4.71,common_tone,False,False
C harmonic_minor,C major,"C, D, F, G, B",5,1.14,common_tone,False,False
C harmonic_minor,C minor,"C, D, D#, F, G, G#",6,0.57,common_tone,False,False
C harmonic_minor,C dorian,"C, D, D#, F, G",5,1.14,common_tone,False,False
C harmonic_minor,C phrygian,"C, D#, F, G, G#",5,1.14,common_tone,False,False
C harmonic_minor,C lydian,"C, D, B, G",4,1.71,common_tone,False,False
C harmonic_minor,C mixolydian,"C, D, F, G",4,1.71,common_tone,False,False
C harmonic_minor,C locrian,"C, G#, D#, F",4,3.21,common_tone,False,False
C harmonic_minor,C melodic_minor,"C, D, D#, F, G, B",6,0.57,common_tone,False,False
C harmonic_minor,C# major,"C, G#, D#, F",4,3.21,common_tone,False,False
C harmonic_minor,C# minor,"G#, B, D#",3,5.29,common_tone,False,False
C harmonic_minor,C# dorian,"G#, B, D#",3,5.29,common_tone,False,False
C harmonic_minor,C# phrygian,"G#, D, B",3,5.29,common_tone,False,False
C harmonic_minor,C# lydian,"C, D#, F, G, G#",5,2.64,common_tone,False,False
C harmonic_minor,C# mixolydian,"G#, B, D#, F",4,4.71,common_tone,False,False
C harmonic_minor,C# locrian,"D, B, G",3,5.29,common_tone,False,False
C harmonic_minor,C# harmonic_minor,"C, G#, D#",3,3.29,common_tone,False,False
C harmonic_minor,C# melodic_minor,"C, G#, D#",3,3.79,common_tone,False,False
C harmonic_minor,D major,"D, B, G",3,5.29,common_tone,False,False
C harmonic_minor,D minor,"C, D, F, G",4,4.71,common_tone,False,False
C harmonic_minor,D dorian,"C, D, F, G, B",5,4.14,common_tone,False,False
C harmonic_minor,D phrygian,"C, D, D#, F, G",5,4.14,common_tone,False,False
C harmonic_minor,D lydian,"G#, D, B",3,6.79,common_tone,False,False
C harmonic_minor,D mixolydian,"C, D, B, G",4,4.71,common_tone,False,False
C harmonic_minor,D locrian,"C, D, D#, F, G, G#",6,3.57,common_tone,False,False
C harmonic_minor,D harmonic_minor,"D, F, G",3,4.29,common_tone,False,False
C harmonic_minor,D melodic_minor,"D, B, F, G",4,4.71,common_tone,False,False
C harmonic_minor,D# major,"C, D, D#, F, G, G#",6,5.07,common_tone,False,False
C harmonic_minor,D# minor,"G#, B, D#, F",4,7.71,common_tone,False,False
C harmonic_minor,D# dorian,"C, G#, D#, F",4,6.21,common_tone,False,False
C harmonic_minor,D# phrygian,"G#, B, D#",3,8.29,common_tone,False,False
C harmonic_minor,D# lydian,"C, D, D#, F, G",5,5.64,common_tone,False,False
C harmonic_minor,D# mixolydian,"C, D#, F, G, G#",5,5.64,common_tone,False,False
C harmonic_minor,D# locrian,"G#, B, D#",3,8.29,common_tone,False,False
C harmonic_minor,D# harmonic_minor,"D, D#, F, G#, B",5,5.64,closely_related,False,False
C harmonic_minor,D# melodic_minor,"C, D, D#, F, G#",5,5.64,common_tone,False,False
C harmonic_minor,E major,"G#, B, D#",3,9.79,common_tone,False,False
C harmonic_minor,E minor,"C, D, B, G",4,7.71,common_tone,False,False
C harmonic_minor,E dorian,"D, B, G",3,8.29,common_tone,False,False
C harmonic_minor,E phrygian,"C, D, F, G, B",5,7.14,common_tone,False,False
C harmonic_minor,E lydian,"G#, B, D#",3,9.79,common_tone,False,False
C harmonic_minor,E mixolydian,"G#, D, B",3,9.79,common_tone,False,False
C harmonic_minor,E locrian,"C, D, F, G",4,7.71,common_tone,False,False
C harmonic_minor,E harmonic_minor,"C, B, D#, G",4,5.71,closely_related,False,False
C harmonic_minor,E melodic_minor,"B, D#, G",3,8.29,common_tone,False,False
C harmonic_minor,F major,"C, D, F, G",4,9.21,common_tone,False,False
C harmonic_minor,F minor,"C, D#, F, G, G#",5,8.64,common_tone,False,False
C harmonic_minor,F dorian,"C, D, D#, F, G, G#",6,8.07,common_tone,False,False
C harmonic_minor,F phrygian,"C, G#, D#, F",4,9.21,common_tone,False,False
C harmonic_minor,F lydian,"C, D, F, G, B",5,8.64,common_tone,False,False
C harmonic_minor,F mixolydian,"C, D, D#, F, G",5,8.64,common_tone,False,False
C harmonic_minor,F locrian,"G#, B, D#, F",4,9.21,common_tone,False,False
C harmonic_minor,F harmonic_minor,"C, G#, F, G",4,6.71,closely_related,False,False
C harmonic_minor,F melodic_minor,"C, D, F, G, G#",5,8.64,common_tone,False,False
C harmonic_minor,F# major,"G#, B, D#, F",4,13.71,common_tone,False,False
C harmonic_minor,F# minor,"G#, D, B",3,14.29,common_tone,False,False
C harmonic_minor,F# dorian,"G#, B, D#",3,14.29,common_tone,False,False
C harmonic_minor,F# phrygian,"D, B, G",3,12.79,common_tone,False,False
C harmonic_minor,F# lydian,"C, G#, D#, F",4,12.21,common_tone,False,False
C harmonic_minor,F# mixolydian,"G#, B, D#",3,14.29,common_tone,False,False
C harmonic_minor,F# locrian,"C, D, B, G",4,10.71,common_tone,False,False
C harmonic_minor,F# harmonic_minor,"G#, D, B, F",4,10.71,closely_related,False,False
C harmonic_minor,F# melodic_minor,"G#, B, D#, F",4,13.71,common_tone,False,False
C harmonic_minor,G major,"C, D, B, G",4,9.21,common_tone,False,False
C harmonic_minor,G minor,"C, D, D#, F, G",5,8.64,common_tone,False,False
C harmonic_minor,G dorian,"C, D, F, G",4,9.21,common_tone,False,False
C harmonic_minor,G phrygian,"C, D, D#, F, G, G#",6,8.07,common_tone,False,False
C harmonic_minor,G lydian,"D, B, G",3,9.79,common_tone,False,False
C harmonic_minor,G mixolydian,"C, D, F, G, B",5,8.64,common_tone,False,False
C harmonic_minor,G locrian,"C, D#, F, G, G#",5,8.64,common_tone,False,False
C harmonic_minor,G harmonic_minor,"C, D, D#, G",4,6.71,closely_related,False,False
C harmonic_minor,G melodic_minor,"C, D, G",3,9.79,common_tone,False,False
C harmonic_minor,G# major,"C, D#, F, G, G#",5,7.14,common_tone,False,False
C harmonic_minor,G# minor,"G#, B, D#",3,8.29,common_tone,False,False
C harmonic_minor,G# dorian,"G#, B, D#, F",4,7.71,common_tone,False,False
C harmonic_minor,G# phrygian,"G#, B, D#",3,8.29,common_tone,False,False
C harmonic_minor,G# lydian,"C, D, D#, F, G, G#",6,6.57,common_tone,False,False
C harmonic_minor,G# mixolydian,"C, G#, D#, F",4,7.71,common_tone,False,False
C harmonic_minor,G# locrian,"G#, D, B",3,8.29,common_tone,False,False
C harmonic_minor,G# harmonic_minor,"G#, B, D#, G",4,5.71,closely_related,False,False
C harmonic_minor,G# melodic_minor,"D#, F, G, G#, B",5,7.14,common_tone,False,False
C harmonic_minor,A major,"G#, D, B",3,9.79,common_tone,False,False
C harmonic_minor,A minor,"C, D, F, G, B",5,5.64,common_tone,False,False
C harmonic_minor,A dorian,"C, D, B, G",4,6.21,common_tone,False,False
C harmonic_minor,A phrygian,"C, D, F, G",4,6.21,common_tone,False,False
C harmonic_minor,A lydian,"G#, B, D#",3,9.79,common_tone,False,False
C harmonic_minor,A mixolydian,"D, B, G",3,8.29,common_tone,False,False
C harmonic_minor,A locrian,"C, D, D#, F, G",5,5.64,common_tone,False,False
C harmonic_minor,A harmonic_minor,"C, D, F, G#, B",5,5.64,closely_related,False,False
C harmonic_minor,A melodic_minor,"C, G#, D, B",4,7.71,common_tone,False,False
C harmonic_minor,A# major,"C, D, D#, F, G",5,4.14,common_tone,False,False
C harmonic_minor,A# minor,"C, G#, D#, F",4,4.71,common_tone,False,False
C harmonic_minor,A# dorian,"C, D#, F, G, G#",5,4.14,common_tone,False,False
C harmonic_minor,A# phrygian,"G#, B, D#, F",4,6.21,common_tone,False,False
C harmonic_minor,A# lydian,"C, D, F, G",4,4.71,common_tone,False,False
C harmonic_minor,A# mixolydian,"C, D, D#, F, G, G#",6,3.57,common_tone,False,False
C harmonic_minor,A# locrian,"G#, B, D#",3,8.29,common_tone,False,False
C harmonic_minor,A# harmonic_minor,"C, D#, F",3,4.29,common_tone,False,False
C harmonic_minor,A# melodic_minor,"C, D#, F, G",4,4.71,common_tone,False,False
C harmonic_minor,B major,"G#, B, D#",3,5.29,common_tone,False,False
C harmonic_minor,B minor,"D, B, G",3,3.79,common_tone,False,False
C harmonic_minor,B dorian,"G#, D, B",3,5.29,common_tone,False,False
C harmonic_minor,B phrygian,"C, D, B, G",4,3.21,common_tone,False,False
C harmonic_minor,B lydian,"G#, B, D#, F",4,4.71,common_tone,False,False
C harmonic_minor,B mixolydian,"G#, B, D#",3,5.29,common_tone,False,False
C harmonic_minor,B locrian,"C, D, F, G, B",5,2.64,common_tone,False,False
C harmonic_minor,B harmonic_minor,"D, B, G",3,3.29,common_tone,False,False
C harmonic_minor,B melodic_minor,"G#, D, B",3,5.29,common_tone,False,False
C melodic_minor,C major,"C, D, F, G, A, B",6,0.57,common_tone,False,False
C melodic_minor,C minor,"C, D, D#, F, G",5,1.14,common_tone,False,False
C melodic_minor,C dorian,"C, D, D#, F, G, A",6,0.57,common_tone,False,False
C melodic_minor,C phrygian,"C, D#, F, G",4,1.71,common_tone,False,False
C melodic_minor,C lydian,"C, D, G, A, B",5,1.14,common_tone,False,False
C melodic_minor,C mixolydian,"C, D, F, G, A",5,1.14,common_tone,False,False
C melodic_minor,C locrian,"C, D#, F",3,3.79,common_tone,False,False
C melodic_minor,C harmonic_minor,"C, D, D#, F, G, B",6,0.57,common_tone,False,False
C melodic_minor,C# major,"C, D#, F",3,5.29,common_tone,False,False
C melodic_minor,C# minor,"B, A, D#",3,6.79,common_tone,False,False
C melodic_minor,C# dorian,"B, D#",2,7.36,nearby_key,False,False
C melodic_minor,C# phrygian,"A, D, B",3,6.79,common_tone,False,False
C melodic_minor,C# lydian,"C, D#, F, G",4,3.21,common_tone,False,False
C melodic_minor,C# mixolydian,"B, D#, F",3,6.79,common_tone,False,False
C melodic_minor,C# locrian,"A, D, B, G",4,4.71,common_tone,False,False
C melodic_minor,C# harmonic_minor,"C, A, D#",3,5.29,common_tone,False,False
C melodic_minor,C# melodic_minor,"C, D#",2,5.36,nearby_key,False,False
C melodic_minor,D major,"A, D, B, G",4,4.71,common_tone,False,False
C melodic_minor,D minor,"C, D, F, G, A",5,4.14,common_tone,False,False
C melodic_minor,D dorian,"C, D, F, G, A, B",6,3.57,common_tone,False,False
C melodic_minor,D phrygian,"C, D, D#, F, G, A",6,3.57,common_tone,False,False
C melodic_minor,D lydian,"A, D, B",3,5.29,common_tone,False,False
C melodic_minor,D mixolydian,"C, D, G, A, B",5,4.14,common_tone,False,False
C melodic_minor,D locrian,"C, D, D#, F, G",5,4.14,common_tone,False,False
C melodic_minor,D harmonic_minor,"A, D, F, G",4,4.71,common_tone,False,False
C melodic_minor,D melodic_minor,"D, F, G, A, B",5,3.14,closely_related,False,False
C melodic_minor,D# major,"C, D, D#, F, G",5,5.64,common_tone,False,False
C melodic_minor,D# minor,"B, D#, F",3,8.29,common_tone,False,False
C melodic_minor,D# dorian,"C, D#, F",3,6.79,common_tone,False,False
C melodic_minor,D# phrygian,"B, D#",2,8.86,distant_modulation,False,False
C melodic_minor,D# lydian,"C, D, D#, F, G, A",6,5.07,common_tone,False,False
C melodic_minor,D# mixolydian,"C, D#, F, G",4,6.21,common_tone,False,False
C melodic_minor,D# locrian,"B, A, D#",3,6.79,common_tone,False,False
C melodic_minor,D# harmonic_minor,"B, D, D#, F",4,7.71,common_tone,False,False
C melodic_minor,D# melodic_minor,"C, D, D#, F",4,4.71,closely_related,False,False
C melodic_minor,E major,"B, A, D#",3,9.79,common_tone,False,False
C melodic_minor,E minor,"C, D, G, A, B",5,7.14,common_tone,False,False
C melodic_minor,E dorian,"A, D, B, G",4,7.71,common_tone,False,False
C melodic_minor,E phrygian,"C, D, F, G, A, B",6,6.57,common_tone,False,False
C melodic_minor,E lydian,"B, D#",2,10.36,distant_modulation,False,False
C melodic_minor,E mixolydian,"A, D, B",3,9.79,common_tone,False,False
C melodic_minor,E locrian,"C, D, F, G, A",5,7.14,common_tone,False,False
C melodic_minor,E harmonic_minor,"C, D#, G, A, B",5,7.14,common_tone,False,False
C melodic_minor,E melodic_minor,"B, A, D#, G",4,5.71,closely_related,False,False
C melodic_minor,F major,"C, D, F, G, A",5,8.64,common_tone,False,False
C melodic_minor,F minor,"C, D#, F, G",4,9.21,common_tone,False,False
C melodic_minor,F dorian,"C, D, D#, F, G",5,8.64,common_tone,False,False
C melodic_minor,F phrygian,"C, D#, F",3,9.79,common_tone,False,False
C melodic_minor,F lydian,"C, D, F, G, A, B",6,8.07,common_tone,False,False
C melodic_minor,F mixolydian,"C, D, D#, F, G, A",6,8.07,common_tone,False,False
C melodic_minor,F locrian,"B, D#, F",3,9.79,common_tone,False,False
C melodic_minor,F harmonic_minor,"C, F, G",3,9.79,common_tone,False,False
C melodic_minor,F melodic_minor,"C, D, F, G",4,6.71,closely_related,False,False
C melodic_minor,F# major,"B, D#, F",3,14.29,common_tone,False,False
C melodic_minor,F# minor,"A, D, B",3,14.29,common_tone,False,False
C melodic_minor,F# dorian,"B, A, D#",3,14.29,common_tone,False,False
C melodic_minor,F# phrygian,"A, D, B, G",4,12.21,common_tone,False,False
C melodic_minor,F# lydian,"C, D#, F",3,12.79,common_tone,False,False
C melodic_minor,F# mixolydian,"B, D#",2,14.86,distant_modulation,False,False
C melodic_minor,F# locrian,"C, D, G, A, B",5,10.14,common_tone,False,False
C melodic_minor,F# harmonic_minor,"A, D, B, F",4,13.71,common_tone,False,False
C melodic_minor,F# melodic_minor,"B, A, D#, F",4,10.71,closely_related,False,False
C melodic_minor,G major,"C, D, G, A, B",5,8.64,common_tone,False,False
C melodic_minor,G minor,"C, D, D#, F, G, A",6,8.07,common_tone,False,False
C melodic_minor,G dorian,"C, D, F, G, A",5,8.64,common_tone,False,False
C melodic_minor,G phrygian,"C, D, D#, F, G",5,8.64,common_tone,False,False
C melodic_minor,G lydian,"A, D, B, G",4,9.21,common_tone,False,False
C melodic_minor,G mixolydian,"C, D, F, G, A, B",6,8.07,common_tone,False,False
C melodic_minor,G locrian,"C, D#, F, G",4,9.21,common_tone,False,False
C melodic_minor,G harmonic_minor,"C, D, D#, G, A",5,8.64,common_tone,False,False
C melodic_minor,G melodic_minor,"C, A, D, G",4,6.71,closely_related,False,False
C melodic_minor,G# major,"C, D#, F, G",4,7.71,common_tone,False,False
C melodic_minor,G# minor,"B, D#",2,10.36,distant_modulation,False,False
C melodic_minor,G# dorian,"B, D#, F",3,9.79,common_tone,False,False
C melodic_minor,G# phrygian,"B, A, D#",3,9.79,common_tone,False,False
C melodic_minor,G# lydian,"C, D, D#, F, G",5,7.14,common_tone,False,False
C melodic_minor,G# mixolydian,"C, D#, F",3,8.29,common_tone,False,False
C melodic_minor,G# locrian,"A, D, B",3,9.79,common_tone,False,False
C melodic_minor,G# harmonic_minor,"B, D#, G",3,8.29,common_tone,False,False
C melodic_minor,G# melodic_minor,"B, D#, F, G",4,5.71,closely_related,False,False
C melodic_minor,A major,"A, D, B",3,8.29,common_tone,False,False
C melodic_minor,A minor,"C, D, F, G, A, B",6,5.07,common_tone,False,False
C melodic_minor,A dorian,"C, D, G, A, B",5,5.64,common_tone,False,False
C melodic_minor,A phrygian,"C, D, F, G, A",5,5.64,common_tone,False,False
C melodic_minor,A lydian,"B, A, D#",3,8.29,common_tone,False,False
C melodic_minor,A mixolydian,"A, D, B, G",4,6.21,common_tone,False,False
C melodic_minor,A locrian,"C, D, D#, F, G, A",6,5.07,common_tone,False,False
C melodic_minor,A harmonic_minor,"C, D, F, A, B",5,5.64,common_tone,False,False
C melodic_minor,A melodic_minor,"C, A, D, B",4,4.71,closely_related,False,False
C melodic_minor,A# major,"C, D, D#, F, G, A",6,3.57,common_tone,False,False
C melodic_minor,A# minor,"C, D#, F",3,5.29,common_tone,False,False
C melodic_minor,A# dorian,"C, D#, F, G",4,4.71,common_tone,False,False
C melodic_minor,A# phrygian,"B, D#, F",3,6.79,common_tone,False,False
C melodic_minor,A# lydian,"C, D, F, G, A",5,4.14,common_tone,False,False
C melodic_minor,A# mixolydian,"C, D, D#, F, G",5,4.14,common_tone,False,False
C melodic_minor,A# locrian,"B, D#",2,8.86,nearby_key,False,False
C melodic_minor,A# harmonic_minor,"C, A, D#, F",4,4.71,common_tone,False,False
C melodic_minor,A# melodic_minor,"C, D#, F, G, A",5,3.14,closely_related,False,False
C melodic_minor,B major,"B, D#",2,5.86,nearby_key,False,False
C melodic_minor,B minor,"A, D, B, G",4,3.21,common_tone,False,False
C melodic_minor,B dorian,"A, D, B",3,5.29,common_tone,False,False
C melodic_minor,B phrygian,"C, D, G, A, B",5,2.64,common_tone,False,False
C melodic_minor,B lydian,"B, D#, F",3,5.29,common_tone,False,False
C melodic_minor,B mixolydian,"B, A, D#",3,5.29,common_tone,False,False
C melodic_minor,B locrian,"C, D, F, G, A, B",6,2.07,common_tone,False,False
C melodic_minor,B harmonic_minor,"D, B, G",3,3.79,common_tone,False,False
C melodic_minor,B melodic_minor,"D, B",2,5.36,nearby_key,False,False
C# major,C major,"C, F",2,5.36,nearby_key,False,False
C# major,C minor,"C, D#, F, G#, A#",5,2.64,common_tone,False,False
C# major,C dorian,"C, A#, D#, F",4,4.71,common_tone,False,False
C# major,C phrygian,"C, C#, D#, F, G#, A#",6,2.07,common_tone,False,False
C# major,C lydian,"C, F#",2,5.86,nearby_key,False,False
C# major,C mixolydian,"C, A#, F",3,5.29,common_tone,False,False
C# major,C locrian,"C, C#, D#, F, F#, G#, A#",7,1.5,common_tone,False,False
C# major,C harmonic_minor,"C, G#, D#, F",4,3.21,common_tone,False,False
C# major,C melodic_minor,"C, D#, F",3,5.29,common_tone,False,False
C# major,C# minor,"G#, C#, D#, F#",4,1.71,common_tone,False,False
C# major,C# dorian,"C#, D#, F#, G#, A#",5,1.14,common_tone,False,False
C# major,C# phrygian,"G#, C#, F#",3,2.29,common_tone,False,False
C# major,C# lydian,"C, C#, D#, F, G#, A#",6,0.57,common_tone,False,False
C# major,C# mixolydian,"C#, D#, F, F#, G#, A#",6,0.57,common_tone,False,False
C# major,C# locrian,"C#, F#",2,4.36,nearby_key,False,False
C# major,C# harmonic_minor,"C, C#, D#, F#, G#",5,1.14,common_tone,False,False
C# major,C# melodic_minor,"C, C#, D#, F#, G#, A#",6,0.57,common_tone,False,False
C# major,D major,"C#, F#",2,5.36,nearby_key,False,False
C# major,D minor,"C, A#, F",3,6.79,common_tone,False,False
C# major,D dorian,"C, F",2,7.36,nearby_key,False,False
C# major,D phrygian,"C, A#, D#, F",4,6.21,common_tone,False,False
C# major,D lydian,"G#, C#, F#",3,3.79,common_tone,False,False
C# major,D mixolydian,"C, F#",2,7.36,nearby_key,False,False
C# major,D locrian,"C, D#, F, G#, A#",5,4.14,common_tone,False,False
C# major,D harmonic_minor,"C#, A#, F",3,5.29,common_tone,False,False
C# major,D melodic_minor,"C#, F",2,5.86,nearby_key,False,False
C# major,D# major,"C, D#, F, G#, A#",5,3.14,closely_related,False,False
C# major,D# minor,"C#, D#, F, F#, G#, A#",6,3.57,common_tone,False,False
C# major,D# dorian,"C, C#, D#, F, F#, G#, A#",7,3.0,common_tone,False,False
C# major,D# phrygian,"C#, D#, F#, G#, A#",5,4.14,common_tone,False,False
C# major,D# lydian,"C, A#, D#, F",4,4.71,common_tone,False,False
C# major,D# mixolydian,"C, C#, D#, F, G#, A#",6,3.57,common_tone,False,False
C# major,D# locrian,"G#, C#, D#, F#",4,4.71,common_tone,False,False
C# major,D# harmonic_minor,"D#, F, F#, G#, A#",5,4.14,common_tone,False,False
C# major,D# melodic_minor,"C, D#, F, F#, G#, A#",6,3.57,common_tone,False,False
C# major,E major,"G#, C#, D#, F#",4,4.71,closely_related,False,False
C# major,E minor,"C, F#",2,10.36,distant_modulation,False,False
C# major,E dorian,"C#, F#",2,8.86,distant_modulation,False,False
C# major,E phrygian,"C, F",2,10.36,distant_modulation,False,False
C# major,E lydian,"C#, D#, F#, G#, A#",5,5.64,common_tone,False,False
C# major,E mixolydian,"G#, C#, F#",3,6.79,common_tone,False,False
C# major,E locrian,"C, A#, F",3,8.29,common_tone,False,False
C# major,E harmonic_minor,"C, D#, F#",3,9.79,common_tone,False,False
C# major,E melodic_minor,"C#, D#, F#",3,8.29,common_tone,False,False
C# major,F major,"C, A#, F",3,6.29,common_tone,False,False
C# major,F minor,"C, C#, D#, F, G#, A#",6,6.57,common_tone,False,False
C# major,F dorian,"C, D#, F, G#, A#",5,7.14,common_tone,False,False
C# major,F phrygian,"C, C#, D#, F, F#, G#, A#",7,6.0,common_tone,False,False
C# major,F lydian,"C, F",2,8.86,distant_modulation,False,False
C# major,F mixolydian,"C, A#, D#, F",4,7.71,common_tone,False,False
C# major,F locrian,"C#, D#, F, F#, G#, A#",6,6.57,common_tone,False,False
C# major,F harmonic_minor,"C, C#, F, G#, A#",5,7.14,common_tone,False,False
C# major,F melodic_minor,"C, G#, A#, F",4,7.71,common_tone,False,False
C# major,F# major,"C#, D#, F, F#, G#, A#",6,5.57,diatonic_common_tone,False,False
C# major,F# minor,"G#, C#, F#",3,9.79,common_tone,False,False
C# major,F# dorian,"G#, C#, D#, F#",4,9.21,common_tone,False,False
C# major,F# phrygian,"C#, F#",2,10.36,distant_modulation,False,False
C# major,F# lydian,"C, C#, D#, F, F#, G#, A#",7,7.5,common_tone,False,False
C# major,F# mixolydian,"C#, D#, F#, G#, A#",5,8.64,common_tone,False,False
C# major,F# locrian,"C, F#",2,10.36,distant_modulation,False,False
C# major,F# harmonic_minor,"G#, C#, F, F#",4,9.21,common_tone,False,False
C# major,F# melodic_minor,"C#, D#, F, F#, G#",5,8.64,common_tone,False,False
C# major,G major,"C, F#",2,11.86,distant_modulation,False,False
C# major,G minor,"C, A#, D#, F",4,13.71,common_tone,False,False
C# major,G dorian,"C, A#, F",3,14.29,common_tone,False,False
C# major,G phrygian,"C, D#, F, G#, A#",5,11.64,common_tone,False,False
C# major,G lydian,"C#, F#",2,13.36,distant_modulation,False,False
C# major,G mixolydian,"C, F",2,14.86,distant_modulation,False,False
C# major,G locrian,"C, C#, D#, F, G#, A#",6,9.57,common_tone,False,False
C# major,G harmonic_minor,"C, A#, D#, F#",4,13.71,common_tone,False,False
C# major,G melodic_minor,"C, A#, F#",3,14.29,common_tone,False,False
C# major,G# major,"C, C#, D#, F, G#, A#",6,5.57,diatonic_common_tone,False,False
C# major,G# minor,"C#, D#, F#, G#, A#",5,8.64,common_tone,False,False
C# major,G# dorian,"C#, D#, F, F#, G#, A#",6,8.07,common_tone,False,False
C# major,G# phrygian,"G#, C#, D#, F#",4,9.21,common_tone,False,False
C# major,G# lydian,"C, D#, F, G#, A#",5,8.64,common_tone,False,False
C# major,G# mixolydian,"C, C#, D#, F, F#, G#, A#",7,7.5,common_tone,False,False
C# major,G# locrian,"G#, C#, F#",3,9.79,common_tone,False,False
C# major,G# harmonic_minor,"G#, C#, A#, D#",4,9.21,common_tone,False,False
C# major,G# melodic_minor,"C#, D#, F, G#, A#",5,8.64,common_tone,False,False
C# major,A major,"G#, C#, F#",3,6.29,common_tone,False,False
C# major,A minor,"C, F",2,11.86,distant_modulation,False,False
C# major,A dorian,"C, F#",2,11.86,distant_modulation,False,False
C# major,A phrygian,"C, A#, F",3,11.29,common_tone,False,False
C# major,A lydian,"G#, C#, D#, F#",4,7.71,common_tone,False,False
C# major,A mixolydian,"C#, F#",2,10.36,distant_modulation,False,False
C# major,A locrian,"C, A#, D#, F",4,9.21,common_tone,False,False
C# major,A harmonic_minor,"C, G#, F",3,9.79,common_tone,False,False
C# major,A melodic_minor,"C, G#, F#",3,9.79,common_tone,False,False
C# major,A# major,"C, A#, D#, F",4,4.71,closely_related,False,False
C# major,A# minor,"C, C#, D#, F, F#, G#, A#",7,4.5,common_tone,False,False
C# major,A# dorian,"C, C#, D#, F, G#, A#",6,5.07,common_tone,False,False
C# major,A# phrygian,"C#, D#, F, F#, G#, A#",6,5.07,common_tone,False,False
C# major,A# lydian,"C, A#, F",3,6.79,common_tone,False,False
C# major,A# mixolydian,"C, D#, F, G#, A#",5,5.64,common_tone,False,False
C# major,A# locrian,"C#, D#, F#, G#, A#",5,5.64,common_tone,False,False
C# major,A# harmonic_minor,"C, C#, D#, F, F#, A#",6,5.07,common_tone,False,False
C# major,A# melodic_minor,"C, C#, D#, F, A#",5,5.64,common_tone,False,False
C# major,B major,"C#, D#, F#, G#, A#",5,3.14,closely_related,False,False
C# major,B minor,"C#, F#",2,5.86,nearby_key,False,False
C# major,B dorian,"G#, C#, F#",3,5.29,common_tone,False,False
C# major,B phrygian,"C, F#",2,7.36,nearby_key,False,False
C# major,B lydian,"C#, D#, F, F#, G#, A#",6,3.57,common_tone,False,False
C# major,B mixolydian,"G#, C#, D#, F#",4,4.71,common_tone,False,False
C# major,B locrian,"C, F",2,7.36,nearby_key,False,False
C# major,B harmonic_minor,"C#, A#, F#",3,5.29,common_tone,False,False
C# major,B melodic_minor,"G#, C#, A#, F#",4,4.71,common_tone,False,False
C# minor,C major,"A, B, E",3,6.79,common_tone,False,False
C# minor,C minor,"G#, D#",2,5.36,nearby_key,False,False
C# minor,C dorian,"A, D#",2,7.36,nearby_key,False,False
C# minor,C phrygian,"G#, C#, D#",3,3.79,common_tone,False,False
C# minor,C lydian,"A, B, E, F#",4,6.21,common_tone,False,False
C# minor,C mixolydian,"A, E",2,7.36,nearby_key,False,False
C# minor,C locrian,"G#, C#, D#, F#",4,3.21,common_tone,False,False
C# minor,C harmonic_minor,"G#, B, D#",3,5.29,common_tone,False,False
C# minor,C melodic_minor,"B, A, D#",3,6.79,common_tone,False,False
C# minor,C# major,"G#, C#, D#, F#",4,1.71,common_tone,False,False
C# minor,C# dorian,"C#, D#, E, F#, G#, B",6,0.57,common_tone,False,False
C# minor,C# phrygian,"C#, E, F#, G#, A, B",6,0.57,common_tone,False,False
C# minor,C# lydian,"G#, C#, D#",3,2.29,common_tone,False,False
C# minor,C# mixolydian,"C#, D#, F#, G#, B",5,1.14,common_tone,False,False
C# minor,C# locrian,"C#, E, F#, A, B",5,2.64,common_tone,False,False
C# minor,C# harmonic_minor,"C#, D#, E, F#, G#, A",6,0.57,common_tone,False,False
C# minor,C# melodic_minor,"C#, D#, E, F#, G#",5,1.14,common_tone,False,False
C# minor,D major,"C#, E, F#, A, B",5,2.64,common_tone,False,False
C# minor,D minor,"A, E",2,5.36,nearby_key,False,False
C# minor,D dorian,"A, B, E",3,5.29,common_tone,False,False
C# minor,D phrygian,"A, D#",2,5.86,nearby_key,False,False
C# minor,D lydian,"C#, E, F#, G#, A, B",6,2.07,common_tone,False,False
C# minor,D mixolydian,"A, B, E, F#",4,4.71,common_tone,False,False
C# minor,D locrian,"G#, D#",2,5.86,nearby_key,False,False
C# minor,D harmonic_minor,"C#, E, A",3,3.79,common_tone,False,False
C# minor,D melodic_minor,"C#, B, E, A",4,3.21,common_tone,False,False
C# minor,D# major,"G#, D#",2,5.86,nearby_key,False,False
C# minor,D# minor,"C#, D#, F#, G#, B",5,3.14,closely_related,False,False
C# minor,D# dorian,"G#, C#, D#, F#",4,4.71,common_tone,False,False
C# minor,D# phrygian,"C#, D#, E, F#, G#, B",6,3.57,common_tone,False,False
C# minor,D# lydian,"A, D#",2,7.36,nearby_key,False,False
C# minor,D# mixolydian,"G#, C#, D#",3,5.29,common_tone,False,False
C# minor,D# locrian,"C#, D#, E, F#, G#, A, B",7,3.0,common_tone,False,False
C# minor,D# harmonic_minor,"G#, B, D#, F#",4,4.71,common_tone,False,False
C# minor,D# melodic_minor,"G#, D#, F#",3,5.29,common_tone,False,False
C# minor,E major,"C#, D#, E, F#, G#, A, B",7,4.5,common_tone,False,False
C# minor,E minor,"A, B, E, F#",4,4.71,closely_related,False,False
C# minor,E dorian,"C#, E, F#, A, B",5,5.64,common_tone,False,False
C# minor,E phrygian,"A, B, E",3,6.79,common_tone,False,False
C# minor,E lydian,"C#, D#, E, F#, G#, B",6,5.07,common_tone,False,False
C# minor,E mixolydian,"C#, E, F#, G#, A, B",6,5.07,common_tone,False,False
C# minor,E locrian,"A, E",2,8.86,distant_modulation,False,False
C# minor,E harmonic_minor,"D#, E, F#, A, B",5,5.64,common_tone,False,False
C# minor,E melodic_minor,"C#, D#, E, F#, A, B",6,5.07,common_tone,False,False
C# minor,F major,"A, E",2,11.86,distant_modulation,False,False
C# minor,F minor,"G#, C#, D#",3,6.29,common_tone,False,False
C# minor,F dorian,"G#, D#",2,10.36,distant_modulation,False,False
C# minor,F phrygian,"G#, C#, D#, F#",4,7.71,common_tone,False,False
C# minor,F lydian,"A, B, E",3,11.29,common_tone,False,False
C# minor,F mixolydian,"A, D#",2,11.86,distant_modulation,False,False
C# minor,F locrian,"C#, D#, F#, G#, B",5,7.14,common_tone,False,False
C# minor,F harmonic_minor,"G#, C#, E",3,8.29,common_tone,False,False
C# minor,F melodic_minor,"G#, E",2,10.36,distant_modulation,False,False
C# minor,F# major,"C#, D#, F#, G#, B",5,8.64,common_tone,False,False
C# minor,F# minor,"C#, E, F#, G#, A, B",6,5.57,diatonic_common_tone,False,False
C# minor,F# dorian,"C#, D#, E, F#, G#, A, B",7,7.5,common_tone,False,False
C# minor,F# phrygian,"C#, E, F#, A, B",5,8.64,common_tone,False,False
C# minor,F# lydian,"G#, C#, D#, F#",4,9.21,common_tone,False,False
C# minor,F# mixolydian,"C#, D#, E, F#, G#, B",6,8.07,common_tone,False,False
C# minor,F# locrian,"A, B, E, F#",4,10.71,common_tone,False,False
C# minor,F# harmonic_minor,"C#, F#, G#, A, B",5,8.64,common_tone,False,False
C# minor,F# melodic_minor,"C#, D#, F#, G#, A, B",6,8.07,common_tone,False,False
C# minor,G major,"A, B, E, F#",4,13.71,common_tone,False,False
C# minor,G minor,"A, D#",2,11.86,distant_modulation,False,False
C# minor,G dorian,"A, E",2,14.86,distant_modulation,False,False
C# minor,G phrygian,"G#, D#",2,13.36,distant_modulation,False,False
C# minor,G lydian,"C#, E, F#, A, B",5,11.64,common_tone,False,False
C# minor,G mixolydian,"A, B, E",3,14.29,common_tone,False,False
C# minor,G locrian,"G#, C#, D#",3,11.29,common_tone,False,False
C# minor,G harmonic_minor,"A, D#, F#",3,14.29,common_tone,False,False
C# minor,G melodic_minor,"A, E, F#",3,14.29,common_tone,False,False
C# minor,G# major,"G#, C#, D#",3,9.79,common_tone,False,False
C# minor,G# minor,"C#, D#, E, F#, G#, B",6,5.57,diatonic_common_tone,False,False
C# minor,G# dorian,"C#, D#, F#, G#, B",5,8.64,common_tone,False,False
C# minor,G# phrygian,"C#, D#, E, F#, G#, A, B",7,7.5,common_tone,False,False
C# minor,G# lydian,"G#, D#",2,10.36,distant_modulation,False,False
C# minor,G# mixolydian,"G#, C#, D#, F#",4,9.21,common_tone,False,False
C# minor,G# locrian,"C#, E, F#, G#, A, B",6,8.07,common_tone,False,False
C# minor,G# harmonic_minor,"C#, D#, E, G#, B",5,8.64,common_tone,False,False
C# minor,G# melodic_minor,"G#, C#, D#, B",4,9.21,common_tone,False,False
C# minor,A major,"C#, E, F#, G#, A, B",6,6.57,common_tone,False,False
C# minor,A minor,"A, B, E",3,6.29,common_tone,False,False
C# minor,A dorian,"A, B, E, F#",4,7.71,common_tone,False,False
C# minor,A phrygian,"A, E",2,8.86,distant_modulation,False,False
C# minor,A lydian,"C#, D#, E, F#, G#, A, B",7,6.0,common_tone,False,False
C# minor,A mixolydian,"C#, E, F#, A, B",5,7.14,common_tone,False,False
C# minor,A locrian,"A, D#",2,8.86,distant_modulation,False,False
C# minor,A harmonic_minor,"G#, A, B, E",4,7.71,common_tone,False,False
C# minor,A melodic_minor,"E, F#, G#, A, B",5,7.14,common_tone,False,False
C# minor,A# major,"A, D#",2,10.36,distant_modulation,False,False
C# minor,A# minor,"G#, C#, D#, F#",4,4.71,closely_related,False,False
C# minor,A# dorian,"G#, C#, D#",3,6.79,common_tone,False,False
C# minor,A# phrygian,"C#, D#, F#, G#, B",5,5.64,common_tone,False,False
C# minor,A# lydian,"A, E",2,10.36,distant_modulation,False,False
C# minor,A# mixolydian,"G#, D#",2,8.86,distant_modulation,False,False
C# minor,A# locrian,"C#, D#, E, F#, G#, B",6,5.07,common_tone,False,False
C# minor,A# harmonic_minor,"C#, D#, F#, A",4,7.71,common_tone,False,False
C# minor,A# melodic_minor,"C#, D#, A",3,8.29,common_tone,False,False
C# minor,B major,"C#, D#, E, F#, G#, B",6,3.57,common_tone,False,False
C# minor,B minor,"C#, E, F#, A, B",5,3.14,closely_related,False,False
C# minor,B dorian,"C#, E, F#, G#, A, B",6,3.57,common_tone,False,False
C# minor,B phrygian,"A, B, E, F#",4,4.71,common_tone,False,False
C# minor,B lydian,"C#, D#, F#, G#, B",5,4.14,common_tone,False,False
C# minor,B mixolydian,"C#, D#, E, F#, G#, A, B",7,3.0,common_tone,False,False
C# minor,B locrian,"A, B, E",3,6.79,common_tone,False,False
C# minor,B harmonic_minor,"C#, B, E, F#",4,4.71,common_tone,False,False
C# minor,B melodic_minor,"C#, E, F#, G#, B",5,4.14,common_tone,False,False
C# dorian,C major,"B, E",2,7.36,nearby_key,False,False
C# dorian,C minor,"G#, A#, D#",3,5.29,common_tone,False,False
C# dorian,C dorian,"A#, D#",2,6.86,nearby_key,False,False
C# dorian,C phrygian,"G#, C#, A#, D#",4,3.21,common_tone,False,False
C# dorian,C lydian,"B, E, F#",3,6.79,common_tone,False,False
C# dorian,C mixolydian,"A#, E",2,7.36,nearby_key,False,False
C# dorian,C locrian,"C#, D#, F#, G#, A#",5,2.64,common_tone,False,False
C# dorian,C harmonic_minor,"G#, B, D#",3,5.29,common_tone,False,False
C# dorian,C melodic_minor,"B, D#",2,7.36,nearby_key,False,False
C# dorian,C# major,"C#, D#, F#, G#, A#",5,1.14,common_tone,False,False
C# dorian,C# minor,"C#, D#, E, F#, G#, B",6,0.57,common_tone,False,False
C# dorian,C# phrygian,"C#, E, F#, G#, B",5,1.14,common_tone,False,False
C# dorian,C# lydian,"G#, C#, A#, D#",4,1.71,common_tone,False,False
C# dorian,C# mixolydian,"C#, D#, F#, G#, A#, B",6,0.57,common_tone,False,False
C# dorian,C# locrian,"C#, B, E, F#",4,3.21,common_tone,False,False
C# dorian,C# harmonic_minor,"C#, D#, E, F#, G#",5,1.14,common_tone,False,False
C# dorian,C# melodic_minor,"C#, D#, E, F#, G#, A#",6,0.57,common_tone,False,False
C# dorian,D major,"C#, B, E, F#",4,4.71,common_tone,False,False
C# dorian,D minor,"A#, E",2,7.36,nearby_key,False,False
C# dorian,D dorian,"B, E",2,6.86,nearby_key,False,False
C# dorian,D phrygian,"A#, D#",2,7.36,nearby_key,False,False
C# dorian,D lydian,"C#, E, F#, G#, B",5,2.64,common_tone,False,False
C# dorian,D mixolydian,"B, E, F#",3,6.79,common_tone,False,False
C# dorian,D locrian,"G#, A#, D#",3,5.29,common_tone,False,False
C# dorian,D harmonic_minor,"C#, A#, E",3,5.29,common_tone,False,False
C# dorian,D melodic_minor,"C#, B, E",3,5.29,common_tone,False,False
C# dorian,D# major,"G#, A#, D#",3,5.29,common_tone,False,False
C# dorian,D# minor,"C#, D#, F#, G#, A#, B",6,3.57,common_tone,False,False
C# dorian,D# dorian,"C#, D#, F#, G#, A#",5,3.14,closely_related,False,False
C# dorian,D# phrygian,"C#, D#, E, F#, G#, A#, B",7,3.0,common_tone,False,False
C# dorian,D# lydian,"A#, D#",2,5.86,nearby_key,False,False
C# dorian,D# mixolydian,"G#, C#, A#, D#",4,4.71,common_tone,False,False
C# dorian,D# locrian,"C#, D#, E, F#, G#, B",6,3.57,common_tone,False,False
C# dorian,D# harmonic_minor,"D#, F#, G#, A#, B",5,4.14,common_tone,False,False
C# dorian,D# melodic_minor,"G#, A#, D#, F#",4,4.71,common_tone,False,False
C# dorian,E major,"C#, D#, E, F#, G#, B",6,5.07,common_tone,False,False
C# dorian,E minor,"B, E, F#",3,6.79,common_tone,False,False
C# dorian,E dorian,"C#, B, E, F#",4,4.71,closely_related,False,False
C# dorian,E phrygian,"B, E",2,7.36,distant_modulation,False,False
C# dorian,E lydian,"C#, D#, E, F#, G#, A#, B",7,4.5,common_tone,False,False
C# dorian,E mixolydian,"C#, E, F#, G#, B",5,5.64,common_tone,False,False
C# dorian,E locrian,"A#, E",2,7.36,distant_modulation,False,False
C# dorian,E harmonic_minor,"B, D#, E, F#",4,6.21,common_tone,False,False
C# dorian,E melodic_minor,"C#, D#, E, F#, B",5,5.64,common_tone,False,False
C# dorian,F major,"A#, E",2,11.86,distant_modulation,False,False
C# dorian,F minor,"G#, C#, A#, D#",4,7.71,common_tone,False,False
C# dorian,F dorian,"G#, A#, D#",3,7.79,common_tone,False,False
C# dorian,F phrygian,"C#, D#, F#, G#, A#",5,7.14,common_tone,False,False
C# dorian,F lydian,"B, E",2,11.86,distant_modulation,False,False
C# dorian,F mixolydian,"A#, D#",2,11.86,distant_modulation,False,False
C# dorian,F locrian,"C#, D#, F#, G#, A#, B",6,6.57,common_tone,False,False
C# dorian,F harmonic_minor,"G#, C#, A#, E",4,7.71,common_tone,False,False
C# dorian,F melodic_minor,"G#, A#, E",3,9.79,common_tone,False,False
C# dorian,F# major,"C#, D#, F#, G#, A#, B",6,8.07,common_tone,False,False
C# dorian,F# minor,"C#, E, F#, G#, B",5,8.64,common_tone,False,False
C# dorian,F# dorian,"C#, D#, E, F#, G#, B",6,5.57,diatonic_common_tone,False,False
C# dorian,F# phrygian,"C#, B, E, F#",4,9.21,common_tone,False,False
C# dorian,F# lydian,"C#, D#, F#, G#, A#",5,8.64,common_tone,False,False
C# dorian,F# mixolydian,"C#, D#, E, F#, G#, A#, B",7,7.5,common_tone,False,False
C# dorian,F# locrian,"B, E, F#",3,11.29,common_tone,False,False
C# dorian,F# harmonic_minor,"G#, C#, B, F#",4,9.21,common_tone,False,False
C# dorian,F# melodic_minor,"C#, D#, F#, G#, B",5,8.64,common_tone,False,False
C# dorian,G major,"B, E, F#",3,14.29,common_tone,False,False
C# dorian,G minor,"A#, D#",2,14.86,distant_modulation,False,False
C# dorian,G dorian,"A#, E",2,11.86,distant_modulation,False,False
C# dorian,G phrygian,"G#, A#, D#",3,12.79,common_tone,False,False
C# dorian,G lydian,"C#, B, E, F#",4,12.21,common_tone,False,False
C# dorian,G mixolydian,"B, E",2,14.86,distant_modulation,False,False
C# dorian,G locrian,"G#, C#, A#, D#",4,10.71,common_tone,False,False
C# dorian,G harmonic_minor,"A#, D#, F#",3,14.29,common_tone,False,False
C# dorian,G melodic_minor,"A#, E, F#",3,14.29,common_tone,False,False
C# dorian,G# major,"G#, C#, A#, D#",4,9.21,common_tone,False,False
C# dorian,G# minor,"C#, D#, E, F#, G#, A#, B",7,7.5,common_tone,False,False
C# dorian,G# dorian,"C#, D#, F#, G#, A#, B",6,5.57,diatonic_common_tone,False,False
C# dorian,G# phrygian,"C#, D#, E, F#, G#, B",6,8.07,common_tone,False,False
C# dorian,G# lydian,"G#, A#, D#",3,9.79,common_tone,False,False
C# dorian,G# mixolydian,"C#, D#, F#, G#, A#",5,8.64,common_tone,False,False
C# dorian,G# locrian,"C#, E, F#, G#, B",5,8.64,common_tone,False,False
C# dorian,G# harmonic_minor,"C#, D#, E, G#, A#, B",6,8.07,common_tone,False,False
C# dorian,G# melodic_minor,"C#, D#, G#, A#, B",5,8.64,common_tone,False,False
C# dorian,A major,"C#, E, F#, G#, B",5,7.14,common_tone,False,False
C# dorian,A minor,"B, E",2,10.36,distant_modulation,False,False
C# dorian,A dorian,"B, E, F#",3,7.79,common_tone,False,False
C# dorian,A phrygian,"A#, E",2,10.36,distant_modulation,False,False
C# dorian,A lydian,"C#, D#, E, F#, G#, B",6,6.57,common_tone,False,False
C# dorian,A mixolydian,"C#, B, E, F#",4,7.71,common_tone,False,False
C# dorian,A locrian,"A#, D#",2,10.36,distant_modulation,False,False
C# dorian,A harmonic_minor,"G#, B, E",3,8.29,common_tone,False,False
C# dorian,A melodic_minor,"G#, B, E, F#",4,7.71,common_tone,False,False
C# dorian,A# major,"A#, D#",2,8.86,distant_modulation,False,False
C# dorian,A# minor,"C#, D#, F#, G#, A#",5,5.64,common_tone,False,False
C# dorian,A# dorian,"G#, C#, A#, D#",4,4.71,closely_related,False,False
C# dorian,A# phrygian,"C#, D#, F#, G#, A#, B",6,5.07,common_tone,False,False
C# dorian,A# lydian,"A#, E",2,8.86,distant_modulation,False,False
C# dorian,A# mixolydian,"G#, A#, D#",3,6.79,common_tone,False,False
C# dorian,A# locrian,"C#, D#, E, F#, G#, A#, B",7,4.5,common_tone,False,False
C# dorian,A# harmonic_minor,"C#, A#, D#, F#",4,6.21,common_tone,False,False
C# dorian,A# melodic_minor,"C#, A#, D#",3,6.79,common_tone,False,False
C# dorian,B major,"C#, D#, E, F#, G#, A#, B",7,3.0,common_tone,False,False
C# dorian,B minor,"C#, B, E, F#",4,4.71,common_tone,False,False
C# dorian,B dorian,"C#, E, F#, G#, B",5,3.14,closely_related,False,False
C# dorian,B phrygian,"B, E, F#",3,5.29,common_tone,False,False
C# dorian,B lydian,"C#, D#, F#, G#, A#, B",6,3.57,common_tone,False,False
C# dorian,B mixolydian,"C#, D#, E, F#, G#, B",6,3.57,common_tone,False,False
C# dorian,B locrian,"B, E",2,7.36,nearby_key,False,False
C# dorian,B harmonic_minor,"C#, E, F#, A#, B",5,4.14,common_tone,False,False
C# dorian,B melodic_minor,"C#, E, F#, G#, A#, B",6,3.57,common_tone,False,False
C# phrygian,C major,"A, D, B, E",4,6.21,common_tone,False,False
C# phrygian,C minor,"G#, D",2,5.86,nearby_key,False,False
C# phrygian,C dorian,"A, D",2,7.36,nearby_key,False,False
C# phrygian,C phrygian,"G#, C#",2,3.86,nearby_key,False,False
C# phrygian,C lydian,"D, E, F#, A, B",5,5.64,common_tone,False,False
C# phrygian,C mixolydian,"A, D, E",3,6.79,common_tone,False,False
C# phrygian,C locrian,"G#, C#, F#",3,3.79,common_tone,False,False
C# phrygian,C harmonic_minor,"G#, D, B",3,5.29,common_tone,False,False
C# phrygian,C melodic_minor,"A, D, B",3,6.79,common_tone,False,False
C# phrygian,C# major,"G#, C#, F#",3,2.29,common_tone,False,False
C# phrygian,C# minor,"C#, E, F#, G#, A, B",6,0.57,common_tone,False,False
C# phrygian,C# dorian,"C#, E, F#, G#, B",5,1.14,common_tone,False,False
C# phrygian,C# lydian,"G#, C#",2,2.86,nearby_key,False,False
C# phrygian,C# mixolydian,"G#, C#, B, F#",4,1.71,common_tone,False,False
C# phrygian,C# locrian,"C#, D, E, F#, A, B",6,2.07,common_tone,False,False
C# phrygian,C# harmonic_minor,"C#, E, F#, G#, A",5,1.14,common_tone,False,False
C# phrygian,C# melodic_minor,"G#, C#, E, F#",4,1.71,common_tone,False,False
C# phrygian,D major,"C#, D, E, F#, A, B",6,2.07,common_tone,False,False
C# phrygian,D minor,"A, D, E",3,3.79,common_tone,False,False
C# phrygian,D dorian,"A, D, B, E",4,3.21,common_tone,False,False
C# phrygian,D phrygian,"A, D",2,3.86,nearby_key,False,False
C# phrygian,D lydian,"C#, D, E, F#, G#, A, B",7,1.5,common_tone,False,False
C# phrygian,D mixolydian,"D, E, F#, A, B",5,2.64,common_tone,False,False
C# phrygian,D locrian,"G#, D",2,4.36,nearby_key,False,False
C# phrygian,D harmonic_minor,"C#, D, E, A",4,3.21,common_tone,False,False
C# phrygian,D melodic_minor,"C#, D, E, A, B",5,2.64,common_tone,False,False
C# phrygian,D# major,"G#, D",2,7.36,nearby_key,False,False
C# phrygian,D# minor,"G#, C#, B, F#",4,4.71,common_tone,False,False
C# phrygian,D# dorian,"G#, C#, F#",3,5.29,common_tone,False,False
C# phrygian,D# phrygian,"C#, E, F#, G#, B",5,3.14,closely_related,False,False
C# phrygian,D# lydian,"A, D",2,8.86,nearby_key,False,False
C# phrygian,D# mixolydian,"G#, C#",2,5.86,nearby_key,False,False
C# phrygian,D# locrian,"C#, E, F#, G#, A, B",6,3.57,common_tone,False,False
C# phrygian,D# harmonic_minor,"G#, D, B, F#",4,6.21,common_tone,False,False
C# phrygian,D# melodic_minor,"G#, D, F#",3,6.79,common_tone,False,False
C# phrygian,E major,"C#, E, F#, G#, A, B",6,5.07,common_tone,False,False
C# phrygian,E minor,"D, E, F#, A, B",5,5.64,common_tone,False,False
C# phrygian,E dorian,"C#, D, E, F#, A, B",6,5.07,common_tone,False,False
C# phrygian,E phrygian,"A, D, B, E",4,4.71,closely_related,False,False
C# phrygian,E lydian,"C#, E, F#, G#, B",5,5.64,common_tone,False,False
C# phrygian,E mixolydian,"C#, D, E, F#, G#, A, B",7,4.5,common_tone,False,False
C# phrygian,E locrian,"A, D, E",3,8.29,common_tone,False,False
C# phrygian,E harmonic_minor,"A, B, E, F#",4,6.21,common_tone,False,False
C# phrygian,E melodic_minor,"C#, E, F#, A, B",5,5.64,common_tone,False,False
C# phrygian,F major,"A, D, E",3,11.29,common_tone,False,False
C# phrygian,F minor,"G#, C#",2,8.86,distant_modulation,False,False
C# phrygian,F dorian,"G#, D",2,10.36,distant_modulation,False,False
C# phrygian,F phrygian,"G#, C#, F#",3,6.29,common_tone,False,False
C# phrygian,F lydian,"A, D, B, E",4,10.71,common_tone,False,False
C# phrygian,F mixolydian,"A, D",2,11.86,distant_modulation,False,False
C# phrygian,F locrian,"G#, C#, B, F#",4,7.71,common_tone,False,False
C# phrygian,F harmonic_minor,"G#, C#, E",3,8.29,common_tone,False,False
C# phrygian,F melodic_minor,"G#, D, E",3,9.79,common_tone,False,False
C# phrygian,F# major,"G#, C#, B, F#",4,9.21,common_tone,False,False
C# phrygian,F# minor,"C#, D, E, F#, G#, A, B",7,7.5,common_tone,False,False
C# phrygian,F# dorian,"C#, E, F#, G#, A, B",6,8.07,common_tone,False,False
C# phrygian,F# phrygian,"C#, D, E, F#, A, B",6,5.57,diatonic_common_tone,False,False
C# phrygian,F# lydian,"G#, C#, F#",3,9.79,common_tone,False,False
C# phrygian,F# mixolydian,"C#, E, F#, G#, B",5,8.64,common_tone,False,False
C# phrygian,F# locrian,"D, E, F#, A, B",5,10.14,common_tone,False,False
C# phrygian,F# harmonic_minor,"C#, D, F#, G#, A, B",6,8.07,common_tone,False,False
C# phrygian,F# melodic_minor,"C#, F#, G#, A, B",5,8.64,common_tone,False,False
C# phrygian,G major,"D, E, F#, A, B",5,11.64,common_tone,False,False
C# phrygian,G minor,"A, D",2,13.36,distant_modulation,False,False
C# phrygian,G dorian,"A, D, E",3,12.79,common_tone,False,False
C# phrygian,G phrygian,"G#, D",2,8.86,distant_modulation,False,False
C# phrygian,G lydian,"C#, D, E, F#, A, B",6,9.57,common_tone,False,False
C# phrygian,G mixolydian,"A, D, B, E",4,12.21,common_tone,False,False
C# phrygian,G locrian,"G#, C#",2,11.86,distant_modulation,False,False
C# phrygian,G harmonic_minor,"A, D, F#",3,12.79,common_tone,False,False
C# phrygian,G melodic_minor,"A, D, E, F#",4,12.21,common_tone,False,False
C# phrygian,G# major,"G#, C#",2,10.36,distant_modulation,False,False
C# phrygian,G# minor,"C#, E, F#, G#, B",5,8.64,common_tone,False,False
C# phrygian,G# dorian,"G#, C#, B, F#",4,9.21,common_tone,False,False
C# phrygian,G# phrygian,"C#, E, F#, G#, A, B",6,5.57,diatonic_common_tone,False,False
C# phrygian,G# lydian,"G#, D",2,11.86,distant_modulation,False,False
C# phrygian,G# mixolydian,"G#, C#, F#",3,9.79,common_tone,False,False
C# phrygian,G# locrian,"C#, D, E, F#, G#, A, B",7,7.5,common_tone,False,False
C# phrygian,G# harmonic_minor,"G#, C#, B, E",4,9.21,common_tone,False,False
C# phrygian,G# melodic_minor,"G#, C#, B",3,9.79,common_tone,False,False
C# phrygian,A major,"C#, D, E, F#, G#, A, B",7,6.0,common_tone,False,False
C# phrygian,A minor,"A, D, B, E",4,7.71,common_tone,False,False
C# phrygian,A dorian,"D, E, F#, A, B",5,7.14,common_tone,False,False
C# phrygian,A phrygian,"A, D, E",3,6.29,common_tone,False,False
C# phrygian,A lydian,"C#, E, F#, G#, A, B",6,6.57,common_tone,False,False
C# phrygian,A mixolydian,"C#, D, E, F#, A, B",6,6.57,common_tone,False,False
C# phrygian,A locrian,"A, D",2,10.36,distant_modulation,False,False
C# phrygian,A harmonic_minor,"D, E, G#, A, B",5,7.14,common_tone,False,False
C# phrygian,A melodic_minor,"D, E, F#, G#, A, B",6,6.57,common_tone,False,False
C# phrygian,A# major,"A, D",2,10.36,distant_modulation,False,False
C# phrygian,A# minor,"G#, C#, F#",3,6.79,common_tone,False,False
C# phrygian,A# dorian,"G#, C#",2,7.36,distant_modulation,False,False
C# phrygian,A# phrygian,"G#, C#, B, F#",4,4.71,closely_related,False,False
C# phrygian,A# lydian,"A, D, E",3,9.79,common_tone,False,False
C# phrygian,A# mixolydian,"G#, D",2,8.86,distant_modulation,False,False
C# phrygian,A# locrian,"C#, E, F#, G#, B",5,5.64,common_tone,False,False
C# phrygian,A# harmonic_minor,"C#, F#, A",3,8.29,common_tone,False,False
C# phrygian,A# melodic_minor,"C#, A",2,8.86,distant_modulation,False,False
C# phrygian,B major,"C#, E, F#, G#, B",5,4.14,common_tone,False,False
C# phrygian,B minor,"C#, D, E, F#, A, B",6,3.57,common_tone,False,False
C# phrygian,B dorian,"C#, D, E, F#, G#, A, B",7,3.0,common_tone,False,False
C# phrygian,B phrygian,"D, E, F#, A, B",5,3.14,closely_related,False,False
C# phrygian,B lydian,"G#, C#, B, F#",4,4.71,common_tone,False,False
C# phrygian,B mixolydian,"C#, E, F#, G#, A, B",6,3.57,common_tone,False,False
C# phrygian,B locrian,"A, D, B, E",4,6.21,common_tone,False,False
C# phrygian,B harmonic_minor,"C#, D, E, F#, B",5,4.14,common_tone,False,False
C# phrygian,B melodic_minor,"C#, D, E, F#, G#, B",6,3.57,common_tone,False,False
C# lydian,C major,"C, F, G",3,3.79,common_tone,False,False
C# lydian,C minor,"C, D#, F, G, G#, A#",6,2.07,common_tone,False,False
C# lydian,C dorian,"C, D#, F, G, A#",5,2.64,common_tone,False,False
C# lydian,C phrygian,"C, C#, D#, F, G, G#, A#",7,1.5,common_tone,False,False
C# lydian,C lydian,"C, G",2,3.86,nearby_key,False,False
C# lydian,C mixolydian,"C, A#, F, G",4,3.21,common_tone,False,False
C# lydian,C locrian,"C, C#, D#, F, G#, A#",6,2.07,common_tone,False,False
C# lydian,C harmonic_minor,"C, D#, F, G, G#",5,2.64,common_tone,False,False
C# lydian,C melodic_minor,"C, D#, F, G",4,3.21,common_tone,False,False
C# lydian,C# major,"C, C#, D#, F, G#, A#",6,0.57,common_tone,False,False
C# lydian,C# minor,"G#, C#, D#",3,2.29,common_tone,False,False
C# lydian,C# dorian,"G#, C#, A#, D#",4,1.71,common_tone,False,False
C# lydian,C# phrygian,"G#, C#",2,2.86,nearby_key,False,False
C# lydian,C# mixolydian,"C#, D#, F, G#, A#",5,1.14,common_tone,False,False
C# lydian,C# locrian,"C#, G",2,2.86,nearby_key,False,False
C# lydian,C# harmonic_minor,"C, C#, D#, G#",4,1.71,common_tone,False,False
C# lydian,C# melodic_minor,"C, C#, D#, G#, A#",5,1.14,common_tone,False,False
C# lydian,D major,"C#, G",2,5.86,nearby_key,False,False
C# lydian,D minor,"C, A#, F, G",4,6.21,common_tone,False,False
C# lydian,D dorian,"C, F, G",3,6.79,common_tone,False,False
C# lydian,D phrygian,"C, D#, F, G, A#",5,5.64,common_tone,False,False
C# lydian,D lydian,"G#, C#",2,3.86,nearby_key,False,False
C# lydian,D mixolydian,"C, G",2,7.36,nearby_key,False,False
C# lydian,D locrian,"C, D#, F, G, G#, A#",6,3.57,common_tone,False,False
C# lydian,D harmonic_minor,"C#, A#, F, G",4,4.71,common_tone,False,False
C# lydian,D melodic_minor,"C#, F, G",3,5.29,common_tone,False,False
C# lydian,D# major,"C, D#, F, G, G#, A#",6,3.57,common_tone,False,False
C# lydian,D# minor,"C#, D#, F, G#, A#",5,4.14,common_tone,False,False
C# lydian,D# dorian,"C, C#, D#, F, G#, A#",6,3.57,common_tone,False,False
C# lydian,D# phrygian,"G#, C#, A#, D#",4,4.71,common_tone,False,False
C# lydian,D# lydian,"C, D#, F, G, A#",5,3.14,closely_related,False,False
C# lydian,D# mixolydian,"C, C#, D#, F, G, G#, A#",7,3.0,common_tone,False,False
C# lydian,D# locrian,"G#, C#, D#",3,5.29,common_tone,False,False
C# lydian,D# harmonic_minor,"G#, A#, D#, F",4,4.71,common_tone,False,False
C# lydian,D# melodic_minor,"C, D#, F, G#, A#",5,4.14,common_tone,False,False
C# lydian,E major,"G#, C#, D#",3,6.79,common_tone,False,False
C# lydian,E minor,"C, G",2,10.36,distant_modulation,False,False
C# lydian,E dorian,"C#, G",2,8.86,distant_modulation,False,False
C# lydian,E phrygian,"C, F, G",3,9.79,common_tone,False,False
C# lydian,E lydian,"G#, C#, A#, D#",4,4.71,closely_related,False,False
C# lydian,E mixolydian,"G#, C#",2,7.36,distant_modulation,False,False
C# lydian,E locrian,"C, A#, F, G",4,7.71,common_tone,False,False
C# lydian,E harmonic_minor,"C, D#, G",3,9.79,common_tone,False,False
C# lydian,E melodic_minor,"C#, D#, G",3,8.29,common_tone,False,False
C# lydian,F major,"C, A#, F, G",4,7.71,common_tone,False,False
C# lydian,F minor,"C, C#, D#, F, G, G#, A#",7,6.0,common_tone,False,False
C# lydian,F dorian,"C, D#, F, G, G#, A#",6,6.57,common_tone,False,False
C# lydian,F phrygian,"C, C#, D#, F, G#, A#",6,6.57,common_tone,False,False
C# lydian,F lydian,"C, F, G",3,6.29,common_tone,False,False
C# lydian,F mixolydian,"C, D#, F, G, A#",5,7.14,common_tone,False,False
C# lydian,F locrian,"C#, D#, F, G#, A#",5,7.14,common_tone,False,False
C# lydian,F harmonic_minor,"C, C#, F, G, G#, A#",6,6.57,common_tone,False,False
C# lydian,F melodic_minor,"C, F, G, G#, A#",5,7.14,common_tone,False,False
C# lydian,F# major,"C#, D#, F, G#, A#",5,8.64,common_tone,False,False
C# lydian,F# minor,"G#, C#",2,10.36,distant_modulation,False,False
C# lydian,F# dorian,"G#, C#, D#",3,9.79,common_tone,False,False
C# lydian,F# phrygian,"C#, G",2,11.86,distant_modulation,False,False
C# lydian,F# lydian,"C, C#, D#, F, G#, A#",6,5.57,diatonic_common_tone,False,False
C# lydian,F# mixolydian,"G#, C#, A#, D#",4,9.21,common_tone,False,False
C# lydian,F# locrian,"C, G",2,11.86,distant_modulation,False,False
C# lydian,F# harmonic_minor,"G#, C#, F",3,9.79,common_tone,False,False
C# lydian,F# melodic_minor,"G#, C#, D#, F",4,9.21,common_tone,False,False
C# lydian,G major,"C, G",2,13.36,distant_modulation,False,False
C# lydian,G minor,"C, D#, F, G, A#",5,11.64,common_tone,False,False
C# lydian,G dorian,"C, A#, F, G",4,12.21,common_tone,False,False
C# lydian,G phrygian,"C, D#, F, G, G#, A#",6,9.57,common_tone,False,False
C# lydian,G lydian,"C#, G",2,8.86,distant_modulation,False,False
C# lydian,G mixolydian,"C, F, G",3,12.79,common_tone,False,False
C# lydian,G locrian,"C, C#, D#, F, G, G#, A#",7,9.0,common_tone,False,False
C# lydian,G harmonic_minor,"C, A#, D#, G",4,12.21,common_tone,False,False
C# lydian,G melodic_minor,"C, A#, G",3,12.79,common_tone,False,False
C# lydian,G# major,"C, C#, D#, F, G, G#, A#",7,7.5,common_tone,False,False
C# lydian,G# minor,"G#, C#, A#, D#",4,9.21,common_tone,False,False
C# lydian,G# dorian,"C#, D#, F, G#, A#",5,8.64,common_tone,False,False
C# lydian,G# phrygian,"G#, C#, D#",3,9.79,common_tone,False,False
C# lydian,G# lydian,"C, D#, F, G, G#, A#",6,5.57,diatonic_common_tone,False,False
C# lydian,G# mixolydian,"C, C#, D#, F, G#, A#",6,8.07,common_tone,False,False
C# lydian,G# locrian,"G#, C#",2,10.36,distant_modulation,False,False
C# lydian,G# harmonic_minor,"C#, D#, G, G#, A#",5,8.64,common_tone,False,False
C# lydian,G# melodic_minor,"C#, D#, F, G, G#, A#",6,8.07,common_tone,False,False
C# lydian,A major,"G#, C#",2,8.86,distant_modulation,False,False
C# lydian,A minor,"C, F, G",3,11.29,common_tone,False,False
C# lydian,A dorian,"C, G",2,11.86,distant_modulation,False,False
C# lydian,A phrygian,"C, A#, F, G",4,10.71,common_tone,False,False
C# lydian,A lydian,"G#, C#, D#",3,6.29,common_tone,False,False
C# lydian,A mixolydian,"C#, G",2,10.36,distant_modulation,False,False
C# lydian,A locrian,"C, D#, F, G, A#",5,8.64,common_tone,False,False
C# lydian,A harmonic_minor,"C, G#, F",3,9.79,common_tone,False,False
C# lydian,A melodic_minor,"C, G#",2,10.36,distant_modulation,False,False
C# lydian,A# major,"C, D#, F, G, A#",5,5.64,common_tone,False,False
C# lydian,A# minor,"C, C#, D#, F, G#, A#",6,5.07,common_tone,False,False
C# lydian,A# dorian,"C, C#, D#, F, G, G#, A#",7,4.5,common_tone,False,False
C# lydian,A# phrygian,"C#, D#, F, G#, A#",5,5.64,common_tone,False,False
C# lydian,A# lydian,"C, A#, F, G",4,4.71,closely_related,False,False
C# lydian,A# mixolydian,"C, D#, F, G, G#, A#",6,5.07,common_tone,False,False
C# lydian,A# locrian,"G#, C#, A#, D#",4,6.21,common_tone,False,False
C# lydian,A# harmonic_minor,"C, C#, D#, F, A#",5,5.64,common_tone,False,False
C# lydian,A# melodic_minor,"C, C#, D#, F, G, A#",6,5.07,common_tone,False,False
C# lydian,B major,"G#, C#, A#, D#",4,4.71,common_tone,False,False
C# lydian,B minor,"C#, G",2,7.36,nearby_key,False,False
C# lydian,B dorian,"G#, C#",2,5.86,nearby_key,False,False
C# lydian,B phrygian,"C, G",2,8.86,nearby_key,False,False
C# lydian,B lydian,"C#, D#, F, G#, A#",5,3.14,closely_related,False,False
C# lydian,B mixolydian,"G#, C#, D#",3,5.29,common_tone,False,False
C# lydian,B locrian,"C, F, G",3,6.79,common_tone,False,False
C# lydian,B harmonic_minor,"C#, A#, G",3,6.79,common_tone,False,False
C# lydian,B melodic_minor,"G#, C#, A#",3,5.29,common_tone,False,False
C# mixolydian,C major,"B, F",2,7.36,nearby_key,False,False
C# mixolydian,C minor,"G#, A#, D#, F",4,4.71,common_tone,False,False
C# mixolydian,C dorian,"A#, D#, F",3,6.79,common_tone,False,False
C# mixolydian,C phrygian,"C#, D#, F, G#, A#",5,2.64,common_tone,False,False
C# mixolydian,C lydian,"B, F#",2,7.36,nearby_key,False,False
C# mixolydian,C mixolydian,"A#, F",2,6.86,nearby_key,False,False
C# mixolydian,C locrian,"C#, D#, F, F#, G#, A#",6,2.07,common_tone,False,False
C# mixolydian,C harmonic_minor,"G#, B, D#, F",4,4.71,common_tone,False,False
C# mixolydian,C melodic_minor,"B, D#, F",3,6.79,common_tone,False,False
C# mixolydian,C# major,"C#, D#, F, F#, G#, A#",6,0.57,common_tone,False,False
C# mixolydian,C# minor,"C#, D#, F#, G#, B",5,1.14,common_tone,False,False
C# mixolydian,C# dorian,"C#, D#, F#, G#, A#, B",6,0.57,common_tone,False,False
C# mixolydian,C# phrygian,"G#, C#, B, F#",4,1.71,common_tone,False,False
C# mixolydian,C# lydian,"C#, D#, F, G#, A#",5,1.14,common_tone,False,False
C# mixolydian,C# locrian,"C#, B, F#",3,3.79,common_tone,False,False
C# mixolydian,C# harmonic_minor,"G#, C#, D#, F#",4,1.71,common_tone,False,False
C# mixolydian,C# melodic_minor,"C#, D#, F#, G#, A#",5,1.14,common_tone,False,False
C# mixolydian,D major,"C#, B, F#",3,5.29,common_tone,False,False
C# mixolydian,D minor,"A#, F",2,7.36,nearby_key,False,False
C# mixolydian,D dorian,"B, F",2,7.36,nearby_key,False,False
C# mixolydian,D phrygian,"A#, D#, F",3,6.79,common_tone,False,False
C# mixolydian,D lydian,"G#, C#, B, F#",4,3.21,common_tone,False,False
C# mixolydian,D mixolydian,"B, F#",2,6.86,nearby_key,False,False
C# mixolydian,D locrian,"G#, A#, D#, F",4,4.71,common_tone,False,False
C# mixolydian,D harmonic_minor,"C#, A#, F",3,5.29,common_tone,False,False
C# mixolydian,D melodic_minor,"C#, B, F",3,5.29,common_tone,False,False
C# mixolydian,D# major,"G#, A#, D#, F",4,4.71,common_tone,False,False
C# mixolydian,D# minor,"C#, D#, F, F#, G#, A#, B",7,3.0,common_tone,False,False
C# mixolydian,D# dorian,"C#, D#, F, F#, G#, A#",6,3.57,common_tone,False,False
C# mixolydian,D# phrygian,"C#, D#, F#, G#, A#, B",6,3.57,common_tone,False,False
C# mixolydian,D# lydian,"A#, D#, F",3,5.29,common_tone,False,False
C# mixolydian,D# mixolydian,"C#, D#, F, G#, A#",5,3.14,closely_related,False,False
C# mixolydian,D# locrian,"C#, D#, F#, G#, B",5,4.14,common_tone,False,False
C# mixolydian,D# harmonic_minor,"D#, F, F#, G#, A#, B",6,3.57,common_tone,False,False
C# mixolydian,D# melodic_minor,"D#, F, F#, G#, A#",5,4.14,common_tone,False,False
C# mixolydian,E major,"C#, D#, F#, G#, B",5,5.64,common_tone,False,False
C# mixolydian,E minor,"B, F#",2,8.86,distant_modulation,False,False
C# mixolydian,E dorian,"C#, B, F#",3,6.79,common_tone,False,False
C# mixolydian,E phrygian,"B, F",2,8.86,distant_modulation,False,False
C# mixolydian,E lydian,"C#, D#, F#, G#, A#, B",6,5.07,common_tone,False,False
C# mixolydian,E mixolydian,"G#, C#, B, F#",4,4.71,closely_related,False,False
C# mixolydian,E locrian,"A#, F",2,8.86,distant_modulation,False,False
C# mixolydian,E harmonic_minor,"B, D#, F#",3,8.29,common_tone,False,False
C# mixolydian,E melodic_minor,"B, C#, D#, F#",4,6.21,common_tone,False,False
C# mixolydian,F major,"A#, F",2,10.36,distant_modulation,False,False
C# mixolydian,F minor,"C#, D#, F, G#, A#",5,7.14,common_tone,False,False
C# mixolydian,F dorian,"G#, A#, D#, F",4,7.71,common_tone,False,False
C# mixolydian,F phrygian,"C#, D#, F, F#, G#, A#",6,6.57,common_tone,False,False
C# mixolydian,F lydian,"B, F",2,10.36,distant_modulation,False,False
C# mixolydian,F mixolydian,"A#, D#, F",3,7.79,common_tone,False,False
C# mixolydian,F locrian,"C#, D#, F, F#, G#, A#, B",7,6.0,common_tone,False,False
C# mixolydian,F harmonic_minor,"G#, C#, A#, F",4,7.71,common_tone,False,False
C# mixolydian,F melodic_minor,"G#, A#, F",3,8.29,common_tone,False,False
C# mixolydian,F# major,"C#, D#, F, F#, G#, A#, B",7,7.5,common_tone,False,False
C# mixolydian,F# minor,"G#, C#, B, F#",4,9.21,common_tone,False,False
C# mixolydian,F# dorian,"C#, D#, F#, G#, B",5,8.64,common_tone,False,False
C# mixolydian,F# phrygian,"C#, B, F#",3,9.79,common_tone,False,False
C# mixolydian,F# lydian,"C#, D#, F, F#, G#, A#",6,8.07,common_tone,False,False
C# mixolydian,F# mixolydian,"C#, D#, F#, G#, A#, B",6,5.57,diatonic_common_tone,False,False
C# mixolydian,F# locrian,"B, F#",2,11.86,distant_modulation,False,False
C# mixolydian,F# harmonic_minor,"C#, F, F#, G#, B",5,8.64,common_tone,False,False
C# mixolydian,F# melodic_minor,"C#, D#, F, F#, G#, B",6,8.07,common_tone,False,False
C# mixolydian,G major,"B, F#",2,14.86,distant_modulation,False,False
C# mixolydian,G minor,"A#, D#, F",3,14.29,common_tone,False,False
C# mixolydian,G dorian,"A#, F",2,14.86,distant_modulation,False,False
C# mixolydian,G phrygian,"G#, A#, D#, F",4,12.21,common_tone,False,False
C# mixolydian,G lydian,"C#, B, F#",3,12.79,common_tone,False,False
C# mixolydian,G mixolydian,"B, F",2,11.86,distant_modulation,False,False
C# mixolydian,G locrian,"C#, D#, F, G#, A#",5,10.14,common_tone,False,False
C# mixolydian,G harmonic_minor,"A#, D#, F#",3,14.29,common_tone,False,False
C# mixolydian,G melodic_minor,"A#, F#",2,14.86,distant_modulation,False,False
C# mixolydian,G# major,"C#, D#, F, G#, A#",5,8.64,common_tone,False,False
C# mixolydian,G# minor,"C#, D#, F#, G#, A#, B",6,8.07,common_tone,False,False
C# mixolydian,G# dorian,"C#, D#, F, F#, G#, A#, B",7,7.5,common_tone,False,False
C# mixolydian,G# phrygian,"C#, D#, F#, G#, B",5,8.64,common_tone,False,False
C# mixolydian,G# lydian,"G#, A#, D#, F",4,9.21,common_tone,False,False
C# mixolydian,G# mixolydian,"C#, D#, F, F#, G#, A#",6,5.57,diatonic_common_tone,False,False
C# mixolydian,G# locrian,"G#, C#, B, F#",4,9.21,common_tone,False,False
C# mixolydian,G# harmonic_minor,"C#, D#, G#, A#, B",5,8.64,common_tone,False,False
C# mixolydian,G# melodic_minor,"C#, D#, F, G#, A#, B",6,8.07,common_tone,False,False
C# mixolydian,A major,"G#, C#, B, F#",4,7.71,common_tone,False,False
C# mixolydian,A minor,"B, F",2,11.86,distant_modulation,False,False
C# mixolydian,A dorian,"B, F#",2,11.86,distant_modulation,False,False
C# mixolydian,A phrygian,"A#, F",2,11.86,distant_modulation,False,False
C# mixolydian,A lydian,"C#, D#, F#, G#, B",5,7.14,common_tone,False,False
C# mixolydian,A mixolydian,"C#, B, F#",3,7.79,common_tone,False,False
C# mixolydian,A locrian,"A#, D#, F",3,9.79,common_tone,False,False
C# mixolydian,A harmonic_minor,"G#, B, F",3,9.79,common_tone,False,False
C# mixolydian,A melodic_minor,"G#, B, F#",3,9.79,common_tone,False,False
C# mixolydian,A# major,"A#, D#, F",3,6.79,common_tone,False,False
C# mixolydian,A# minor,"C#, D#, F, F#, G#, A#",6,5.07,common_tone,False,False
C# mixolydian,A# dorian,"C#, D#, F, G#, A#",5,5.64,common_tone,False,False
C# mixolydian,A# phrygian,"C#, D#, F, F#, G#, A#, B",7,4.5,common_tone,False,False
C# mixolydian,A# lydian,"A#, F",2,7.36,distant_modulation,False,False
C# mixolydian,A# mixolydian,"G#, A#, D#, F",4,4.71,closely_related,False,False
C# mixolydian,A# locrian,"C#, D#, F#, G#, A#, B",6,5.07,common_tone,False,False
C# mixolydian,A# harmonic_minor,"C#, D#, F, F#, A#",5,5.64,common_tone,False,False
C# mixolydian,A# melodic_minor,"C#, A#, D#, F",4,6.21,common_tone,False,False
C# mixolydian,B major,"C#, D#, F#, G#, A#, B",6,3.57,common_tone,False,False
C# mixolydian,B minor,"C#, B, F#",3,5.29,common_tone,False,False
C# mixolydian,B dorian,"G#, C#, B, F#",4,4.71,common_tone,False,False
C# mixolydian,B phrygian,"B, F#",2,5.86,nearby_key,False,False
C# mixolydian,B lydian,"C#, D#, F, F#, G#, A#, B",7,3.0,common_tone,False,False
C# mixolydian,B mixolydian,"C#, D#, F#, G#, B",5,3.14,closely_related,False,False
C# mixolydian,B locrian,"B, F",2,5.86,nearby_key,False,False
C# mixolydian,B harmonic_minor,"C#, A#, B, F#",4,4.71,common_tone,False,False
C# mixolydian,B melodic_minor,"C#, F#, G#, A#, B",5,4.14,common_tone,False,False
C# locrian,C major,"D, E, G, A, B",5,4.14,common_tone,False,False
C# locrian,C minor,"D, G",2,5.86,nearby_key,False,False
C# locrian,C dorian,"A, D, G",3,5.29,common_tone,False,False
C# locrian,C phrygian,"C#, G",2,4.36,nearby_key,False,False
C# locrian,C lydian,"D, E, F#, G, A, B",6,3.57,common_tone,False,False
C# locrian,C mixolydian,"A, D, E, G",4,4.71,common_tone,False,False
C# locrian,C locrian,"C#, F#",2,3.86,nearby_key,False,False
C# locrian,C harmonic_minor,"D, B, G",3,5.29,common_tone,False,False
C# locrian,C melodic_minor,"A, D, B, G",4,4.71,common_tone,False,False
C# locrian,C# major,"C#, F#",2,4.36,nearby_key,False,False
C# locrian,C# minor,"C#, E, F#, A, B",5,2.64,common_tone,False,False
C# locrian,C# dorian,"C#, B, E, F#",4,3.21,common_tone,False,False
C# locrian,C# phrygian,"C#, D, E, F#, A, B",6,2.07,common_tone,False,False
C# locrian,C# lydian,"C#, G",2,2.86,nearby_key,False,False
C# locrian,C# mixolydian,"C#, B, F#",3,3.79,common_tone,False,False
C# locrian,C# harmonic_minor,"C#, E, F#, A",4,3.21,common_tone,False,False
C# locrian,C# melodic_minor,"C#, E, F#",3,3.79,common_tone,False,False
C# locrian,D major,"C#, D, E, F#, G, A, B",7,1.5,common_tone,False,False
C# locrian,D minor,"A, D, E, G",4,3.21,common_tone,False,False
C# locrian,D dorian,"D, E, G, A, B",5,2.64,common_tone,False,False
C# locrian,D phrygian,"A, D, G",3,3.79,common_tone,False,False
C# locrian,D lydian,"C#, D, E, F#, A, B",6,2.07,common_tone,False,False
C# locrian,D mixolydian,"D, E, F#, G, A, B",6,2.07,common_tone,False,False
C# locrian,D locrian,"D, G",2,3.86,nearby_key,False,False
C# locrian,D harmonic_minor,"C#, D, E, G, A",5,2.64,common_tone,False,False
C# locrian,D melodic_minor,"C#, D, E, G, A, B",6,2.07,common_tone,False,False
C# locrian,D# major,"D, G",2,7.36,nearby_key,False,False
C# locrian,D# minor,"C#, B, F#",3,6.79,common_tone,False,False
C# locrian,D# dorian,"C#, F#",2,7.36,nearby_key,False,False
C# locrian,D# phrygian,"C#, B, E, F#",4,6.21,common_tone,False,False
C# locrian,D# lydian,"A, D, G",3,6.79,common_tone,False,False
C# locrian,D# mixolydian,"C#, G",2,5.86,nearby_key,False,False
C# locrian,D# locrian,"C#, E, F#, A, B",5,3.14,closely_related,False,False
C# locrian,D# harmonic_minor,"D, B, F#",3,8.29,common_tone,False,False
C# locrian,D# melodic_minor,"D, F#",2,8.86,nearby_key,False,False
C# locrian,E major,"C#, E, F#, A, B",5,5.64,common_tone,False,False
C# locrian,E minor,"D, E, F#, G, A, B",6,5.07,common_tone,False,False
C# locrian,E dorian,"C#, D, E, F#, G, A, B",7,4.5,common_tone,False,False
C# locrian,E phrygian,"D, E, G, A, B",5,5.64,common_tone,False,False
C# locrian,E lydian,"C#, B, E, F#",4,6.21,common_tone,False,False
C# locrian,E mixolydian,"C#, D, E, F#, A, B",6,5.07,common_tone,False,False
C# locrian,E locrian,"A, D, E, G",4,4.71,closely_related,False,False
C# locrian,E harmonic_minor,"E, F#, G, A, B",5,5.64,common_tone,False,False
C# locrian,E melodic_minor,"C#, E, F#, G, A, B",6,5.07,common_tone,False,False
C# locrian,F major,"A, D, E, G",4,9.21,common_tone,False,False
C# locrian,F minor,"C#, G",2,8.86,distant_modulation,False,False
C# locrian,F dorian,"D, G",2,10.36,distant_modulation,False,False
C# locrian,F phrygian,"C#, F#",2,10.36,distant_modulation,False,False
C# locrian,F lydian,"D, E, G, A, B",5,8.64,common_tone,False,False
C# locrian,F mixolydian,"A, D, G",3,9.79,common_tone,False,False
C# locrian,F locrian,"C#, B, F#",3,6.29,common_tone,False,False
C# locrian,F harmonic_minor,"C#, E, G",3,8.29,common_tone,False,False
C# locrian,F melodic_minor,"D, E, G",3,9.79,common_tone,False,False
C# locrian,F# major,"C#, B, F#",3,9.79,common_tone,False,False
C# locrian,F# minor,"C#, D, E, F#, A, B",6,8.07,common_tone,False,False
C# locrian,F# dorian,"C#, E, F#, A, B",5,8.64,common_tone,False,False
C# locrian,F# phrygian,"C#, D, E, F#, G, A, B",7,7.5,common_tone,False,False
C# locrian,F# lydian,"C#, F#",2,10.36,distant_modulation,False,False
C# locrian,F# mixolydian,"C#, B, E, F#",4,9.21,common_tone,False,False
C# locrian,F# locrian,"D, E, F#, G, A, B",6,5.57,diatonic_common_tone,False,False
C# locrian,F# harmonic_minor,"C#, D, F#, A, B",5,8.64,common_tone,False,False
C# locrian,F# melodic_minor,"C#, B, F#, A",4,9.21,common_tone,False,False
C# locrian,G major,"D, E, F#, G, A, B",6,9.57,common_tone,False,False
C# locrian,G minor,"A, D, G",3,11.29,common_tone,False,False
C# locrian,G dorian,"A, D, E, G",4,10.71,common_tone,False,False
C# locrian,G phrygian,"D, G",2,11.86,distant_modulation,False,False
C# locrian,G lydian,"C#, D, E, F#, G, A, B",7,9.0,common_tone,False,False
C# locrian,G mixolydian,"D, E, G, A, B",5,10.14,common_tone,False,False
C# locrian,G locrian,"C#, G",2,8.86,distant_modulation,False,False
C# locrian,G harmonic_minor,"A, D, F#, G",4,10.71,common_tone,False,False
C# locrian,G melodic_minor,"D, E, F#, G, A",5,10.14,common_tone,False,False
C# locrian,G# major,"C#, G",2,10.36,distant_modulation,False,False
C# locrian,G# minor,"C#, B, E, F#",4,10.71,common_tone,False,False
C# locrian,G# dorian,"C#, B, F#",3,11.29,common_tone,False,False
C# locrian,G# phrygian,"C#, E, F#, A, B",5,10.14,common_tone,False,False
C# locrian,G# lydian,"D, G",2,11.86,distant_modulation,False,False
C# locrian,G# mixolydian,"C#, F#",2,11.86,distant_modulation,False,False
C# locrian,G# locrian,"C#, D, E, F#, A, B",6,5.57,diatonic_common_tone,False,False
C# locrian,G# harmonic_minor,"C#, B, E, G",4,9.21,common_tone,False,False
C# locrian,G# melodic_minor,"C#, B, G",3,9.79,common_tone,False,False
C# locrian,A major,"C#, D, E, F#, A, B",6,6.57,common_tone,False,False
C# locrian,A minor,"D, E, G, A, B",5,7.14,common_tone,False,False
C# locrian,A dorian,"D, E, F#, G, A, B",6,6.57,common_tone,False,False
C# locrian,A phrygian,"A, D, E, G",4,7.71,common_tone,False,False
C# locrian,A lydian,"C#, E, F#, A, B",5,7.14,common_tone,False,False
C# locrian,A mixolydian,"C#, D, E, F#, G, A, B",7,6.0,common_tone,False,False
C# locrian,A locrian,"A, D, G",3,6.29,common_tone,False,False
C# locrian,A harmonic_minor,"A, D, B, E",4,7.71,common_tone,False,False
C# locrian,A melodic_minor,"D, E, F#, A, B",5,7.14,common_tone,False,False
C# locrian,A# major,"A, D, G",3,8.29,common_tone,False,False
C# locrian,A# minor,"C#, F#",2,8.86,distant_modulation,False,False
C# locrian,A# dorian,"C#, G",2,7.36,distant_modulation,False,False
C# locrian,A# phrygian,"C#, B, F#",3,8.29,common_tone,False,False
C# locrian,A# lydian,"A, D, E, G",4,7.71,common_tone,False,False
C# locrian,A# mixolydian,"D, G",2,8.86,distant_modulation,False,False
C# locrian,A# locrian,"C#, B, E, F#",4,4.71,closely_related,False,False
C# locrian,A# harmonic_minor,"C#, F#, A",3,8.29,common_tone,False,False
C# locrian,A# melodic_minor,"C#, A, G",3,6.79,common_tone,False,False
C# locrian,B major,"C#, B, E, F#",4,4.71,common_tone,False,False
C# locrian,B minor,"C#, D, E, F#, G, A, B",7,3.0,common_tone,False,False
C# locrian,B dorian,"C#, D, E, F#, A, B",6,3.57,common_tone,False,False
C# locrian,B phrygian,"D, E, F#, G, A, B",6,3.57,common_tone,False,False
C# locrian,B lydian,"C#, B, F#",3,5.29,common_tone,False,False
C# locrian,B mixolydian,"C#, E, F#, A, B",5,4.14,common_tone,False,False
C# locrian,B locrian,"D, E, G, A, B",5,3.14,closely_related,False,False
C# locrian,B harmonic_minor,"C#, D, E, F#, G, B",6,3.57,common_tone,False,False
C# locrian,B melodic_minor,"C#, D, E, F#, B",5,4.14,common_tone,False,False
C# harmonic_minor,C major,"C, A, E",3,5.29,common_tone,False,False
C# harmonic_minor,C minor,"C, G#, D#",3,3.79,common_tone,False,False
C# harmonic_minor,C dorian,"C, A, D#",3,5.29,common_tone,False,False
C# harmonic_minor,C phrygian,"C, C#, D#, G#",4,3.21,common_tone,False,False
C# harmonic_minor,C lydian,"C, A, E, F#",4,4.71,common_tone,False,False
C# harmonic_minor,C mixolydian,"C, A, E",3,5.29,common_tone,False,False
C# harmonic_minor,C locrian,"C, C#, D#, F#, G#",5,2.64,common_tone,False,False
C# harmonic_minor,C harmonic_minor,"C, G#, D#",3,3.29,common_tone,False,False
C# harmonic_minor,C melodic_minor,"C, A, D#",3,5.29,common_tone,False,False
C# harmonic_minor,C# major,"C, C#, D#, F#, G#",5,1.14,common_tone,False,False
C# harmonic_minor,C# minor,"C#, D#, E, F#, G#, A",6,0.57,common_tone,False,False
C# harmonic_minor,C# dorian,"C#, D#, E, F#, G#",5,1.14,common_tone,False,False
C# harmonic_minor,C# phrygian,"C#, E, F#, G#, A",5,1.14,common_tone,False,False
C# harmonic_minor,C# lydian,"C, C#, D#, G#",4,1.71,common_tone,False,False
C# harmonic_minor,C# mixolydian,"G#, C#, D#, F#",4,1.71,common_tone,False,False
C# harmonic_minor,C# locrian,"C#, E, F#, A",4,3.21,common_tone,False,False
C# harmonic_minor,C# melodic_minor,"C, C#, D#, E, F#, G#",6,0.57,common_tone,False,False
C# harmonic_minor,D major,"C#, E, F#, A",4,3.21,common_tone,False,False
C# harmonic_minor,D minor,"C, A, E",3,5.29,common_tone,False,False
C# harmonic_minor,D dorian,"C, A, E",3,5.29,common_tone,False,False
C# harmonic_minor,D phrygian,"C, A, D#",3,5.29,common_tone,False,False
C# harmonic_minor,D lydian,"C#, E, F#, G#, A",5,2.64,common_tone,False,False
C# harmonic_minor,D mixolydian,"C, A, E, F#",4,4.71,common_tone,False,False
C# harmonic_minor,D locrian,"C, G#, D#",3,5.29,common_tone,False,False
C# harmonic_minor,D harmonic_minor,"C#, E, A",3,3.29,common_tone,False,False
C# harmonic_minor,D melodic_minor,"C#, E, A",3,3.79,common_tone,False,False
C# harmonic_minor,D# major,"C, G#, D#",3,5.29,common_tone,False,False
C# harmonic_minor,D# minor,"G#, C#, D#, F#",4,4.71,common_tone,False,False
C# harmonic_minor,D# dorian,"C, C#, D#, F#, G#",5,4.14,common_tone,False,False
C# harmonic_minor,D# phrygian,"C#, D#, E, F#, G#",5,4.14,common_tone,False,False
C# harmonic_minor,D# lydian,"C, A, D#",3,6.79,common_tone,False,False
C# harmonic_minor,D# mixolydian,"C, C#, D#, G#",4,4.71,common_tone,False,False
C# harmonic_minor,D# locrian,"C#, D#, E, F#, G#, A",6,3.57,common_tone,False,False
C# harmonic_minor,D# harmonic_minor,"G#, D#, F#",3,4.29,common_tone,False,False
C# harmonic_minor,D# melodic_minor,"C, G#, D#, F#",4,4.71,common_tone,False,False
C# harmonic_minor,E major,"C#, D#, E, F#, G#, A",6,5.07,common_tone,False,False
C# harmonic_minor,E minor,"C, A, E, F#",4,7.71,common_tone,False,False
C# harmonic_minor,E dorian,"C#, E, F#, A",4,6.21,common_tone,False,False
C# harmonic_minor,E phrygian,"C, A, E",3,8.29,common_tone,False,False
C# harmonic_minor,E lydian,"C#, D#, E, F#, G#",5,5.64,common_tone,False,False
C# harmonic_minor,E mixolydian,"C#, E, F#, G#, A",5,5.64,common_tone,False,False
C# harmonic_minor,E locrian,"C, A, E",3,8.29,common_tone,False,False
C# harmonic_minor,E harmonic_minor,"C, D#, E, F#, A",5,5.64,closely_related,False,False
C# harmonic_minor,E melodic_minor,"C#, D#, E, F#, A",5,5.64,common_tone,False,False
C# harmonic_minor,F major,"C, A, E",3,9.79,common_tone,False,False
C# harmonic_minor,F minor,"C, C#, D#, G#",4,7.71,common_tone,False,False
C# harmonic_minor,F dorian,"C, G#, D#",3,8.29,common_tone,False,False
C# harmonic_minor,F phrygian,"C, C#, D#, F#, G#",5,7.14,common_tone,False,False
C# harmonic_minor,F lydian,"C, A, E",3,9.79,common_tone,False,False
C# harmonic_minor,F mixolydian,"C, A, D#",3,9.79,common_tone,False,False
C# harmonic_minor,F locrian,"G#, C#, D#, F#",4,7.71,common_tone,False,False
C# harmonic_minor,F harmonic_minor,"C, C#, E, G#",4,5.71,closely_related,False,False
C# harmonic_minor,F melodic_minor,"C, G#, E",3,8.29,common_tone,False,False
C# harmonic_minor,F# major,"G#, C#, D#, F#",4,9.21,common_tone,False,False
C# harmonic_minor,F# minor,"C#, E, F#, G#, A",5,8.64,common_tone,False,False
C# harmonic_minor,F# dorian,"C#, D#, E, F#, G#, A",6,8.07,common_tone,False,False
C# harmonic_minor,F# phrygian,"C#, E, F#, A",4,9.21,common_tone,False,False
C# harmonic_minor,F# lydian,"C, C#, D#, F#, G#",5,8.64,common_tone,False,False
C# harmonic_minor,F# mixolydian,"C#, D#, E, F#, G#",5,8.64,common_tone,False,False
C# harmonic_minor,F# locrian,"C, A, E, F#",4,9.21,common_tone,False,False
C# harmonic_minor,F# harmonic_minor,"G#, C#, F#, A",4,6.71,closely_related,False,False
C# harmonic_minor,F# melodic_minor,"C#, D#, F#, G#, A",5,8.64,common_tone,False,False
C# harmonic_minor,G major,"C, A, E, F#",4,13.71,common_tone,False,False
C# harmonic_minor,G minor,"C, A, D#",3,14.29,common_tone,False,False
C# harmonic_minor,G dorian,"C, A, E",3,14.29,common_tone,False,False
C# harmonic_minor,G phrygian,"C, G#, D#",3,12.79,common_tone,False,False
C# harmonic_minor,G lydian,"C#, E, F#, A",4,12.21,common_tone,False,False
C# harmonic_minor,G mixolydian,"C, A, E",3,14.29,common_tone,False,False
C# harmonic_minor,G locrian,"C, C#, D#, G#",4,10.71,common_tone,False,False
C# harmonic_minor,G harmonic_minor,"C, A, D#, F#",4,10.71,closely_related,False,False
C# harmonic_minor,G melodic_minor,"C, A, E, F#",4,13.71,common_tone,False,False
C# harmonic_minor,G# major,"C, C#, D#, G#",4,9.21,common_tone,False,False
C# harmonic_minor,G# minor,"C#, D#, E, F#, G#",5,8.64,common_tone,False,False
C# harmonic_minor,G# dorian,"G#, C#, D#, F#",4,9.21,common_tone,False,False
C# harmonic_minor,G# phrygian,"C#, D#, E, F#, G#, A",6,8.07,common_tone,False,False
C# harmonic_minor,G# lydian,"C, G#, D#",3,9.79,common_tone,False,False
C# harmonic_minor,G# mixolydian,"C, C#, D#, F#, G#",5,8.64,common_tone,False,False
C# harmonic_minor,G# locrian,"C#, E, F#, G#, A",5,8.64,common_tone,False,False
C# harmonic_minor,G# harmonic_minor,"G#, C#, D#, E",4,6.71,closely_related,False,False
C# harmonic_minor,G# melodic_minor,"G#, C#, D#",3,9.79,common_tone,False,False
C# harmonic_minor,A major,"C#, E, F#, G#, A",5,7.14,common_tone,False,False
C# harmonic_minor,A minor,"C, A, E",3,8.29,common_tone,False,False
C# harmonic_minor,A dorian,"C, A, E, F#",4,7.71,common_tone,False,False
C# harmonic_minor,A phrygian,"C, A, E",3,8.29,common_tone,False,False
C# harmonic_minor,A lydian,"C#, D#, E, F#, G#, A",6,6.57,common_tone,False,False
C# harmonic_minor,A mixolydian,"C#, E, F#, A",4,7.71,common_tone,False,False
C# harmonic_minor,A locrian,"C, A, D#",3,8.29,common_tone,False,False
C# harmonic_minor,A harmonic_minor,"C, G#, E, A",4,5.71,closely_related,False,False
C# harmonic_minor,A melodic_minor,"C, E, F#, G#, A",5,7.14,common_tone,False,False
C# harmonic_minor,A# major,"C, A, D#",3,9.79,common_tone,False,False
C# harmonic_minor,A# minor,"C, C#, D#, F#, G#",5,5.64,common_tone,False,False
C# harmonic_minor,A# dorian,"C, C#, D#, G#",4,6.21,common_tone,False,False
C# harmonic_minor,A# phrygian,"G#, C#, D#, F#",4,6.21,common_tone,False,False
C# harmonic_minor,A# lydian,"C, A, E",3,9.79,common_tone,False,False
C# harmonic_minor,A# mixolydian,"C, G#, D#",3,8.29,common_tone,False,False
C# harmonic_minor,A# locrian,"C#, D#, E, F#, G#",5,5.64,common_tone,False,False
C# harmonic_minor,A# harmonic_minor,"C, C#, D#, F#, A",5,5.64,closely_related,False,False
C# harmonic_minor,A# melodic_minor,"C, C#, D#, A",4,7.71,common_tone,False,False
C# harmonic_minor,B major,"C#, D#, E, F#, G#",5,4.14,common_tone,False,False
C# harmonic_minor,B minor,"C#, E, F#, A",4,4.71,common_tone,False,False
C# harmonic_minor,B dorian,"C#, E, F#, G#, A",5,4.14,common_tone,False,False
C# harmonic_minor,B phrygian,"C, A, E, F#",4,6.21,common_tone,False,False
C# harmonic_minor,B lydian,"G#, C#, D#, F#",4,4.71,common_tone,False,False
C# harmonic_minor,B mixolydian,"C#, D#, E, F#, G#, A",6,3.57,common_tone,False,False
C# harmonic_minor,B locrian,"C, A, E",3,8.29,common_tone,False,False
C# harmonic_minor,B harmonic_minor,"C#, E, F#",3,4.29,common_tone,False,False
C# harmonic_minor,B melodic_minor,"G#, C#, E, F#",4,4.71,common_tone,False,False
C# melodic_minor,C major,"C, E",2,5.86,nearby_key,False,False
C# melodic_minor,C minor,"C, G#, A#, D#",4,3.21,common_tone,False,False
C# melodic_minor,C dorian,"C, A#, D#",3,5.29,common_tone,False,False
C# melodic_minor,C phrygian,"C, C#, D#, G#, A#",5,2.64,common_tone,False,False
C# melodic_minor,C lydian,"C, E, F#",3,5.29,common_tone,False,False
C# melodic_minor,C mixolydian,"C, A#, E",3,5.29,common_tone,False,False
C# melodic_minor,C locrian,"C, C#, D#, F#, G#, A#",6,2.07,common_tone,False,False
C# melodic_minor,C harmonic_minor,"C, G#, D#",3,3.79,common_tone,False,False
C# melodic_minor,C melodic_minor,"C, D#",2,5.36,nearby_key,False,False
C# melodic_minor,C# major,"C, C#, D#, F#, G#, A#",6,0.57,common_tone,False,False
C# melodic_minor,C# minor,"C#, D#, E, F#, G#",5,1.14,common_tone,False,False
C# melodic_minor,C# dorian,"C#, D#, E, F#, G#, A#",6,0.57,common_tone,False,False
C# melodic_minor,C# phrygian,"G#, C#, E, F#",4,1.71,common_tone,False,False
C# melodic_minor,C# lydian,"C, C#, D#, G#, A#",5,1.14,common_tone,False,False
C# melodic_minor,C# mixolydian,"C#, D#, F#, G#, A#",5,1.14,common_tone,False,False
C# melodic_minor,C# locrian,"C#, E, F#",3,3.79,common_tone,False,False
C# melodic_minor,C# harmonic_minor,"C, C#, D#, E, F#, G#",6,0.57,common_tone,False,False
C# melodic_minor,D major,"C#, E, F#",3,5.29,common_tone,False,False
C# melodic_minor,D minor,"C, A#, E",3,6.79,common_tone,False,False
C# melodic_minor,D dorian,"C, E",2,7.36,nearby_key,False,False
C# melodic_minor,D phrygian,"C, A#, D#",3,6.79,common_tone,False,False
C# melodic_minor,D lydian,"G#, C#, E, F#",4,3.21,common_tone,False,False
C# melodic_minor,D mixolydian,"C, E, F#",3,6.79,common_tone,False,False
C# melodic_minor,D locrian,"C, G#, A#, D#",4,4.71,common_tone,False,False
C# melodic_minor,D harmonic_minor,"C#, A#, E",3,5.29,common_tone,False,False
C# melodic_minor,D melodic_minor,"C#, E",2,5.36,nearby_key,False,False
C# melodic_minor,D# major,"C, G#, A#, D#",4,4.71,common_tone,False,False
C# melodic_minor,D# minor,"C#, D#, F#, G#, A#",5,4.14,common_tone,False,False
C# melodic_minor,D# dorian,"C, C#, D#, F#, G#, A#",6,3.57,common_tone,False,False
C# melodic_minor,D# phrygian,"C#, D#, E, F#, G#, A#",6,3.57,common_tone,False,False
C# melodic_minor,D# lydian,"C, A#, D#",3,5.29,common_tone,False,False
C# melodic_minor,D# mixolydian,"C, C#, D#, G#, A#",5,4.14,common_tone,False,False
C# melodic_minor,D# locrian,"C#, D#, E, F#, G#",5,4.14,common_tone,False,False
C# melodic_minor,D# harmonic_minor,"G#, A#, D#, F#",4,4.71,common_tone,False,False
C# melodic_minor,D# melodic_minor,"C, D#, F#, G#, A#",5,3.14,closely_related,False,False
C# melodic_minor,E major,"C#, D#, E, F#, G#",5,5.64,common_tone,False,False
C# melodic_minor,E minor,"C, E, F#",3,8.29,common_tone,False,False
C# melodic_minor,E dorian,"C#, E, F#",3,6.79,common_tone,False,False
C# melodic_minor,E phrygian,"C, E",2,8.86,distant_modulation,False,False
C# melodic_minor,E lydian,"C#, D#, E, F#, G#, A#",6,5.07,common_tone,False,False
C# melodic_minor,E mixolydian,"G#, C#, E, F#",4,6.21,common_tone,False,False
C# melodic_minor,E locrian,"C, A#, E",3,6.79,common_tone,False,False
C# melodic_minor,E harmonic_minor,"C, D#, E, F#",4,7.71,common_tone,False,False
C# melodic_minor,E melodic_minor,"C#, D#, E, F#",4,4.71,closely_related,False,False
C# melodic_minor,F major,"C, A#, E",3,9.79,common_tone,False,False
C# melodic_minor,F minor,"C, C#, D#, G#, A#",5,7.14,common_tone,False,False
C# melodic_minor,F dorian,"C, G#, A#, D#",4,7.71,common_tone,False,False
C# melodic_minor,F phrygian,"C, C#, D#, F#, G#, A#",6,6.57,common_tone,False,False
C# melodic_minor,F lydian,"C, E",2,10.36,distant_modulation,False,False
C# melodic_minor,F mixolydian,"C, A#, D#",3,9.79,common_tone,False,False
C# melodic_minor,F locrian,"C#, D#, F#, G#, A#",5,7.14,common_tone,False,False
C# melodic_minor,F harmonic_minor,"C, C#, E, G#, A#",5,7.14,common_tone,False,False
C# melodic_minor,F melodic_minor,"C, G#, A#, E",4,5.71,closely_related,False,False
C# melodic_minor,F# major,"C#, D#, F#, G#, A#",5,8.64,common_tone,False,False
C# melodic_minor,F# minor,"G#, C#, E, F#",4,9.21,common_tone,False,False
C# melodic_minor,F# dorian,"C#, D#, E, F#, G#",5,8.64,common_tone,False,False
C# melodic_minor,F# phrygian,"C#, E, F#",3,9.79,common_tone,False,False
C# melodic_minor,F# lydian,"C, C#, D#, F#, G#, A#",6,8.07,common_tone,False,False
C# melodic_minor,F# mixolydian,"C#, D#, E, F#, G#, A#",6,8.07,common_tone,False,False
C# melodic_minor,F# locrian,"C, E, F#",3,9.79,common_tone,False,False
C# melodic_minor,F# harmonic_minor,"G#, C#, F#",3,9.79,common_tone,False,False
C# melodic_minor,F# melodic_minor,"G#, C#, D#, F#",4,6.71,closely_related,False,False
C# melodic_minor,G major,"C, E, F#",3,14.29,common_tone,False,False
C# melodic_minor,G minor,"C, A#, D#",3,14.29,common_tone,False,False
C# melodic_minor,G dorian,"C, A#, E",3,14.29,common_tone,False,False
C# melodic_minor,G phrygian,"C, G#, A#, D#",4,12.21,common_tone,False,False
C# melodic_minor,G lydian,"C#, E, F#",3,12.79,common_tone,False,False
C# melodic_minor,G mixolydian,"C, E",2,14.86,distant_modulation,False,False
C# melodic_minor,G locrian,"C, C#, D#, G#, A#",5,10.14,common_tone,False,False
C# melodic_minor,G harmonic_minor,"C, A#, D#, F#",4,13.71,common_tone,False,False
C# melodic_minor,G melodic_minor,"C, A#, E, F#",4,10.71,closely_related,False,False
C# melodic_minor,G# major,"C, C#, D#, G#, A#",5,8.64,common_tone,False,False
C# melodic_minor,G# minor,"C#, D#, E, F#, G#, A#",6,8.07,common_tone,False,False
C# melodic_minor,G# dorian,"C#, D#, F#, G#, A#",5,8.64,common_tone,False,False
C# melodic_minor,G# phrygian,"C#, D#, E, F#, G#",5,8.64,common_tone,False,False
C# melodic_minor,G# lydian,"C, G#, A#, D#",4,9.21,common_tone,False,False
C# melodic_minor,G# mixolydian,"C, C#, D#, F#, G#, A#",6,8.07,common_tone,False,False
C# melodic_minor,G# locrian,"G#, C#, E, F#",4,9.21,common_tone,False,False
C# melodic_minor,G# harmonic_minor,"C#, D#, E, G#, A#",5,8.64,common_tone,False,False
C# melodic_minor,G# melodic_minor,"G#, C#, A#, D#",4,6.71,closely_related,False,False
C# melodic_minor,A major,"G#, C#, E, F#",4,7.71,common_tone,False,False
C# melodic_minor,A minor,"C, E",2,10.36,distant_modulation,False,False
C# melodic_minor,A dorian,"C, E, F#",3,9.79,common_tone,False,False
C# melodic_minor,A phrygian,"C, A#, E",3,9.79,common_tone,False,False
C# melodic_minor,A lydian,"C#, D#, E, F#, G#",5,7.14,common_tone,False,False
C# melodic_minor,A mixolydian,"C#, E, F#",3,8.29,common_tone,False,False
C# melodic_minor,A locrian,"C, A#, D#",3,9.79,common_tone,False,False
C# melodic_minor,A harmonic_minor,"C, G#, E",3,8.29,common_tone,False,False
C# melodic_minor,A melodic_minor,"C, G#, E, F#",4,5.71,closely_related,False,False
C# melodic_minor,A# major,"C, A#, D#",3,8.29,common_tone,False,False
C# melodic_minor,A# minor,"C, C#, D#, F#, G#, A#",6,5.07,common_tone,False,False
C# melodic_minor,A# dorian,"C, C#, D#, G#, A#",5,5.64,common_tone,False,False
C# melodic_minor,A# phrygian,"C#, D#, F#, G#, A#",5,5.64,common_tone,False,False
C# melodic_minor,A# lydian,"C, A#, E",3,8.29,common_tone,False,False
C# melodic_minor,A# mixolydian,"C, G#, A#, D#",4,6.21,common_tone,False,False
C# melodic_minor,A# locrian,"C#, D#, E, F#, G#, A#",6,5.07,common_tone,False,False
C# melodic_minor,A# harmonic_minor,"C, C#, D#, F#, A#",5,5.64,common_tone,False,False
C# melodic_minor,A# melodic_minor,"C, C#, A#, D#",4,4.71,closely_related,False,False
C# melodic_minor,B major,"C#, D#, E, F#, G#, A#",6,3.57,common_tone,False,False
C# melodic_minor,B minor,"C#, E, F#",3,5.29,common_tone,False,False
C# melodic_minor,B dorian,"G#, C#, E, F#",4,4.71,common_tone,False,False
C# melodic_minor,B phrygian,"C, E, F#",3,6.79,common_tone,False,False
C# melodic_minor,B lydian,"C#, D#, F#, G#, A#",5,4.14,common_tone,False,False
C# melodic_minor,B mixolydian,"C#, D#, E, F#, G#",5,4.14,common_tone,False,False
C# melodic_minor,B locrian,"C, E",2,8.86,nearby_key,False,False
C# melodic_minor,B harmonic_minor,"C#, A#, E, F#",4,4.71,common_tone,False,False
C# melodic_minor,B melodic_minor,"C#, E, F#, G#, A#",5,3.14,closely_related,False,False
D major,C major,"D, E, G, A, B",5,3.14,closely_related,False,False
D major,C minor,"D, G",2,5.86,nearby_key,False,False
D major,C dorian,"A, D, G",3,5.29,common_tone,False,False
D major,C phrygian,"C#, G",2,7.36,nearby_key,False,False
D major,C lydian,"D, E, F#, G, A, B",6,3.57,common_tone,False,False
D major,C mixolydian,"A, D, E, G",4,4.71,common_tone,False,False
D major,C locrian,"C#, F#",2,7.36,nearby_key,False,False
D major,C harmonic_minor,"D, B, G",3,5.29,common_tone,False,False
D major,C melodic_minor,"A, D, B, G",4,4.71,common_tone,False,False
D major,C# major,"C#, F#",2,5.36,nearby_key,False,False
D major,C# minor,"C#, E, F#, A, B",5,2.64,common_tone,False,False
D major,C# dorian,"C#, B, E, F#",4,4.71,common_tone,False,False
D major,C# phrygian,"C#, D, E, F#, A, B",6,2.07,common_tone,False,False
D major,C# lydian,"C#, G",2,5.86,nearby_key,False,False
D major,C# mixolydian,"C#, B, F#",3,5.29,common_tone,False,False
D major,C# locrian,"C#, D, E, F#, G, A, B",7,1.5,common_tone,False,False
D major,C# harmonic_minor,"C#, E, F#, A",4,3.21,common_tone,False,False
D major,C# melodic_minor,"C#, E, F#",3,5.29,common_tone,False,False
D major,D minor,"A, D, E, G",4,1.71,common_tone,False,False
D major,D dorian,"D, E, G, A, B",5,1.14,common_tone,False,False
D major,D phrygian,"A, D, G",3,2.29,common_tone,False,False
D major,D lydian,"C#, D, E, F#, A, B",6,0.57,common_tone,False,False
D major,D mixolydian,"D, E, F#, G, A, B",6,0.57,common_tone,False,False
D major,D locrian,"D, G",2,4.36,nearby_key,False,False
D major,D harmonic_minor,"C#, D, E, G, A",5,1.14,common_tone,False,False
D major,D melodic_minor,"C#, D, E, G, A, B",6,0.57,common_tone,False,False
D major,D# major,"D, G",2,5.36,nearby_key,False,False
D major,D# minor,"C#, B, F#",3,6.79,common_tone,False,False
D major,D# dorian,"C#, F#",2,7.36,nearby_key,False,False
D major,D# phrygian,"C#, B, E, F#",4,6.21,common_tone,False,False
D major,D# lydian,"A, D, G",3,3.79,common_tone,False,False
D major,D# mixolydian,"C#, G",2,7.36,nearby_key,False,False
D major,D# locrian,"C#, E, F#, A, B",5,4.14,common_tone,False,False
D major,D# harmonic_minor,"D, B, F#",3,5.29,common_tone,False,False
D major,D# melodic_minor,"D, F#",2,5.86,nearby_key,False,False
D major,E major,"C#, E, F#, A, B",5,3.14,closely_related,False,False
D major,E minor,"D, E, F#, G, A, B",6,3.57,common_tone,False,False
D major,E dorian,"C#, D, E, F#, G, A, B",7,3.0,common_tone,False,False
D major,E phrygian,"D, E, G, A, B",5,4.14,common_tone,False,False
D major,E lydian,"C#, B, E, F#",4,4.71,common_tone,False,False
D major,E mixolydian,"C#, D, E, F#, A, B",6,3.57,common_tone,False,False
D major,E locrian,"A, D, E, G",4,4.71,common_tone,False,False
D major,E harmonic_minor,"E, F#, G, A, B",5,4.14,common_tone,False,False
D major,E melodic_minor,"C#, E, F#, G, A, B",6,3.57,common_tone,False,False
D major,F major,"A, D, E, G",4,4.71,closely_related,False,False
D major,F minor,"C#, G",2,10.36,distant_modulation,False,False
D major,F dorian,"D, G",2,8.86,distant_modulation,False,False
D major,F phrygian,"C#, F#",2,10.36,distant_modulation,False,False
D major,F lydian,"D, E, G, A, B",5,5.64,common_tone,False,False
D major,F mixolydian,"A, D, G",3,6.79,common_tone,False,False
D major,F locrian,"C#, B, F#",3,8.29,common_tone,False,False
D major,F harmonic_minor,"C#, E, G",3,9.79,common_tone,False,False
D major,F melodic_minor,"D, E, G",3,8.29,common_tone,False,False
D major,F# major,"C#, B, F#",3,6.29,common_tone,False,False
D major,F# minor,"C#, D, E, F#, A, B",6,6.57,common_tone,False,False
D major,F# dorian,"C#, E, F#, A, B",5,7.14,common_tone,False,False
D major,F# phrygian,"C#, D, E, F#, G, A, B",7,6.0,common_tone,False,False
D major,F# lydian,"C#, F#",2,8.86,distant_modulation,False,False
D major,F# mixolydian,"C#, B, E, F#",4,7.71,common_tone,False,False
D major,F# locrian,"D, E, F#, G, A, B",6,6.57,common_tone,False,False
D major,F# harmonic_minor,"C#, D, F#, A, B",5,7.14,common_tone,False,False
D major,F# melodic_minor,"C#, B, F#, A",4,7.71,common_tone,False,False
D major,G major,"D, E, F#, G, A, B",6,5.57,diatonic_common_tone,False,False
D major,G minor,"A, D, G",3,9.79,common_tone,False,False
D major,G dorian,"A, D, E, G",4,9.21,common_tone,False,False
D major,G phrygian,"D, G",2,10.36,distant_modulation,False,False
D major,G lydian,"C#, D, E, F#, G, A, B",7,7.5,common_tone,False,False
D major,G mixolydian,"D, E, G, A, B",5,8.64,common_tone,False,False
D major,G locrian,"C#, G",2,10.36,distant_modulation,False,False
D major,G harmonic_minor,"A, D, F#, G",4,9.21,common_tone,False,False
D major,G melodic_minor,"D, E, F#, G, A",5,8.64,common_tone,False,False
D major,G# major,"C#, G",2,11.86,distant_modulation,False,False
D major,G# minor,"C#, B, E, F#",4,13.71,common_tone,False,False
D major,G# dorian,"C#, B, F#",3,14.29,common_tone,False,False
D major,G# phrygian,"C#, E, F#, A, B",5,11.64,common_tone,False,False
D major,G# lydian,"D, G",2,13.36,distant_modulation,False,False
D major,G# mixolydian,"C#, F#",2,14.86,distant_modulation,False,False
D major,G# locrian,"C#, D, E, F#, A, B",6,9.57,common_tone,False,False
D major,G# harmonic_minor,"C#, B, E, G",4,13.71,common_tone,False,False
D major,G# melodic_minor,"C#, B, G",3,14.29,common_tone,False,False
D major,A major,"C#, D, E, F#, A, B",6,5.57,diatonic_common_tone,False,False
D major,A minor,"D, E, G, A, B",5,8.64,common_tone,False,False
D major,A dorian,"D, E, F#, G, A, B",6,8.07,common_tone,False,False
D major,A phrygian,"A, D, E, G",4,9.21,common_tone,False,False
D major,A lydian,"C#, E, F#, A, B",5,8.64,common_tone,False,False
D major,A mixolydian,"C#, D, E, F#, G, A, B",7,7.5,common_tone,False,False
D major,A locrian,"A, D, G",3,9.79,common_tone,False,False
D major,A harmonic_minor,"A, D, B, E",4,9.21,common_tone,False,False
D major,A melodic_minor,"D, E, F#, A, B",5,8.64,common_tone,False,False
D major,A# major,"A, D, G",3,6.29,common_tone,False,False
D major,A# minor,"C#, F#",2,11.86,distant_modulation,False,False
D major,A# dorian,"C#, G",2,11.86,distant_modulation,False,False
D major,A# phrygian,"C#, B, F#",3,11.29,common_tone,False,False
D major,A# lydian,"A, D, E, G",4,7.71,common_tone,False,False
D major,A# mixolydian,"D, G",2,10.36,distant_modulation,False,False
D major,A# locrian,"C#, B, E, F#",4,9.21,common_tone,False,False
D major,A# harmonic_minor,"C#, F#, A",3,9.79,common_tone,False,False
D major,A# melodic_minor,"C#, A, G",3,9.79,common_tone,False,False
D major,B major,"C#, B, E, F#",4,4.71,closely_related,False,False
D major,B minor,"C#, D, E, F#, G, A, B",7,4.5,common_tone,False,False
D major,B dorian,"C#, D, E, F#, A, B",6,5.07,common_tone,False,False
D major,B phrygian,"D, E, F#, G, A, B",6,5.07,common_tone,False,False
D major,B lydian,"C#, B, F#",3,6.79,common_tone,False,False
D major,B mixolydian,"C#, E, F#, A, B",5,5.64,common_tone,False,False
D major,B locrian,"D, E, G, A, B",5,5.64,common_tone,False,False
D major,B harmonic_minor,"C#, D, E, F#, G, B",6,5.07,common_tone,False,False
D major,B melodic_minor,"C#, D, E, F#, B",5,5.64,common_tone,False,False
D minor,C major,"C, D, E, F, G, A",6,3.57,common_tone,False,False
D minor,C minor,"C, D, F, G, A#",5,3.14,closely_related,False,False
D minor,C dorian,"C, D, F, G, A, A#",6,3.57,common_tone,False,False
D minor,C phrygian,"C, A#, F, G",4,4.71,common_tone,False,False
D minor,C lydian,"C, D, E, G, A",5,4.14,common_tone,False,False
D minor,C mixolydian,"C, D, E, F, G, A, A#",7,3.0,common_tone,False,False
D minor,C locrian,"C, A#, F",3,6.79,common_tone,False,False
D minor,C harmonic_minor,"C, D, F, G",4,4.71,common_tone,False,False
D minor,C melodic_minor,"C, D, F, G, A",5,4.14,common_tone,False,False
D minor,C# major,"C, A#, F",3,6.79,common_tone,False,False
D minor,C# minor,"A, E",2,5.36,nearby_key,False,False
D minor,C# dorian,"A#, E",2,7.36,nearby_key,False,False
D minor,C# phrygian,"A, D, E",3,3.79,common_tone,False,False
D minor,C# lydian,"C, A#, F, G",4,6.21,common_tone,False,False
D minor,C# mixolydian,"A#, F",2,7.36,nearby_key,False,False
D minor,C# locrian,"A, D, E, G",4,3.21,common_tone,False,False
D minor,C# harmonic_minor,"C, A, E",3,5.29,common_tone,False,False
D minor,C# melodic_minor,"C, A#, E",3,6.79,common_tone,False,False
D minor,D major,"A, D, E, G",4,1.71,common_tone,False,False
D minor,D dorian,"C, D, E, F, G, A",6,0.57,common_tone,False,False
D minor,D phrygian,"C, D, F, G, A, A#",6,0.57,common_tone,False,False
D minor,D lydian,"A, D, E",3,2.29,common_tone,False,False
D minor,D mixolydian,"C, D, E, G, A",5,1.14,common_tone,False,False
D minor,D locrian,"C, D, F, G, A#",5,2.64,common_tone,False,False
D minor,D harmonic_minor,"D, E, F, G, A, A#",6,0.57,common_tone,False,False
D minor,D melodic_minor,"D, E, F, G, A",5,1.14,common_tone,False,False
D minor,D# major,"C, D, F, G, A#",5,2.64,common_tone,False,False
D minor,D# minor,"A#, F",2,5.36,nearby_key,False,False
D minor,D# dorian,"C, A#, F",3,5.29,common_tone,False,False
D minor,D# phrygian,"A#, E",2,5.86,nearby_key,False,False
D minor,D# lydian,"C, D, F, G, A, A#",6,2.07,common_tone,False,False
D minor,D# mixolydian,"C, A#, F, G",4,4.71,common_tone,False,False
D minor,D# locrian,"A, E",2,5.86,nearby_key,False,False
D minor,D# harmonic_minor,"D, A#, F",3,3.79,common_tone,False,False
D minor,D# melodic_minor,"C, D, A#, F",4,3.21,common_tone,False,False
D minor,E major,"A, E",2,5.86,nearby_key,False,False
D minor,E minor,"C, D, E, G, A",5,3.14,closely_related,False,False
D minor,E dorian,"A, D, E, G",4,4.71,common_tone,False,False
D minor,E phrygian,"C, D, E, F, G, A",6,3.57,common_tone,False,False
D minor,E lydian,"A#, E",2,7.36,nearby_key,False,False
D minor,E mixolydian,"A, D, E",3,5.29,common_tone,False,False
D minor,E locrian,"C, D, E, F, G, A, A#",7,3.0,common_tone,False,False
D minor,E harmonic_minor,"C, A, E, G",4,4.71,common_tone,False,False
D minor,E melodic_minor,"A, E, G",3,5.29,common_tone,False,False
D minor,F major,"C, D, E, F, G, A, A#",7,4.5,common_tone,False,False
D minor,F minor,"C, A#, F, G",4,4.71,closely_related,False,False
D minor,F dorian,"C, D, F, G, A#",5,5.64,common_tone,False,False
D minor,F phrygian,"C, A#, F",3,6.79,common_tone,False,False
D minor,F lydian,"C, D, E, F, G, A",6,5.07,common_tone,False,False
D minor,F mixolydian,"C, D, F, G, A, A#",6,5.07,common_tone,False,False
D minor,F locrian,"A#, F",2,8.86,distant_modulation,False,False
D minor,F harmonic_minor,"C, E, F, G, A#",5,5.64,common_tone,False,False
D minor,F melodic_minor,"C, D, E, F, G, A#",6,5.07,common_tone,False,False
D minor,F# major,"A#, F",2,11.86,distant_modulation,False,False
D minor,F# minor,"A, D, E",3,6.29,common_tone,False,False
D minor,F# dorian,"A, E",2,10.36,distant_modulation,False,False
D minor,F# phrygian,"A, D, E, G",4,7.71,common_tone,False,False
D minor,F# lydian,"C, A#, F",3,11.29,common_tone,False,False
D minor,F# mixolydian,"A#, E",2,11.86,distant_modulation,False,False
D minor,F# locrian,"C, D, E, G, A",5,7.14,common_tone,False,False
D minor,F# harmonic_minor,"A, D, F",3,8.29,common_tone,False,False
D minor,F# melodic_minor,"A, F",2,10.36,distant_modulation,False,False
D minor,G major,"C, D, E, G, A",5,8.64,common_tone,False,False
D minor,G minor,"C, D, F, G, A, A#",6,5.57,diatonic_common_tone,False,False
D minor,G dorian,"C, D, E, F, G, A, A#",7,7.5,common_tone,False,False
D minor,G phrygian,"C, D, F, G, A#",5,8.64,common_tone,False,False
D minor,G lydian,"A, D, E, G",4,9.21,common_tone,False,False
D minor,G mixolydian,"C, D, E, F, G, A",6,8.07,common_tone,False,False
D minor,G locrian,"C, A#, F, G",4,10.71,common_tone,False,False
D minor,G harmonic_minor,"C, D, G, A, A#",5,8.64,common_tone,False,False
D minor,G melodic_minor,"C, D, E, G, A, A#",6,8.07,common_tone,False,False
D minor,G# major,"C, A#, F, G",4,13.71,common_tone,False,False
D minor,G# minor,"A#, E",2,11.86,distant_modulation,False,False
D minor,G# dorian,"A#, F",2,14.86,distant_modulation,False,False
D minor,G# phrygian,"A, E",2,13.36,distant_modulation,False,False
D minor,G# lydian,"C, D, F, G, A#",5,11.64,common_tone,False,False
D minor,G# mixolydian,"C, A#, F",3,14.29,common_tone,False,False
D minor,G# locrian,"A, D, E",3,11.29,common_tone,False,False
D minor,G# harmonic_minor,"A#, E, G",3,14.29,common_tone,False,False
D minor,G# melodic_minor,"A#, F, G",3,14.29,common_tone,False,False
D minor,A major,"A, D, E",3,9.79,common_tone,False,False
D minor,A minor,"C, D, E, F, G, A",6,5.57,diatonic_common_tone,False,False
D minor,A dorian,"C, D, E, G, A",5,8.64,common_tone,False,False
D minor,A phrygian,"C, D, E, F, G, A, A#",7,7.5,common_tone,False,False
D minor,A lydian,"A, E",2,10.36,distant_modulation,False,False
D minor,A mixolydian,"A, D, E, G",4,9.21,common_tone,False,False
D minor,A locrian,"C, D, F, G, A, A#",6,8.07,common_tone,False,False
D minor,A harmonic_minor,"C, D, E, F, A",5,8.64,common_tone,False,False
D minor,A melodic_minor,"C, A, D, E",4,9.21,common_tone,False,False
D minor,A# major,"C, D, F, G, A, A#",6,6.57,common_tone,False,False
D minor,A# minor,"C, A#, F",3,6.29,common_tone,False,False
D minor,A# dorian,"C, A#, F, G",4,7.71,common_tone,False,False
D minor,A# phrygian,"A#, F",2,8.86,distant_modulation,False,False
D minor,A# lydian,"C, D, E, F, G, A, A#",7,6.0,common_tone,False,False
D minor,A# mixolydian,"C, D, F, G, A#",5,7.14,common_tone,False,False
D minor,A# locrian,"A#, E",2,8.86,distant_modulation,False,False
D minor,A# harmonic_minor,"C, A, A#, F",4,7.71,common_tone,False,False
D minor,A# melodic_minor,"C, F, G, A, A#",5,7.14,common_tone,False,False
D minor,B major,"A#, E",2,10.36,distant_modulation,False,False
D minor,B minor,"A, D, E, G",4,4.71,closely_related,False,False
D minor,B dorian,"A, D, E",3,6.79,common_tone,False,False
D minor,B phrygian,"C, D, E, G, A",5,5.64,common_tone,False,False
D minor,B lydian,"A#, F",2,10.36,distant_modulation,False,False
D minor,B mixolydian,"A, E",2,8.86,distant_modulation,False,False
D minor,B locrian,"C, D, E, F, G, A",6,5.07,common_tone,False,False
D minor,B harmonic_minor,"D, A#, E, G",4,7.71,common_tone,False,False
D minor,B melodic_minor,"D, A#, E",3,8.29,common_tone,False,False
D dorian,C major,"C, D, E, F, G, A, B",7,3.0,common_tone,False,False
D dorian,C minor,"C, D, F, G",4,4.71,common_tone,False,False
D dorian,C dorian,"C, D, F, G, A",5,3.14,closely_related,False,False
D dorian,C phrygian,"C, F, G",3,5.29,common_tone,False,False
D dorian,C lydian,"C, D, E, G, A, B",6,3.57,common_tone,False,False
D dorian,C mixolydian,"C, D, E, F, G, A",6,3.57,common_tone,False,False
D dorian,C locrian,"C, F",2,7.36,nearby_key,False,False
D dorian,C harmonic_minor,"C, D, F, G, B",5,4.14,common_tone,False,False
D dorian,C melodic_minor,"C, D, F, G, A, B",6,3.57,common_tone,False,False
D dorian,C# major,"C, F",2,7.36,nearby_key,False,False
D dorian,C# minor,"A, B, E",3,5.29,common_tone,False,False
D dorian,C# dorian,"B, E",2,6.86,nearby_key,False,False
D dorian,C# phrygian,"A, D, B, E",4,3.21,common_tone,False,False
D dorian,C# lydian,"C, F, G",3,6.79,common_tone,False,False
D dorian,C# mixolydian,"B, F",2,7.36,nearby_key,False,False
D dorian,C# locrian,"D, E, G, A, B",5,2.64,common_tone,False,False
D dorian,C# harmonic_minor,"C, A, E",3,5.29,common_tone,False,False
D dorian,C# melodic_minor,"C, E",2,7.36,nearby_key,False,False
D dorian,D major,"D, E, G, A, B",5,1.14,common_tone,False,False
D dorian,D minor,"C, D, E, F, G, A",6,0.57,common_tone,False,False
D dorian,D phrygian,"C, D, F, G, A",5,1.14,common_tone,False,False
D dorian,D lydian,"A, D, B, E",4,1.71,common_tone,False,False
D dorian,D mixolydian,"C, D, E, G, A, B",6,0.57,common_tone,False,False
D dorian,D locrian,"C, D, F, G",4,3.21,common_tone,False,False
D dorian,D harmonic_minor,"D, E, F, G, A",5,1.14,common_tone,False,False
D dorian,D melodic_minor,"D, E, F, G, A, B",6,0.57,common_tone,False,False
D dorian,D# major,"C, D, F, G",4,4.71,common_tone,False,False
D dorian,D# minor,"B, F",2,7.36,nearby_key,False,False
D dorian,D# dorian,"C, F",2,6.86,nearby_key,False,False
D dorian,D# phrygian,"B, E",2,7.36,nearby_key,False,False
D dorian,D# lydian,"C, D, F, G, A",5,2.64,common_tone,False,False
D dorian,D# mixolydian,"C, F, G",3,6.79,common_tone,False,False
D dorian,D# locrian,"A, B, E",3,5.29,common_tone,False,False
D dorian,D# harmonic_minor,"D, B, F",3,5.29,common_tone,False,False
D dorian,D# melodic_minor,"C, D, F",3,5.29,common_tone,False,False
D dorian,E major,"A, B, E",3,5.29,common_tone,False,False
D dorian,E minor,"C, D, E, G, A, B",6,3.57,common_tone,False,False
D dorian,E dorian,"D, E, G, A, B",5,3.14,closely_related,False,False
D dorian,E phrygian,"C, D, E, F, G, A, B",7,3.0,common_tone,False,False
D dorian,E lydian,"B, E",2,5.86,nearby_key,False,False
D dorian,E mixolydian,"A, D, B, E",4,4.71,common_tone,False,False
D dorian,E locrian,"C, D, E, F, G, A",6,3.57,common_tone,False,False
D dorian,E harmonic_minor,"C, E, G, A, B",5,4.14,common_tone,False,False
D dorian,E melodic_minor,"A, B, E, G",4,4.71,common_tone,False,False
D dorian,F major,"C, D, E, F, G, A",6,5.07,common_tone,False,False
D dorian,F minor,"C, F, G",3,6.79,common_tone,False,False
D dorian,F dorian,"C, D, F, G",4,4.71,closely_related,False,False
D dorian,F phrygian,"C, F",2,7.36,distant_modulation,False,False
D dorian,F lydian,"C, D, E, F, G, A, B",7,4.5,common_tone,False,False
D dorian,F mixolydian,"C, D, F, G, A",5,5.64,common_tone,False,False
D dorian,F locrian,"B, F",2,7.36,distant_modulation,False,False
D dorian,F harmonic_minor,"C, E, F, G",4,6.21,common_tone,False,False
D dorian,F melodic_minor,"C, D, E, F, G",5,5.64,common_tone,False,False
D dorian,F# major,"B, F",2,11.86,distant_modulation,False,False
D dorian,F# minor,"A, D, B, E",4,7.71,common_tone,False,False
D dorian,F# dorian,"A, B, E",3,7.79,common_tone,False,False
D dorian,F# phrygian,"D, E, G, A, B",5,7.14,common_tone,False,False
D dorian,F# lydian,"C, F",2,11.86,distant_modulation,False,False
D dorian,F# mixolydian,"B, E",2,11.86,distant_modulation,False,False
D dorian,F# locrian,"C, D, E, G, A, B",6,6.57,common_tone,False,False
D dorian,F# harmonic_minor,"A, D, B, F",4,7.71,common_tone,False,False
D dorian,F# melodic_minor,"A, B, F",3,9.79,common_tone,False,False
D dorian,G major,"C, D, E, G, A, B",6,8.07,common_tone,False,False
D dorian,G minor,"C, D, F, G, A",5,8.64,common_tone,False,False
D dorian,G dorian,"C, D, E, F, G, A",6,5.57,diatonic_common_tone,False,False
D dorian,G phrygian,"C, D, F, G",4,9.21,common_tone,False,False
D dorian,G lydian,"D, E, G, A, B",5,8.64,common_tone,False,False
D dorian,G mixolydian,"C, D, E, F, G, A, B",7,7.5,common_tone,False,False
D dorian,G locrian,"C, F, G",3,11.29,common_tone,False,False
D dorian,G harmonic_minor,"C, A, D, G",4,9.21,common_tone,False,False
D dorian,G melodic_minor,"C, D, E, G, A",5,8.64,common_tone,False,False
D dorian,G# major,"C, F, G",3,14.29,common_tone,False,False
D dorian,G# minor,"B, E",2,14.86,distant_modulation,False,False
D dorian,G# dorian,"B, F",2,11.86,distant_modulation,False,False
D dorian,G# phrygian,"A, B, E",3,12.79,common_tone,False,False
D dorian,G# lydian,"C, D, F, G",4,12.21,common_tone,False,False
D dorian,G# mixolydian,"C, F",2,14.86,distant_modulation,False,False
D dorian,G# locrian,"A, D, B, E",4,10.71,common_tone,False,False
D dorian,G# harmonic_minor,"B, E, G",3,14.29,common_tone,False,False
D dorian,G# melodic_minor,"B, F, G",3,14.29,common_tone,False,False
D dorian,A major,"A, D, B, E",4,9.21,common_tone,False,False
D dorian,A minor,"C, D, E, F, G, A, B",7,7.5,common_tone,False,False
D dorian,A dorian,"C, D, E, G, A, B",6,5.57,diatonic_common_tone,False,False
D dorian,A phrygian,"C, D, E, F, G, A",6,8.07,common_tone,False,False
D dorian,A lydian,"A, B, E",3,9.79,common_tone,False,False
D dorian,A mixolydian,"D, E, G, A, B",5,8.64,common_tone,False,False
D dorian,A locrian,"C, D, F, G, A",5,8.64,common_tone,False,False
D dorian,A harmonic_minor,"C, D, E, F, A, B",6,8.07,common_tone,False,False
D dorian,A melodic_minor,"C, D, E, A, B",5,8.64,common_tone,False,False
D dorian,A# major,"C, D, F, G, A",5,7.14,common_tone,False,False
D dorian,A# minor,"C, F",2,10.36,distant_modulation,False,False
D dorian,A# dorian,"C, F, G",3,7.79,common_tone,False,False
D dorian,A# phrygian,"B, F",2,10.36,distant_modulation,False,False
D dorian,A# lydian,"C, D, E, F, G, A",6,6.57,common_tone,False,False
D dorian,A# mixolydian,"C, D, F, G",4,7.71,common_tone,False,False
D dorian,A# locrian,"B, E",2,10.36,distant_modulation,False,False
D dorian,A# harmonic_minor,"C, A, F",3,8.29,common_tone,False,False
D dorian,A# melodic_minor,"C, A, F, G",4,7.71,common_tone,False,False
D dorian,B major,"B, E",2,8.86,distant_modulation,False,False
D dorian,B minor,"D, E, G, A, B",5,5.64,common_tone,False,False
D dorian,B dorian,"A, D, B, E",4,4.71,closely_related,False,False
D dorian,B phrygian,"C, D, E, G, A, B",6,5.07,common_tone,False,False
D dorian,B lydian,"B, F",2,8.86,distant_modulation,False,False
D dorian,B mixolydian,"A, B, E",3,6.79,common_tone,False,False
D dorian,B locrian,"C, D, E, F, G, A, B",7,4.5,common_tone,False,False
D dorian,B harmonic_minor,"D, B, E, G",4,6.21,common_tone,False,False
D dorian,B melodic_minor,"D, B, E",3,6.79,common_tone,False,False
D phrygian,C major,"C, D, F, G, A",5,4.14,common_tone,False,False
D phrygian,C minor,"C, D, D#, F, G, A#",6,3.57,common_tone,False,False
D phrygian,C dorian,"C, D, D#, F, G, A, A#",7,3.0,common_tone,False,False
D phrygian,C phrygian,"C, D#, F, G, A#",5,3.14,closely_related,False,False
D phrygian,C lydian,"C, A, D, G",4,4.71,common_tone,False,False
D phrygian,C mixolydian,"C, D, F, G, A, A#",6,3.57,common_tone,False,False
D phrygian,C locrian,"C, A#, D#, F",4,6.21,common_tone,False,False
D phrygian,C harmonic_minor,"C, D, D#, F, G",5,4.14,common_tone,False,False
D phrygian,C melodic_minor,"C, D, D#, F, G, A",6,3.57,common_tone,False,False
D phrygian,C# major,"C, A#, D#, F",4,6.21,common_tone,False,False
D phrygian,C# minor,"A, D#",2,5.86,nearby_key,False,False
D phrygian,C# dorian,"A#, D#",2,7.36,nearby_key,False,False
D phrygian,C# phrygian,"A, D",2,3.86,nearby_key,False,False
D phrygian,C# lydian,"C, D#, F, G, A#",5,5.64,common_tone,False,False
D phrygian,C# mixolydian,"A#, D#, F",3,6.79,common_tone,False,False
D phrygian,C# locrian,"A, D, G",3,3.79,common_tone,False,False
D phrygian,C# harmonic_minor,"C, A, D#",3,5.29,common_tone,False,False
D phrygian,C# melodic_minor,"C, A#, D#",3,6.79,common_tone,False,False
D phrygian,D major,"A, D, G",3,2.29,common_tone,False,False
D phrygian,D minor,"C, D, F, G, A, A#",6,0.57,common_tone,False,False
D phrygian,D dorian,"C, D, F, G, A",5,1.14,common_tone,False,False
D phrygian,D lydian,"A, D",2,2.86,nearby_key,False,False
D phrygian,D mixolydian,"C, A, D, G",4,1.71,common_tone,False,False
D phrygian,D locrian,"C, D, D#, F, G, A#",6,2.07,common_tone,False,False
D phrygian,D harmonic_minor,"D, F, G, A, A#",5,1.14,common_tone,False,False
D phrygian,D melodic_minor,"A, D, F, G",4,1.71,common_tone,False,False
D phrygian,D# major,"C, D, D#, F, G, A#",6,2.07,common_tone,False,False
D phrygian,D# minor,"A#, D#, F",3,3.79,common_tone,False,False
D phrygian,D# dorian,"C, A#, D#, F",4,3.21,common_tone,False,False
D phrygian,D# phrygian,"A#, D#",2,3.86,nearby_key,False,False
D phrygian,D# lydian,"C, D, D#, F, G, A, A#",7,1.5,common_tone,False,False
D phrygian,D# mixolydian,"C, D#, F, G, A#",5,2.64,common_tone,False,False
D phrygian,D# locrian,"A, D#",2,4.36,nearby_key,False,False
D phrygian,D# harmonic_minor,"A#, D, D#, F",4,3.21,common_tone,False,False
D phrygian,D# melodic_minor,"C, D, D#, F, A#",5,2.64,common_tone,False,False
D phrygian,E major,"A, D#",2,7.36,nearby_key,False,False
D phrygian,E minor,"C, A, D, G",4,4.71,common_tone,False,False
D phrygian,E dorian,"A, D, G",3,5.29,common_tone,False,False
D phrygian,E phrygian,"C, D, F, G, A",5,3.14,closely_related,False,False
D phrygian,E lydian,"A#, D#",2,8.86,nearby_key,False,False
D phrygian,E mixolydian,"A, D",2,5.86,nearby_key,False,False
D phrygian,E locrian,"C, D, F, G, A, A#",6,3.57,common_tone,False,False
D phrygian,E harmonic_minor,"C, A, D#, G",4,6.21,common_tone,False,False
D phrygian,E melodic_minor,"A, D#, G",3,6.79,common_tone,False,False
D phrygian,F major,"C, D, F, G, A, A#",6,5.07,common_tone,False,False
D phrygian,F minor,"C, D#, F, G, A#",5,5.64,common_tone,False,False
D phrygian,F dorian,"C, D, D#, F, G, A#",6,5.07,common_tone,False,False
D phrygian,F phrygian,"C, A#, D#, F",4,4.71,closely_related,False,False
D phrygian,F lydian,"C, D, F, G, A",5,5.64,common_tone,False,False
D phrygian,F mixolydian,"C, D, D#, F, G, A, A#",7,4.5,common_tone,False,False
D phrygian,F locrian,"A#, D#, F",3,8.29,common_tone,False,False
D phrygian,F harmonic_minor,"C, A#, F, G",4,6.21,common_tone,False,False
D phrygian,F melodic_minor,"C, D, F, G, A#",5,5.64,common_tone,False,False
D phrygian,F# major,"A#, D#, F",3,11.29,common_tone,False,False
D phrygian,F# minor,"A, D",2,8.86,distant_modulation,False,False
D phrygian,F# dorian,"A, D#",2,10.36,distant_modulation,False,False
D phrygian,F# phrygian,"A, D, G",3,6.29,common_tone,False,False
D phrygian,F# lydian,"C, A#, D#, F",4,10.71,common_tone,False,False
D phrygian,F# mixolydian,"A#, D#",2,11.86,distant_modulation,False,False
D phrygian,F# locrian,"C, A, D, G",4,7.71,common_tone,False,False
D phrygian,F# harmonic_minor,"A, D, F",3,8.29,common_tone,False,False
D phrygian,F# melodic_minor,"A, D#, F",3,9.79,common_tone,False,False
D phrygian,G major,"C, A, D, G",4,9.21,common_tone,False,False
D phrygian,G minor,"C, D, D#, F, G, A, A#",7,7.5,common_tone,False,False
D phrygian,G dorian,"C, D, F, G, A, A#",6,8.07,common_tone,False,False
D phrygian,G phrygian,"C, D, D#, F, G, A#",6,5.57,diatonic_common_tone,False,False
D phrygian,G lydian,"A, D, G",3,9.79,common_tone,False,False
D phrygian,G mixolydian,"C, D, F, G, A",5,8.64,common_tone,False,False
D phrygian,G locrian,"C, D#, F, G, A#",5,10.14,common_tone,False,False
D phrygian,G harmonic_minor,"C, D, D#, G, A, A#",6,8.07,common_tone,False,False
D phrygian,G melodic_minor,"C, D, G, A, A#",5,8.64,common_tone,False,False
D phrygian,G# major,"C, D#, F, G, A#",5,11.64,common_tone,False,False
D phrygian,G# minor,"A#, D#",2,13.36,distant_modulation,False,False
D phrygian,G# dorian,"A#, D#, F",3,12.79,common_tone,False,False
D phrygian,G# phrygian,"A, D#",2,8.86,distant_modulation,False,False
D phrygian,G# lydian,"C, D, D#, F, G, A#",6,9.57,common_tone,False,False
D phrygian,G# mixolydian,"C, A#, D#, F",4,12.21,common_tone,False,False
D phrygian,G# locrian,"A, D",2,11.86,distant_modulation,False,False
D phrygian,G# harmonic_minor,"A#, D#, G",3,12.79,common_tone,False,False
D phrygian,G# melodic_minor,"A#, D#, F, G",4,12.21,common_tone,False,False
D phrygian,A major,"A, D",2,10.36,distant_modulation,False,False
D phrygian,A minor,"C, D, F, G, A",5,8.64,common_tone,False,False
D phrygian,A dorian,"C, A, D, G",4,9.21,common_tone,False,False
D phrygian,A phrygian,"C, D, F, G, A, A#",6,5.57,diatonic_common_tone,False,False
D phrygian,A lydian,"A, D#",2,11.86,distant_modulation,False,False
D phrygian,A mixolydian,"A, D, G",3,9.79,common_tone,False,False
D phrygian,A locrian,"C, D, D#, F, G, A, A#",7,7.5,common_tone,False,False
D phrygian,A harmonic_minor,"C, A, D, F",4,9.21,common_tone,False,False
D phrygian,A melodic_minor,"C, A, D",3,9.79,common_tone,False,False
D phrygian,A# major,"C, D, D#, F, G, A, A#",7,6.0,common_tone,False,False
D phrygian,A# minor,"C, A#, D#, F",4,7.71,common_tone,False,False
D phrygian,A# dorian,"C, D#, F, G, A#",5,7.14,common_tone,False,False
D phrygian,A# phrygian,"A#, D#, F",3,6.29,common_tone,False,False
D phrygian,A# lydian,"C, D, F, G, A, A#",6,6.57,common_tone,False,False
D phrygian,A# mixolydian,"C, D, D#, F, G, A#",6,6.57,common_tone,False,False
D phrygian,A# locrian,"A#, D#",2,10.36,distant_modulation,False,False
D phrygian,A# harmonic_minor,"C, D#, F, A, A#",5,7.14,common_tone,False,False
D phrygian,A# melodic_minor,"C, D#, F, G, A, A#",6,6.57,common_tone,False,False
D phrygian,B major,"A#, D#",2,10.36,distant_modulation,False,False
D phrygian,B minor,"A, D, G",3,6.79,common_tone,False,False
D phrygian,B dorian,"A, D",2,7.36,distant_modulation,False,False
D phrygian,B phrygian,"C, A, D, G",4,4.71,closely_related,False,False
D phrygian,B lydian,"A#, D#, F",3,9.79,common_tone,False,False
D phrygian,B mixolydian,"A, D#",2,8.86,distant_modulation,False,False
D phrygian,B locrian,"C, D, F, G, A",5,5.64,common_tone,False,False
D phrygian,B harmonic_minor,"D, A#, G",3,8.29,common_tone,False,False
D phrygian,B melodic_minor,"D, A#",2,8.86,distant_modulation,False,False
D lydian,C major,"A, D, B, E",4,4.71,common_tone,False,False
D lydian,C minor,"G#, D",2,7.36,nearby_key,False,False
D lydian,C dorian,"A, D",2,5.86,nearby_key,False,False
D lydian,C phrygian,"G#, C#",2,8.86,nearby_key,False,False
D lydian,C lydian,"D, E, F#, A, B",5,3.14,closely_related,False,False
D lydian,C mixolydian,"A, D, E",3,5.29,common_tone,False,False
D lydian,C locrian,"G#, C#, F#",3,6.79,common_tone,False,False
D lydian,C harmonic_minor,"G#, D, B",3,6.79,common_tone,False,False
D lydian,C melodic_minor,"A, D, B",3,5.29,common_tone,False,False
D lydian,C# major,"G#, C#, F#",3,3.79,common_tone,False,False
D lydian,C# minor,"C#, E, F#, G#, A, B",6,2.07,common_tone,False,False
D lydian,C# dorian,"C#, E, F#, G#, B",5,2.64,common_tone,False,False
D lydian,C# phrygian,"C#, D, E, F#, G#, A, B",7,1.5,common_tone,False,False
D lydian,C# lydian,"G#, C#",2,3.86,nearby_key,False,False
D lydian,C# mixolydian,"G#, C#, B, F#",4,3.21,common_tone,False,False
D lydian,C# locrian,"C#, D, E, F#, A, B",6,2.07,common_tone,False,False
D lydian,C# harmonic_minor,"C#, E, F#, G#, A",5,2.64,common_tone,False,False
D lydian,C# melodic_minor,"G#, C#, E, F#",4,3.21,common_tone,False,False
D lydian,D major,"C#, D, E, F#, A, B",6,0.57,common_tone,False,False
D lydian,D minor,"A, D, E",3,2.29,common_tone,False,False
D lydian,D dorian,"A, D, B, E",4,1.71,common_tone,False,False
D lydian,D phrygian,"A, D",2,2.86,nearby_key,False,False
D lydian,D mixolydian,"D, E, F#, A, B",5,1.14,common_tone,False,False
D lydian,D locrian,"G#, D",2,2.86,nearby_key,False,False
D lydian,D harmonic_minor,"C#, D, E, A",4,1.71,common_tone,False,False
D lydian,D melodic_minor,"C#, D, E, A, B",5,1.14,common_tone,False,False
D lydian,D# major,"G#, D",2,5.86,nearby_key,False,False
D lydian,D# minor,"G#, C#, B, F#",4,6.21,common_tone,False,False
D lydian,D# dorian,"G#, C#, F#",3,6.79,common_tone,False,False
D lydian,D# phrygian,"C#, E, F#, G#, B",5,5.64,common_tone,False,False
D lydian,D# lydian,"A, D",2,3.86,nearby_key,False,False
D lydian,D# mixolydian,"G#, C#",2,7.36,nearby_key,False,False
D lydian,D# locrian,"C#, E, F#, G#, A, B",6,3.57,common_tone,False,False
D lydian,D# harmonic_minor,"G#, D, B, F#",4,4.71,common_tone,False,False
D lydian,D# melodic_minor,"G#, D, F#",3,5.29,common_tone,False,False
D lydian,E major,"C#, E, F#, G#, A, B",6,3.57,common_tone,False,False
D lydian,E minor,"D, E, F#, A, B",5,4.14,common_tone,False,False
D lydian,E dorian,"C#, D, E, F#, A, B",6,3.57,common_tone,False,False
D lydian,E phrygian,"A, D, B, E",4,4.71,common_tone,False,False
D lydian,E lydian,"C#, E, F#, G#, B",5,3.14,closely_related,False,False
D lydian,E mixolydian,"C#, D, E, F#, G#, A, B",7,3.0,common_tone,False,False
D lydian,E locrian,"A, D, E",3,5.29,common_tone,False,False
D lydian,E harmonic_minor,"A, B, E, F#",4,4.71,common_tone,False,False
D lydian,E melodic_minor,"C#, E, F#, A, B",5,4.14,common_tone,False,False
D lydian,F major,"A, D, E",3,6.79,common_tone,False,False
D lydian,F minor,"G#, C#",2,10.36,distant_modulation,False,False
D lydian,F dorian,"G#, D",2,8.86,distant_modulation,False,False
D lydian,F phrygian,"G#, C#, F#",3,9.79,common_tone,False,False
D lydian,F lydian,"A, D, B, E",4,4.71,closely_related,False,False
D lydian,F mixolydian,"A, D",2,7.36,distant_modulation,False,False
D lydian,F locrian,"G#, C#, B, F#",4,7.71,common_tone,False,False
D lydian,F harmonic_minor,"G#, C#, E",3,9.79,common_tone,False,False
D lydian,F melodic_minor,"G#, D, E",3,8.29,common_tone,False,False
D lydian,F# major,"G#, C#, B, F#",4,7.71,common_tone,False,False
D lydian,F# minor,"C#, D, E, F#, G#, A, B",7,6.0,common_tone,False,False
D lydian,F# dorian,"C#, E, F#, G#, A, B",6,6.57,common_tone,False,False
D lydian,F# phrygian,"C#, D, E, F#, A, B",6,6.57,common_tone,False,False
D lydian,F# lydian,"G#, C#, F#",3,6.29,common_tone,False,False
D lydian,F# mixolydian,"C#, E, F#, G#, B",5,7.14,common_tone,False,False
D lydian,F# locrian,"D, E, F#, A, B",5,7.14,common_tone,False,False
D lydian,F# harmonic_minor,"C#, D, F#, G#, A, B",6,6.57,common_tone,False,False
D lydian,F# melodic_minor,"C#, F#, G#, A, B",5,7.14,common_tone,False,False
D lydian,G major,"D, E, F#, A, B",5,8.64,common_tone,False,False
D lydian,G minor,"A, D",2,10.36,distant_modulation,False,False
D lydian,G dorian,"A, D, E",3,9.79,common_tone,False,False
D lydian,G phrygian,"G#, D",2,11.86,distant_modulation,False,False
D lydian,G lydian,"C#, D, E, F#, A, B",6,5.57,diatonic_common_tone,False,False
D lydian,G mixolydian,"A, D, B, E",4,9.21,common_tone,False,False
D lydian,G locrian,"G#, C#",2,11.86,distant_modulation,False,False
D lydian,G harmonic_minor,"A, D, F#",3,9.79,common_tone,False,False
D lydian,G melodic_minor,"A, D, E, F#",4,9.21,common_tone,False,False
D lydian,G# major,"G#, C#",2,13.36,distant_modulation,False,False
D lydian,G# minor,"C#, E, F#, G#, B",5,11.64,common_tone,False,False
D lydian,G# dorian,"G#, C#, B, F#",4,12.21,common_tone,False,False
D lydian,G# phrygian,"C#, E, F#, G#, A, B",6,9.57,common_tone,False,False
D lydian,G# lydian,"G#, D",2,8.86,distant_modulation,False,False
D lydian,G# mixolydian,"G#, C#, F#",3,12.79,common_tone,False,False
D lydian,G# locrian,"C#, D, E, F#, G#, A, B",7,9.0,common_tone,False,False
D lydian,G# harmonic_minor,"G#, C#, B, E",4,12.21,common_tone,False,False
D lydian,G# melodic_minor,"G#, C#, B",3,12.79,common_tone,False,False
D lydian,A major,"C#, D, E, F#, G#, A, B",7,7.5,common_tone,False,False
D lydian,A minor,"A, D, B, E",4,9.21,common_tone,False,False
D lydian,A dorian,"D, E, F#, A, B",5,8.64,common_tone,False,False
D lydian,A phrygian,"A, D, E",3,9.79,common_tone,False,False
D lydian,A lydian,"C#, E, F#, G#, A, B",6,5.57,diatonic_common_tone,False,False
D lydian,A mixolydian,"C#, D, E, F#, A, B",6,8.07,common_tone,False,False
D lydian,A locrian,"A, D",2,10.36,distant_modulation,False,False
D lydian,A harmonic_minor,"D, E, G#, A, B",5,8.64,common_tone,False,False
D lydian,A melodic_minor,"D, E, F#, G#, A, B",6,8.07,common_tone,False,False
D lydian,A# major,"A, D",2,8.86,distant_modulation,False,False
D lydian,A# minor,"G#, C#, F#",3,11.29,common_tone,False,False
D lydian,A# dorian,"G#, C#",2,11.86,distant_modulation,False,False
D lydian,A# phrygian,"G#, C#, B, F#",4,10.71,common_tone,False,False
D lydian,A# lydian,"A, D, E",3,6.29,common_tone,False,False
D lydian,A# mixolydian,"G#, D",2,10.36,distant_modulation,False,False
D lydian,A# locrian,"C#, E, F#, G#, B",5,8.64,common_tone,False,False
D lydian,A# harmonic_minor,"C#, F#, A",3,9.79,common_tone,False,False
D lydian,A# melodic_minor,"C#, A",2,10.36,distant_modulation,False,False
D lydian,B major,"C#, E, F#, G#, B",5,5.64,common_tone,False,False
D lydian,B minor,"C#, D, E, F#, A, B",6,5.07,common_tone,False,False
D lydian,B dorian,"C#, D, E, F#, G#, A, B",7,4.5,common_tone,False,False
D lydian,B phrygian,"D, E, F#, A, B",5,5.64,common_tone,False,False
D lydian,B lydian,"G#, C#, B, F#",4,4.71,closely_related,False,False
D lydian,B mixolydian,"C#, E, F#, G#, A, B",6,5.07,common_tone,False,False
D lydian,B locrian,"A, D, B, E",4,6.21,common_tone,False,False
D lydian,B harmonic_minor,"C#, D, E, F#, B",5,5.64,common_tone,False,False
D lydian,B melodic_minor,"C#, D, E, F#, G#, B",6,5.07,common_tone,False,False
D mixolydian,C major,"C, D, E, G, A, B",6,3.57,common_tone,False,False
D mixolydian,C minor,"C, D, G",3,5.29,common_tone,False,False
D mixolydian,C dorian,"C, A, D, G",4,4.71,common_tone,False,False
D mixolydian,C phrygian,"C, G",2,5.86,nearby_key,False,False
D mixolydian,C lydian,"C, D, E, F#, G, A, B",7,3.0,common_tone,False,False
D mixolydian,C mixolydian,"C, D, E, G, A",5,3.14,closely_related,False,False
D mixolydian,C locrian,"C, F#",2,5.86,nearby_key,False,False
D mixolydian,C harmonic_minor,"C, D, B, G",4,4.71,common_tone,False,False
D mixolydian,C melodic_minor,"C, D, G, A, B",5,4.14,common_tone,False,False
D mixolydian,C# major,"C, F#",2,7.36,nearby_key,False,False
D mixolydian,C# minor,"A, B, E, F#",4,4.71,common_tone,False,False
D mixolydian,C# dorian,"B, E, F#",3,6.79,common_tone,False,False
D mixolydian,C# phrygian,"D, E, F#, A, B",5,2.64,common_tone,False,False
D mixolydian,C# lydian,"C, G",2,7.36,nearby_key,False,False
D mixolydian,C# mixolydian,"B, F#",2,6.86,nearby_key,False,False
D mixolydian,C# locrian,"D, E, F#, G, A, B",6,2.07,common_tone,False,False
D mixolydian,C# harmonic_minor,"C, A, E, F#",4,4.71,common_tone,False,False
D mixolydian,C# melodic_minor,"C, E, F#",3,6.79,common_tone,False,False
D mixolydian,D major,"D, E, F#, G, A, B",6,0.57,common_tone,False,False
D mixolydian,D minor,"C, D, E, G, A",5,1.14,common_tone,False,False
D mixolydian,D dorian,"C, D, E, G, A, B",6,0.57,common_tone,False,False
D mixolydian,D phrygian,"C, A, D, G",4,1.71,common_tone,False,False
D mixolydian,D lydian,"D, E, F#, A, B",5,1.14,common_tone,False,False
D mixolydian,D locrian,"C, D, G",3,3.79,common_tone,False,False
D mixolydian,D harmonic_minor,"A, D, E, G",4,1.71,common_tone,False,False
D mixolydian,D melodic_minor,"D, E, G, A, B",5,1.14,common_tone,False,False
D mixolydian,D# major,"C, D, G",3,5.29,common_tone,False,False
D mixolydian,D# minor,"B, F#",2,7.36,nearby_key,False,False
D mixolydian,D# dorian,"C, F#",2,7.36,nearby_key,False,False
D mixolydian,D# phrygian,"B, E, F#",3,6.79,common_tone,False,False
D mixolydian,D# lydian,"C, A, D, G",4,3.21,common_tone,False,False
D mixolydian,D# mixolydian,"C, G",2,6.86,nearby_key,False,False
D mixolydian,D# locrian,"A, B, E, F#",4,4.71,common_tone,False,False
D mixolydian,D# harmonic_minor,"D, B, F#",3,5.29,common_tone,False,False
D mixolydian,D# melodic_minor,"C, D, F#",3,5.29,common_tone,False,False
D mixolydian,E major,"A, B, E, F#",4,4.71,common_tone,False,False
D mixolydian,E minor,"C, D, E, F#, G, A, B",7,3.0,common_tone,False,False
D mixolydian,E dorian,"D, E, F#, G, A, B",6,3.57,common_tone,False,False
D mixolydian,E phrygian,"C, D, E, G, A, B",6,3.57,common_tone,False,False
D mixolydian,E lydian,"B, E, F#",3,5.29,common_tone,False,False
D mixolydian,E mixolydian,"D, E, F#, A, B",5,3.14,closely_related,False,False
D mixolydian,E locrian,"C, D, E, G, A",5,4.14,common_tone,False,False
D mixolydian,E harmonic_minor,"C, E, F#, G, A, B",6,3.57,common_tone,False,False
D mixolydian,E melodic_minor,"E, F#, G, A, B",5,4.14,common_tone,False,False
D mixolydian,F major,"C, D, E, G, A",5,5.64,common_tone,False,False
D mixolydian,F minor,"C, G",2,8.86,distant_modulation,False,False
D mixolydian,F dorian,"C, D, G",3,6.79,common_tone,False,False
D mixolydian,F phrygian,"C, F#",2,8.86,distant_modulation,False,False
D mixolydian,F lydian,"C, D, E, G, A, B",6,5.07,common_tone,False,False
D mixolydian,F mixolydian,"C, A, D, G",4,4.71,closely_related,False,False
D mixolydian,F locrian,"B, F#",2,8.86,distant_modulation,False,False
D mixolydian,F harmonic_minor,"C, E, G",3,8.29,common_tone,False,False
D mixolydian,F melodic_minor,"C, D, E, G",4,6.21,common_tone,False,False
D mixolydian,F# major,"B, F#",2,10.36,distant_modulation,False,False
D mixolydian,F# minor,"D, E, F#, A, B",5,7.14,common_tone,False,False
D mixolydian,F# dorian,"A, B, E, F#",4,7.71,common_tone,False,False
D mixolydian,F# phrygian,"D, E, F#, G, A, B",6,6.57,common_tone,False,False
D mixolydian,F# lydian,"C, F#",2,10.36,distant_modulation,False,False
D mixolydian,F# mixolydian,"B, E, F#",3,7.79,common_tone,False,False
D mixolydian,F# locrian,"C, D, E, F#, G, A, B",7,6.0,common_tone,False,False
D mixolydian,F# harmonic_minor,"A, D, B, F#",4,7.71,common_tone,False,False
D mixolydian,F# melodic_minor,"A, B, F#",3,8.29,common_tone,False,False
D mixolydian,G major,"C, D, E, F#, G, A, B",7,7.5,common_tone,False,False
D mixolydian,G minor,"C, A, D, G",4,9.21,common_tone,False,False
D mixolydian,G dorian,"C, D, E, G, A",5,8.64,common_tone,False,False
D mixolydian,G phrygian,"C, D, G",3,9.79,common_tone,False,False
D mixolydian,G lydian,"D, E, F#, G, A, B",6,8.07,common_tone,False,False
D mixolydian,G mixolydian,"C, D, E, G, A, B",6,5.57,diatonic_common_tone,False,False
D mixolydian,G locrian,"C, G",2,11.86,distant_modulation,False,False
D mixolydian,G harmonic_minor,"C, D, F#, G, A",5,8.64,common_tone,False,False
D mixolydian,G melodic_minor,"C, D, E, F#, G, A",6,8.07,common_tone,False,False
D mixolydian,G# major,"C, G",2,14.86,distant_modulation,False,False
D mixolydian,G# minor,"B, E, F#",3,14.29,common_tone,False,False
D mixolydian,G# dorian,"B, F#",2,14.86,distant_modulation,False,False
D mixolydian,G# phrygian,"A, B, E, F#",4,12.21,common_tone,False,False
D mixolydian,G# lydian,"C, D, G",3,12.79,common_tone,False,False
D mixolydian,G# mixolydian,"C, F#",2,11.86,distant_modulation,False,False
D mixolydian,G# locrian,"D, E, F#, A, B",5,10.14,common_tone,False,False
D mixolydian,G# harmonic_minor,"B, E, G",3,14.29,common_tone,False,False
D mixolydian,G# melodic_minor,"B, G",2,14.86,distant_modulation,False,False
D mixolydian,A major,"D, E, F#, A, B",5,8.64,common_tone,False,False
D mixolydian,A minor,"C, D, E, G, A, B",6,8.07,common_tone,False,False
D mixolydian,A dorian,"C, D, E, F#, G, A, B",7,7.5,common_tone,False,False
D mixolydian,A phrygian,"C, D, E, G, A",5,8.64,common_tone,False,False
D mixolydian,A lydian,"A, B, E, F#",4,9.21,common_tone,False,False
D mixolydian,A mixolydian,"D, E, F#, G, A, B",6,5.57,diatonic_common_tone,False,False
D mixolydian,A locrian,"C, A, D, G",4,9.21,common_tone,False,False
D mixolydian,A harmonic_minor,"C, D, E, A, B",5,8.64,common_tone,False,False
D mixolydian,A melodic_minor,"C, D, E, F#, A, B",6,8.07,common_tone,False,False
D mixolydian,A# major,"C, A, D, G",4,7.71,common_tone,False,False
D mixolydian,A# minor,"C, F#",2,11.86,distant_modulation,False,False
D mixolydian,A# dorian,"C, G",2,11.86,distant_modulation,False,False
D mixolydian,A# phrygian,"B, F#",2,11.86,distant_modulation,False,False
D mixolydian,A# lydian,"C, D, E, G, A",5,7.14,common_tone,False,False
D mixolydian,A# mixolydian,"C, D, G",3,7.79,common_tone,False,False
D mixolydian,A# locrian,"B, E, F#",3,9.79,common_tone,False,False
D mixolydian,A# harmonic_minor,"C, A, F#",3,9.79,common_tone,False,False
D mixolydian,A# melodic_minor,"C, A, G",3,9.79,common_tone,False,False
D mixolydian,B major,"B, E, F#",3,6.79,common_tone,False,False
D mixolydian,B minor,"D, E, F#, G, A, B",6,5.07,common_tone,False,False
D mixolydian,B dorian,"D, E, F#, A, B",5,5.64,common_tone,False,False
D mixolydian,B phrygian,"C, D, E, F#, G, A, B",7,4.5,common_tone,False,False
D mixolydian,B lydian,"B, F#",2,7.36,distant_modulation,False,False
D mixolydian,B mixolydian,"A, B, E, F#",4,4.71,closely_related,False,False
D mixolydian,B locrian,"C, D, E, G, A, B",6,5.07,common_tone,False,False
D mixolydian,B harmonic_minor,"D, E, F#, G, B",5,5.64,common_tone,False,False
D mixolydian,B melodic_minor,"D, B, E, F#",4,6.21,common_tone,False,False
D locrian,C major,"C, D, F, G",4,4.71,common_tone,False,False
D locrian,C minor,"C, D, D#, F, G, G#, A#",7,3.0,common_tone,False,False
D locrian,C dorian,"C, D, D#, F, G, A#",6,3.57,common_tone,False,False
D locrian,C phrygian,"C, D#, F, G, G#, A#",6,3.57,common_tone,False,False
D locrian,C lydian,"C, D, G",3,5.29,common_tone,False,False
D locrian,C mixolydian,"C, D, F, G, A#",5,4.14,common_tone,False,False
D locrian,C locrian,"C, D#, F, G#, A#",5,3.14,closely_related,False,False
D locrian,C harmonic_minor,"C, D, D#, F, G, G#",6,3.57,common_tone,False,False
D locrian,C melodic_minor,"C, D, D#, F, G",5,4.14,common_tone,False,False
D locrian,C# major,"C, D#, F, G#, A#",5,4.14,common_tone,False,False
D locrian,C# minor,"G#, D#",2,5.86,nearby_key,False,False
D locrian,C# dorian,"G#, A#, D#",3,5.29,common_tone,False,False
D locrian,C# phrygian,"G#, D",2,4.36,nearby_key,False,False
D locrian,C# lydian,"C, D#, F, G, G#, A#",6,3.57,common_tone,False,False
D locrian,C# mixolydian,"G#, A#, D#, F",4,4.71,common_tone,False,False
D locrian,C# locrian,"D, G",2,3.86,nearby_key,False,False
D locrian,C# harmonic_minor,"C, G#, D#",3,5.29,common_tone,False,False
D locrian,C# melodic_minor,"C, G#, A#, D#",4,4.71,common_tone,False,False
D locrian,D major,"D, G",2,4.36,nearby_key,False,False
D locrian,D minor,"C, D, F, G, A#",5,2.64,common_tone,False,False
D locrian,D dorian,"C, D, F, G",4,3.21,common_tone,False,False
D locrian,D phrygian,"C, D, D#, F, G, A#",6,2.07,common_tone,False,False
D locrian,D lydian,"G#, D",2,2.86,nearby_key,False,False
D locrian,D mixolydian,"C, D, G",3,3.79,common_tone,False,False
D locrian,D harmonic_minor,"D, A#, F, G",4,3.21,common_tone,False,False
D locrian,D melodic_minor,"D, F, G",3,3.79,common_tone,False,False
D locrian,D# major,"C, D, D#, F, G, G#, A#",7,1.5,common_tone,False,False
D locrian,D# minor,"G#, A#, D#, F",4,3.21,common_tone,False,False
D locrian,D# dorian,"C, D#, F, G#, A#",5,2.64,common_tone,False,False
D locrian,D# phrygian,"G#, A#, D#",3,3.79,common_tone,False,False
D locrian,D# lydian,"C, D, D#, F, G, A#",6,2.07,common_tone,False,False
D locrian,D# mixolydian,"C, D#, F, G, G#, A#",6,2.07,common_tone,False,False
D locrian,D# locrian,"G#, D#",2,3.86,nearby_key,False,False
D locrian,D# harmonic_minor,"D, D#, F, G#, A#",5,2.64,common_tone,False,False
D locrian,D# melodic_minor,"C, D, D#, F, G#, A#",6,2.07,common_tone,False,False
D locrian,E major,"G#, D#",2,7.36,nearby_key,False,False
D locrian,E minor,"C, D, G",3,6.79,common_tone,False,False
D locrian,E dorian,"D, G",2,7.36,nearby_key,False,False
D locrian,E phrygian,"C, D, F, G",4,6.21,common_tone,False,False
D locrian,E lydian,"G#, A#, D#",3,6.79,common_tone,False,False
D locrian,E mixolydian,"G#, D",2,5.86,nearby_key,False,False
D locrian,E locrian,"C, D, F, G, A#",5,3.14,closely_related,False,False
D locrian,E harmonic_minor,"C, D#, G",3,8.29,common_tone,False,False
D locrian,E melodic_minor,"D#, G",2,8.86,nearby_key,False,False
D locrian,F major,"C, D, F, G, A#",5,5.64,common_tone,False,False
D locrian,F minor,"C, D#, F, G, G#, A#",6,5.07,common_tone,False,False
D locrian,F dorian,"C, D, D#, F, G, G#, A#",7,4.5,common_tone,False,False
D locrian,F phrygian,"C, D#, F, G#, A#",5,5.64,common_tone,False,False
D locrian,F lydian,"C, D, F, G",4,6.21,common_tone,False,False
D locrian,F mixolydian,"C, D, D#, F, G, A#",6,5.07,common_tone,False,False
D locrian,F locrian,"G#, A#, D#, F",4,4.71,closely_related,False,False
D locrian,F harmonic_minor,"C, F, G, G#, A#",5,5.64,common_tone,False,False
D locrian,F melodic_minor,"C, D, F, G, G#, A#",6,5.07,common_tone,False,False
D locrian,F# major,"G#, A#, D#, F",4,9.21,common_tone,False,False
D locrian,F# minor,"G#, D",2,8.86,distant_modulation,False,False
D locrian,F# dorian,"G#, D#",2,10.36,distant_modulation,False,False
D locrian,F# phrygian,"D, G",2,10.36,distant_modulation,False,False
D locrian,F# lydian,"C, D#, F, G#, A#",5,8.64,common_tone,False,False
D locrian,F# mixolydian,"G#, A#, D#",3,9.79,common_tone,False,False
D locrian,F# locrian,"C, D, G",3,6.29,common_tone,False,False
D locrian,F# harmonic_minor,"G#, D, F",3,8.29,common_tone,False,False
D locrian,F# melodic_minor,"G#, D#, F",3,9.79,common_tone,False,False
D locrian,G major,"C, D, G",3,9.79,common_tone,False,False
D locrian,G minor,"C, D, D#, F, G, A#",6,8.07,common_tone,False,False
D locrian,G dorian,"C, D, F, G, A#",5,8.64,common_tone,False,False
D locrian,G phrygian,"C, D, D#, F, G, G#, A#",7,7.5,common_tone,False,False
D locrian,G lydian,"D, G",2,10.36,distant_modulation,False,False
D locrian,G mixolydian,"C, D, F, G",4,9.21,common_tone,False,False
D locrian,G locrian,"C, D#, F, G, G#, A#",6,5.57,diatonic_common_tone,False,False
D locrian,G harmonic_minor,"C, D, D#, G, A#",5,8.64,common_tone,False,False
D locrian,G melodic_minor,"C, D, A#, G",4,9.21,common_tone,False,False
D locrian,G# major,"C, D#, F, G, G#, A#",6,9.57,common_tone,False,False
D locrian,G# minor,"G#, A#, D#",3,11.29,common_tone,False,False
D locrian,G# dorian,"G#, A#, D#, F",4,10.71,common_tone,False,False
D locrian,G# phrygian,"G#, D#",2,11.86,distant_modulation,False,False
D locrian,G# lydian,"C, D, D#, F, G, G#, A#",7,9.0,common_tone,False,False
D locrian,G# mixolydian,"C, D#, F, G#, A#",5,10.14,common_tone,False,False
D locrian,G# locrian,"G#, D",2,8.86,distant_modulation,False,False
D locrian,G# harmonic_minor,"G#, A#, D#, G",4,10.71,common_tone,False,False
D locrian,G# melodic_minor,"D#, F, G, G#, A#",5,10.14,common_tone,False,False
D locrian,A major,"G#, D",2,10.36,distant_modulation,False,False
D locrian,A minor,"C, D, F, G",4,10.71,common_tone,False,False
D locrian,A dorian,"C, D, G",3,11.29,common_tone,False,False
D locrian,A phrygian,"C, D, F, G, A#",5,10.14,common_tone,False,False
D locrian,A lydian,"G#, D#",2,11.86,distant_modulation,False,False
D locrian,A mixolydian,"D, G",2,11.86,distant_modulation,False,False
D locrian,A locrian,"C, D, D#, F, G, A#",6,5.57,diatonic_common_tone,False,False
D locrian,A harmonic_minor,"C, G#, D, F",4,9.21,common_tone,False,False
D locrian,A melodic_minor,"C, G#, D",3,9.79,common_tone,False,False
D locrian,A# major,"C, D, D#, F, G, A#",6,6.57,common_tone,False,False
D locrian,A# minor,"C, D#, F, G#, A#",5,7.14,common_tone,False,False
D locrian,A# dorian,"C, D#, F, G, G#, A#",6,6.57,common_tone,False,False
D locrian,A# phrygian,"G#, A#, D#, F",4,7.71,common_tone,False,False
D locrian,A# lydian,"C, D, F, G, A#",5,7.14,common_tone,False,False
D locrian,A# mixolydian,"C, D, D#, F, G, G#, A#",7,6.0,common_tone,False,False
D locrian,A# locrian,"G#, A#, D#",3,6.29,common_tone,False,False
D locrian,A# harmonic_minor,"C, A#, D#, F",4,7.71,common_tone,False,False
D locrian,A# melodic_minor,"C, D#, F, G, A#",5,7.14,common_tone,False,False
D locrian,B major,"G#, A#, D#",3,8.29,common_tone,False,False
D locrian,B minor,"D, G",2,8.86,distant_modulation,False,False
D locrian,B dorian,"G#, D",2,7.36,distant_modulation,False,False
D locrian,B phrygian,"C, D, G",3,8.29,common_tone,False,False
D locrian,B lydian,"G#, A#, D#, F",4,7.71,common_tone,False,False
D locrian,B mixolydian,"G#, D#",2,8.86,distant_modulation,False,False
D locrian,B locrian,"C, D, F, G",4,4.71,closely_related,False,False
D locrian,B harmonic_minor,"D, A#, G",3,8.29,common_tone,False,False
D locrian,B melodic_minor,"G#, D, A#",3,6.79,common_tone,False,False
D harmonic_minor,C major,"D, E, F, G, A",5,4.14,common_tone,False,False
D harmonic_minor,C minor,"D, A#, F, G",4,4.71,common_tone,False,False
D harmonic_minor,C dorian,"D, F, G, A, A#",5,4.14,common_tone,False,False
D harmonic_minor,C phrygian,"C#, A#, F, G",4,6.21,common_tone,False,False
D harmonic_minor,C lydian,"A, D, E, G",4,4.71,common_tone,False,False
D harmonic_minor,C mixolydian,"D, E, F, G, A, A#",6,3.57,common_tone,False,False
D harmonic_minor,C locrian,"C#, A#, F",3,8.29,common_tone,False,False
D harmonic_minor,C harmonic_minor,"D, F, G",3,4.29,common_tone,False,False
D harmonic_minor,C melodic_minor,"A, D, F, G",4,4.71,common_tone,False,False
D harmonic_minor,C# major,"C#, A#, F",3,5.29,common_tone,False,False
D harmonic_minor,C# minor,"C#, E, A",3,3.79,common_tone,False,False
D harmonic_minor,C# dorian,"C#, A#, E",3,5.29,common_tone,False,False
D harmonic_minor,C# phrygian,"C#, D, E, A",4,3.21,common_tone,False,False
D harmonic_minor,C# lydian,"C#, A#, F, G",4,4.71,common_tone,False,False
D harmonic_minor,C# mixolydian,"C#, A#, F",3,5.29,common_tone,False,False
D harmonic_minor,C# locrian,"C#, D, E, G, A",5,2.64,common_tone,False,False
D harmonic_minor,C# harmonic_minor,"C#, E, A",3,3.29,common_tone,False,False
D harmonic_minor,C# melodic_minor,"C#, A#, E",3,5.29,common_tone,False,False
D harmonic_minor,D major,"C#, D, E, G, A",5,1.14,common_tone,False,False
D harmonic_minor,D minor,"D, E, F, G, A, A#",6,0.57,common_tone,False,False
D harmonic_minor,D dorian,"D, E, F, G, A",5,1.14,common_tone,False,False
D harmonic_minor,D phrygian,"D, F, G, A, A#",5,1.14,common_tone,False,False
D harmonic_minor,D lydian,"C#, D, E, A",4,1.71,common_tone,False,False
D harmonic_minor,D mixolydian,"A, D, E, G",4,1.71,common_tone,False,False
D harmonic_minor,D locrian,"D, A#, F, G",4,3.21,common_tone,False,False
D harmonic_minor,D melodic_minor,"C#, D, E, F, G, A",6,0.57,common_tone,False,False
D harmonic_minor,D# major,"D, A#, F, G",4,3.21,common_tone,False,False
D harmonic_minor,D# minor,"C#, A#, F",3,5.29,common_tone,False,False
D harmonic_minor,D# dorian,"C#, A#, F",3,5.29,common_tone,False,False
D harmonic_minor,D# phrygian,"C#, A#, E",3,5.29,common_tone,False,False
D harmonic_minor,D# lydian,"D, F, G, A, A#",5,2.64,common_tone,False,False
D harmonic_minor,D# mixolydian,"C#, A#, F, G",4,4.71,common_tone,False,False
D harmonic_minor,D# locrian,"C#, E, A",3,5.29,common_tone,False,False
D harmonic_minor,D# harmonic_minor,"D, A#, F",3,3.29,common_tone,False,False
D harmonic_minor,D# melodic_minor,"D, A#, F",3,3.79,common_tone,False,False
D harmonic_minor,E major,"C#, E, A",3,5.29,common_tone,False,False
D harmonic_minor,E minor,"A, D, E, G",4,4.71,common_tone,False,False
D harmonic_minor,E dorian,"C#, D, E, G, A",5,4.14,common_tone,False,False
D harmonic_minor,E phrygian,"D, E, F, G, A",5,4.14,common_tone,False,False
D harmonic_minor,E lydian,"C#, A#, E",3,6.79,common_tone,False,False
D harmonic_minor,E mixolydian,"C#, D, E, A",4,4.71,common_tone,False,False
D harmonic_minor,E locrian,"D, E, F, G, A, A#",6,3.57,common_tone,False,False
D harmonic_minor,E harmonic_minor,"A, E, G",3,4.29,common_tone,False,False
D harmonic_minor,E melodic_minor,"C#, E, A, G",4,4.71,common_tone,False,False
D harmonic_minor,F major,"D, E, F, G, A, A#",6,5.07,common_tone,False,False
D harmonic_minor,F minor,"C#, A#, F, G",4,7.71,common_tone,False,False
D harmonic_minor,F dorian,"D, A#, F, G",4,6.21,common_tone,False,False
D harmonic_minor,F phrygian,"C#, A#, F",3,8.29,common_tone,False,False
D harmonic_minor,F lydian,"D, E, F, G, A",5,5.64,common_tone,False,False
D harmonic_minor,F mixolydian,"D, F, G, A, A#",5,5.64,common_tone,False,False
D harmonic_minor,F locrian,"C#, A#, F",3,8.29,common_tone,False,False
D harmonic_minor,F harmonic_minor,"C#, E, F, G, A#",5,5.64,closely_related,False,False
D harmonic_minor,F melodic_minor,"D, E, F, G, A#",5,5.64,common_tone,False,False
D harmonic_minor,F# major,"C#, A#, F",3,9.79,common_tone,False,False
D harmonic_minor,F# minor,"C#, D, E, A",4,7.71,common_tone,False,False
D harmonic_minor,F# dorian,"C#, E, A",3,8.29,common_tone,False,False
D harmonic_minor,F# phrygian,"C#, D, E, G, A",5,7.14,common_tone,False,False
D harmonic_minor,F# lydian,"C#, A#, F",3,9.79,common_tone,False,False
D harmonic_minor,F# mixolydian,"C#, A#, E",3,9.79,common_tone,False,False
D harmonic_minor,F# locrian,"A, D, E, G",4,7.71,common_tone,False,False
D harmonic_minor,F# harmonic_minor,"C#, D, F, A",4,5.71,closely_related,False,False
D harmonic_minor,F# melodic_minor,"C#, F, A",3,8.29,common_tone,False,False
D harmonic_minor,G major,"A, D, E, G",4,9.21,common_tone,False,False
D harmonic_minor,G minor,"D, F, G, A, A#",5,8.64,common_tone,False,False
D harmonic_minor,G dorian,"D, E, F, G, A, A#",6,8.07,common_tone,False,False
D harmonic_minor,G phrygian,"D, A#, F, G",4,9.21,common_tone,False,False
D harmonic_minor,G lydian,"C#, D, E, G, A",5,8.64,common_tone,False,False
D harmonic_minor,G mixolydian,"D, E, F, G, A",5,8.64,common_tone,False,False
D harmonic_minor,G locrian,"C#, A#, F, G",4,9.21,common_tone,False,False
D harmonic_minor,G harmonic_minor,"A, D, A#, G",4,6.71,closely_related,False,False
D harmonic_minor,G melodic_minor,"D, E, G, A, A#",5,8.64,common_tone,False,False
D harmonic_minor,G# major,"C#, A#, F, G",4,13.71,common_tone,False,False
D harmonic_minor,G# minor,"C#, A#, E",3,14.29,common_tone,False,False
D harmonic_minor,G# dorian,"C#, A#, F",3,14.29,common_tone,False,False
D harmonic_minor,G# phrygian,"C#, E, A",3,12.79,common_tone,False,False
D harmonic_minor,G# lydian,"D, A#, F, G",4,12.21,common_tone,False,False
D harmonic_minor,G# mixolydian,"C#, A#, F",3,14.29,common_tone,False,False
D harmonic_minor,G# locrian,"C#, D, E, A",4,10.71,common_tone,False,False
D harmonic_minor,G# harmonic_minor,"C#, A#, E, G",4,10.71,closely_related,False,False
D harmonic_minor,G# melodic_minor,"C#, A#, F, G",4,13.71,common_tone,False,False
D harmonic_minor,A major,"C#, D, E, A",4,9.21,common_tone,False,False
D harmonic_minor,A minor,"D, E, F, G, A",5,8.64,common_tone,False,False
D harmonic_minor,A dorian,"A, D, E, G",4,9.21,common_tone,False,False
D harmonic_minor,A phrygian,"D, E, F, G, A, A#",6,8.07,common_tone,False,False
D harmonic_minor,A lydian,"C#, E, A",3,9.79,common_tone,False,False
D harmonic_minor,A mixolydian,"C#, D, E, G, A",5,8.64,common_tone,False,False
D harmonic_minor,A locrian,"D, F, G, A, A#",5,8.64,common_tone,False,False
D harmonic_minor,A harmonic_minor,"A, D, E, F",4,6.71,closely_related,False,False
D harmonic_minor,A melodic_minor,"A, D, E",3,9.79,common_tone,False,False
D harmonic_minor,A# major,"D, F, G, A, A#",5,7.14,common_tone,False,False
D harmonic_minor,A# minor,"C#, A#, F",3,8.29,common_tone,False,False
D harmonic_minor,A# dorian,"C#, A#, F, G",4,7.71,common_tone,False,False
D harmonic_minor,A# phrygian,"C#, A#, F",3,8.29,common_tone,False,False
D harmonic_minor,A# lydian,"D, E, F, G, A, A#",6,6.57,common_tone,False,False
D harmonic_minor,A# mixolydian,"D, A#, F, G",4,7.71,common_tone,False,False
D harmonic_minor,A# locrian,"C#, A#, E",3,8.29,common_tone,False,False
D harmonic_minor,A# harmonic_minor,"C#, A#, F, A",4,5.71,closely_related,False,False
D harmonic_minor,A# melodic_minor,"C#, F, G, A, A#",5,7.14,common_tone,False,False
D harmonic_minor,B major,"C#, A#, E",3,9.79,common_tone,False,False
D harmonic_minor,B minor,"C#, D, E, G, A",5,5.64,common_tone,False,False
D harmonic_minor,B dorian,"C#, D, E, A",4,6.21,common_tone,False,False
D harmonic_minor,B phrygian,"A, D, E, G",4,6.21,common_tone,False,False
D harmonic_minor,B lydian,"C#, A#, F",3,9.79,common_tone,False,False
D harmonic_minor,B mixolydian,"C#, E, A",3,8.29,common_tone,False,False
D harmonic_minor,B locrian,"D, E, F, G, A",5,5.64,common_tone,False,False
D harmonic_minor,B harmonic_minor,"C#, D, E, G, A#",5,5.64,closely_related,False,False
D harmonic_minor,B melodic_minor,"C#, D, A#, E",4,7.71,common_tone,False,False
D melodic_minor,C major,"D, E, F, G, A, B",6,3.57,common_tone,False,False
D melodic_minor,C minor,"D, F, G",3,5.29,common_tone,False,False
D melodic_minor,C dorian,"A, D, F, G",4,4.71,common_tone,False,False
D melodic_minor,C phrygian,"C#, F, G",3,6.79,common_tone,False,False
D melodic_minor,C lydian,"D, E, G, A, B",5,4.14,common_tone,False,False
D melodic_minor,C mixolydian,"D, E, F, G, A",5,4.14,common_tone,False,False
D melodic_minor,C locrian,"C#, F",2,8.86,nearby_key,False,False
D melodic_minor,C harmonic_minor,"D, B, F, G",4,4.71,common_tone,False,False
D melodic_minor,C melodic_minor,"D, F, G, A, B",5,3.14,closely_related,False,False
D melodic_minor,C# major,"C#, F",2,5.86,nearby_key,False,False
D melodic_minor,C# minor,"C#, B, E, A",4,3.21,common_tone,False,False
D melodic_minor,C# dorian,"C#, B, E",3,5.29,common_tone,False,False
D melodic_minor,C# phrygian,"C#, D, E, A, B",5,2.64,common_tone,False,False
D melodic_minor,C# lydian,"C#, F, G",3,5.29,common_tone,False,False
D melodic_minor,C# mixolydian,"C#, B, F",3,5.29,common_tone,False,False
D melodic_minor,C# locrian,"C#, D, E, G, A, B",6,2.07,common_tone,False,False
D melodic_minor,C# harmonic_minor,"C#, E, A",3,3.79,common_tone,False,False
D melodic_minor,C# melodic_minor,"C#, E",2,5.36,nearby_key,False,False
D melodic_minor,D major,"C#, D, E, G, A, B",6,0.57,common_tone,False,False
D melodic_minor,D minor,"D, E, F, G, A",5,1.14,common_tone,False,False
D melodic_minor,D dorian,"D, E, F, G, A, B",6,0.57,common_tone,False,False
D melodic_minor,D phrygian,"A, D, F, G",4,1.71,common_tone,False,False
D melodic_minor,D lydian,"C#, D, E, A, B",5,1.14,common_tone,False,False
D melodic_minor,D mixolydian,"D, E, G, A, B",5,1.14,common_tone,False,False
D melodic_minor,D locrian,"D, F, G",3,3.79,common_tone,False,False
D melodic_minor,D harmonic_minor,"C#, D, E, F, G, A",6,0.57,common_tone,False,False
D melodic_minor,D# major,"D, F, G",3,5.29,common_tone,False,False
D melodic_minor,D# minor,"C#, B, F",3,6.79,common_tone,False,False
D melodic_minor,D# dorian,"C#, F",2,7.36,nearby_key,False,False
D melodic_minor,D# phrygian,"C#, B, E",3,6.79,common_tone,False,False
D melodic_minor,D# lydian,"A, D, F, G",4,3.21,common_tone,False,False
D melodic_minor,D# mixolydian,"C#, F, G",3,6.79,common_tone,False,False
D melodic_minor,D# locrian,"C#, B, E, A",4,4.71,common_tone,False,False
D melodic_minor,D# harmonic_minor,"D, B, F",3,5.29,common_tone,False,False
D melodic_minor,D# melodic_minor,"D, F",2,5.36,nearby_key,False,False
D melodic_minor,E major,"C#, B, E, A",4,4.71,common_tone,False,False
D melodic_minor,E minor,"D, E, G, A, B",5,4.14,common_tone,False,False
D melodic_minor,E dorian,"C#, D, E, G, A, B",6,3.57,common_tone,False,False
D melodic_minor,E phrygian,"D, E, F, G, A, B",6,3.57,common_tone,False,False
D melodic_minor,E lydian,"C#, B, E",3,5.29,common_tone,False,False
D melodic_minor,E mixolydian,"C#, D, E, A, B",5,4.14,common_tone,False,False
D melodic_minor,E locrian,"D, E, F, G, A",5,4.14,common_tone,False,False
D melodic_minor,E harmonic_minor,"A, B, E, G",4,4.71,common_tone,False,False
D melodic_minor,E melodic_minor,"C#, E, G, A, B",5,3.14,closely_related,False,False
D melodic_minor,F major,"D, E, F, G, A",5,5.64,common_tone,False,False
D melodic_minor,F minor,"C#, F, G",3,8.29,common_tone,False,False
D melodic_minor,F dorian,"D, F, G",3,6.79,common_tone,False,False
D melodic_minor,F phrygian,"C#, F",2,8.86,distant_modulation,False,False
D melodic_minor,F lydian,"D, E, F, G, A, B",6,5.07,common_tone,False,False
D melodic_minor,F mixolydian,"A, D, F, G",4,6.21,common_tone,False,False
D melodic_minor,F locrian,"C#, B, F",3,6.79,common_tone,False,False
D melodic_minor,F harmonic_minor,"C#, E, F, G",4,7.71,common_tone,False,False
D melodic_minor,F melodic_minor,"D, E, F, G",4,4.71,closely_related,False,False
D melodic_minor,F# major,"C#, B, F",3,9.79,common_tone,False,False
D melodic_minor,F# minor,"C#, D, E, A, B",5,7.14,common_tone,False,False
D melodic_minor,F# dorian,"C#, B, E, A",4,7.71,common_tone,False,False
D melodic_minor,F# phrygian,"C#, D, E, G, A, B",6,6.57,common_tone,False,False
D melodic_minor,F# lydian,"C#, F",2,10.36,distant_modulation,False,False
D melodic_minor,F# mixolydian,"C#, B, E",3,9.79,common_tone,False,False
D melodic_minor,F# locrian,"D, E, G, A, B",5,7.14,common_tone,False,False
D melodic_minor,F# harmonic_minor,"C#, D, F, A, B",5,7.14,common_tone,False,False
D melodic_minor,F# melodic_minor,"C#, B, F, A",4,5.71,closely_related,False,False
D melodic_minor,G major,"D, E, G, A, B",5,8.64,common_tone,False,False
D melodic_minor,G minor,"A, D, F, G",4,9.21,common_tone,False,False
D melodic_minor,G dorian,"D, E, F, G, A",5,8.64,common_tone,False,False
D melodic_minor,G phrygian,"D, F, G",3,9.79,common_tone,False,False
D melodic_minor,G lydian,"C#, D, E, G, A, B",6,8.07,common_tone,False,False
D melodic_minor,G mixolydian,"D, E, F, G, A, B",6,8.07,common_tone,False,False
D melodic_minor,G locrian,"C#, F, G",3,9.79,common_tone,False,False
D melodic_minor,G harmonic_minor,"A, D, G",3,9.79,common_tone,False,False
D melodic_minor,G melodic_minor,"A, D, E, G",4,6.71,closely_related,False,False
D melodic_minor,G# major,"C#, F, G",3,14.29,common_tone,False,False
D melodic_minor,G# minor,"C#, B, E",3,14.29,common_tone,False,False
D melodic_minor,G# dorian,"C#, B, F",3,14.29,common_tone,False,False
D melodic_minor,G# phrygian,"C#, B, E, A",4,12.21,common_tone,False,False
D melodic_minor,G# lydian,"D, F, G",3,12.79,common_tone,False,False
D melodic_minor,G# mixolydian,"C#, F",2,14.86,distant_modulation,False,False
D melodic_minor,G# locrian,"C#, D, E, A, B",5,10.14,common_tone,False,False
D melodic_minor,G# harmonic_minor,"C#, B, E, G",4,13.71,common_tone,False,False
D melodic_minor,G# melodic_minor,"C#, B, F, G",4,10.71,closely_related,False,False
D melodic_minor,A major,"C#, D, E, A, B",5,8.64,common_tone,False,False
D melodic_minor,A minor,"D, E, F, G, A, B",6,8.07,common_tone,False,False
D melodic_minor,A dorian,"D, E, G, A, B",5,8.64,common_tone,False,False
D melodic_minor,A phrygian,"D, E, F, G, A",5,8.64,common_tone,False,False
D melodic_minor,A lydian,"C#, B, E, A",4,9.21,common_tone,False,False
D melodic_minor,A mixolydian,"C#, D, E, G, A, B",6,8.07,common_tone,False,False
D melodic_minor,A locrian,"A, D, F, G",4,9.21,common_tone,False,False
D melodic_minor,A harmonic_minor,"D, E, F, A, B",5,8.64,common_tone,False,False
D melodic_minor,A melodic_minor,"A, D, B, E",4,6.71,closely_related,False,False
D melodic_minor,A# major,"A, D, F, G",4,7.71,common_tone,False,False
D melodic_minor,A# minor,"C#, F",2,10.36,distant_modulation,False,False
D melodic_minor,A# dorian,"C#, F, G",3,9.79,common_tone,False,False
D melodic_minor,A# phrygian,"C#, B, F",3,9.79,common_tone,False,False
D melodic_minor,A# lydian,"D, E, F, G, A",5,7.14,common_tone,False,False
D melodic_minor,A# mixolydian,"D, F, G",3,8.29,common_tone,False,False
D melodic_minor,A# locrian,"C#, B, E",3,9.79,common_tone,False,False
D melodic_minor,A# harmonic_minor,"C#, F, A",3,8.29,common_tone,False,False
D melodic_minor,A# melodic_minor,"C#, F, A, G",4,5.71,closely_related,False,False
D melodic_minor,B major,"C#, B, E",3,8.29,common_tone,False,False
D melodic_minor,B minor,"C#, D, E, G, A, B",6,5.07,common_tone,False,False
D melodic_minor,B dorian,"C#, D, E, A, B",5,5.64,common_tone,False,False
D melodic_minor,B phrygian,"D, E, G, A, B",5,5.64,common_tone,False,False
D melodic_minor,B lydian,"C#, B, F",3,8.29,common_tone,False,False
D melodic_minor,B mixolydian,"C#, B, E, A",4,6.21,common_tone,False,False
D melodic_minor,B locrian,"D, E, F, G, A, B",6,5.07,common_tone,False,False
D melodic_minor,B harmonic_minor,"C#, D, E, G, B",5,5.64,common_tone,False,False
D melodic_minor,B melodic_minor,"C#, D, B, E",4,4.71,closely_related,False,False
D# major,C major,"C, D, F, G",4,4.71,closely_related,False,False
D# major,C minor,"C, D, D#, F, G, G#, A#",7,4.5,common_tone,False,False
D# major,C dorian,"C, D, D#, F, G, A#",6,5.07,common_tone,False,False
D# major,C phrygian,"C, D#, F, G, G#, A#",6,5.07,common_tone,False,False
D# major,C lydian,"C, D, G",3,6.79,common_tone,False,False
D# major,C mixolydian,"C, D, F, G, A#",5,5.64,common_tone,False,False
D# major,C locrian,"C, D#, F, G#, A#",5,5.64,common_tone,False,False
D# major,C harmonic_minor,"C, D, D#, F, G, G#",6,5.07,common_tone,False,False
D# major,C melodic_minor,"C, D, D#, F, G",5,5.64,common_tone,False,False
D# major,C# major,"C, D#, F, G#, A#",5,3.14,closely_related,False,False
D# major,C# minor,"G#, D#",2,5.86,nearby_key,False,False
D# major,C# dorian,"G#, A#, D#",3,5.29,common_tone,False,False
D# major,C# phrygian,"G#, D",2,7.36,nearby_key,False,False
D# major,C# lydian,"C, D#, F, G, G#, A#",6,3.57,common_tone,False,False
D# major,C# mixolydian,"G#, A#, D#, F",4,4.71,common_tone,False,False
D# major,C# locrian,"D, G",2,7.36,nearby_key,False,False
D# major,C# harmonic_minor,"C, G#, D#",3,5.29,common_tone,False,False
D# major,C# melodic_minor,"C, G#, A#, D#",4,4.71,common_tone,False,False
D# major,D major,"D, G",2,5.36,nearby_key,False,False
D# major,D minor,"C, D, F, G, A#",5,2.64,common_tone,False,False
D# major,D dorian,"C, D, F, G",4,4.71,common_tone,False,False
D# major,D phrygian,"C, D, D#, F, G, A#",6,2.07,common_tone,False,False
D# major,D lydian,"G#, D",2,5.86,nearby_key,False,False
D# major,D mixolydian,"C, D, G",3,5.29,common_tone,False,False
D# major,D locrian,"C, D, D#, F, G, G#, A#",7,1.5,common_tone,False,False
D# major,D harmonic_minor,"D, A#, F, G",4,3.21,common_tone,False,False
D# major,D melodic_minor,"D, F, G",3,5.29,common_tone,False,False
D# major,D# minor,"G#, A#, D#, F",4,1.71,common_tone,False,False
D# major,D# dorian,"C, D#, F, G#, A#",5,1.14,common_tone,False,False
D# major,D# phrygian,"G#, A#, D#",3,2.29,common_tone,False,False
D# major,D# lydian,"C, D, D#, F, G, A#",6,0.57,common_tone,False,False
D# major,D# mixolydian,"C, D#, F, G, G#, A#",6,0.57,common_tone,False,False
D# major,D# locrian,"G#, D#",2,4.36,nearby_key,False,False
D# major,D# harmonic_minor,"D, D#, F, G#, A#",5,1.14,common_tone,False,False
D# major,D# melodic_minor,"C, D, D#, F, G#, A#",6,0.57,common_tone,False,False
D# major,E major,"G#, D#",2,5.36,nearby_key,False,False
D# major,E minor,"C, D, G",3,6.79,common_tone,False,False
D# major,E dorian,"D, G",2,7.36,nearby_key,False,False
D# major,E phrygian,"C, D, F, G",4,6.21,common_tone,False,False
D# major,E lydian,"G#, A#, D#",3,3.79,common_tone,False,False
D# major,E mixolydian,"G#, D",2,7.36,nearby_key,False,False
D# major,E locrian,"C, D, F, G, A#",5,4.14,common_tone,False,False
D# major,E harmonic_minor,"C, D#, G",3,5.29,common_tone,False,False
D# major,E melodic_minor,"D#, G",2,5.86,nearby_key,False,False
D# major,F major,"C, D, F, G, A#",5,3.14,closely_related,False,False
D# major,F minor,"C, D#, F, G, G#, A#",6,3.57,common_tone,False,False
D# major,F dorian,"C, D, D#, F, G, G#, A#",7,3.0,common_tone,False,False
D# major,F phrygian,"C, D#, F, G#, A#",5,4.14,common_tone,False,False
D# major,F lydian,"C, D, F, G",4,4.71,common_tone,False,False
D# major,F mixolydian,"C, D, D#, F, G, A#",6,3.57,common_tone,False,False
D# major,F locrian,"G#, A#, D#, F",4,4.71,common_tone,False,False
D# major,F harmonic_minor,"C, F, G, G#, A#",5,4.14,common_tone,False,False
D# major,F melodic_minor,"C, D, F, G, G#, A#",6,3.57,common_tone,False,False
D# major,F# major,"G#, A#, D#, F",4,4.71,closely_related,False,False
D# major,F# minor,"G#, D",2,10.36,distant_modulation,False,False
D# major,F# dorian,"G#, D#",2,8.86,distant_modulation,False,False
D# major,F# phrygian,"D, G",2,10.36,distant_modulation,False,False
D# major,F# lydian,"C, D#, F, G#, A#",5,5.64,common_tone,False,False
D# major,F# mixolydian,"G#, A#, D#",3,6.79,common_tone,False,False
D# major,F# locrian,"C, D, G",3,8.29,common_tone,False,False
D# major,F# harmonic_minor,"G#, D, F",3,9.79,common_tone,False,False
D# major,F# melodic_minor,"G#, D#, F",3,8.29,common_tone,False,False
D# major,G major,"C, D, G",3,6.29,common_tone,False,False
D# major,G minor,"C, D, D#, F, G, A#",6,6.57,common_tone,False,False
D# major,G dorian,"C, D, F, G, A#",5,7.14,common_tone,False,False
D# major,G phrygian,"C, D, D#, F, G, G#, A#",7,6.0,common_tone,False,False
D# major,G lydian,"D, G",2,8.86,distant_modulation,False,False
D# major,G mixolydian,"C, D, F, G",4,7.71,common_tone,False,False
D# major,G locrian,"C, D#, F, G, G#, A#",6,6.57,common_tone,False,False
D# major,G harmonic_minor,"C, D, D#, G, A#",5,7.14,common_tone,False,False
D# major,G melodic_minor,"C, D, A#, G",4,7.71,common_tone,False,False
D# major,G# major,"C, D#, F, G, G#, A#",6,5.57,diatonic_common_tone,False,False
D# major,G# minor,"G#, A#, D#",3,9.79,common_tone,False,False
D# major,G# dorian,"G#, A#, D#, F",4,9.21,common_tone,False,False
D# major,G# phrygian,"G#, D#",2,10.36,distant_modulation,False,False
D# major,G# lydian,"C, D, D#, F, G, G#, A#",7,7.5,common_tone,False,False
D# major,G# mixolydian,"C, D#, F, G#, A#",5,8.64,common_tone,False,False
D# major,G# locrian,"G#, D",2,10.36,distant_modulation,False,False
D# major,G# harmonic_minor,"G#, A#, D#, G",4,9.21,common_tone,False,False
D# major,G# melodic_minor,"D#, F, G, G#, A#",5,8.64,common_tone,False,False
D# major,A major,"G#, D",2,11.86,distant_modulation,False,False
D# major,A minor,"C, D, F, G",4,13.71,common_tone,False,False
D# major,A dorian,"C, D, G",3,14.29,common_tone,False,False
D# major,A phrygian,"C, D, F, G, A#",5,11.64,common_tone,False,False
D# major,A lydian,"G#, D#",2,13.36,distant_modulation,False,False
D# major,A mixolydian,"D, G",2,14.86,distant_modulation,False,False
D# major,A locrian,"C, D, D#, F, G, A#",6,9.57,common_tone,False,False
D# major,A harmonic_minor,"C, G#, D, F",4,13.71,common_tone,False,False
D# major,A melodic_minor,"C, G#, D",3,14.29,common_tone,False,False
D# major,A# major,"C, D, D#, F, G, A#",6,5.57,diatonic_common_tone,False,False
D# major,A# minor,"C, D#, F, G#, A#",5,8.64,common_tone,False,False
D# major,A# dorian,"C, D#, F, G, G#, A#",6,8.07,common_tone,False,False
D# major,A# phrygian,"G#, A#, D#, F",4,9.21,common_tone,False,False
D# major,A# lydian,"C, D, F, G, A#",5,8.64,common_tone,False,False
D# major,A# mixolydian,"C, D, D#, F, G, G#, A#",7,7.5,common_tone,False,False
D# major,A# locrian,"G#, A#, D#",3,9.79,common_tone,False,False
D# major,A# harmonic_minor,"C, A#, D#, F",4,9.21,common_tone,False,False
D# major,A# melodic_minor,"C, D#, F, G, A#",5,8.64,common_tone,False,False
D# major,B major,"G#, A#, D#",3,6.29,common_tone,False,False
D# major,B minor,"D, G",2,11.86,distant_modulation,False,False
D# major,B dorian,"G#, D",2,11.86,distant_modulation,False,False
D# major,B phrygian,"C, D, G",3,11.29,common_tone,False,False
D# major,B lydian,"G#, A#, D#, F",4,7.71,common_tone,False,False
D# major,B mixolydian,"G#, D#",2,10.36,distant_modulation,False,False
D# major,B locrian,"C, D, F, G",4,9.21,common_tone,False,False
D# major,B harmonic_minor,"D, A#, G",3,9.79,common_tone,False,False
D# major,B melodic_minor,"G#, D, A#",3,9.79,common_tone,False,False
D# minor,C major,"B, F",2,10.36,distant_modulation,False,False
D# minor,C minor,"G#, A#, D#, F",4,4.71,closely_related,False,False
D# minor,C dorian,"A#, D#, F",3,6.79,common_tone,False,False
D# minor,C phrygian,"C#, D#, F, G#, A#",5,5.64,common_tone,False,False
D# minor,C lydian,"B, F#",2,10.36,distant_modulation,False,False
D# minor,C mixolydian,"A#, F",2,8.86,distant_modulation,False,False
D# minor,C locrian,"C#, D#, F, F#, G#, A#",6,5.07,common_tone,False,False
D# minor,C harmonic_minor,"G#, B, D#, F",4,7.71,common_tone,False,False
D# minor,C melodic_minor,"B, D#, F",3,8.29,common_tone,False,False
D# minor,C# major,"C#, D#, F, F#, G#, A#",6,3.57,common_tone,False,False
D# minor,C# minor,"C#, D#, F#, G#, B",5,3.14,closely_related,False,False
D# minor,C# dorian,"C#, D#, F#, G#, A#, B",6,3.57,common_tone,False,False
D# minor,C# phrygian,"G#, C#, B, F#",4,4.71,common_tone,False,False
D# minor,C# lydian,"C#, D#, F, G#, A#",5,4.14,common_tone,False,False
D# minor,C# mixolydian,"C#, D#, F, F#, G#, A#, B",7,3.0,common_tone,False,False
D# minor,C# locrian,"C#, B, F#",3,6.79,common_tone,False,False
D# minor,C# harmonic_minor,"G#, C#, D#, F#",4,4.71,common_tone,False,False
D# minor,C# melodic_minor,"C#, D#, F#, G#, A#",5,4.14,common_tone,False,False
D# minor,D major,"C#, B, F#",3,6.79,common_tone,False,False
D# minor,D minor,"A#, F",2,5.36,nearby_key,False,False
D# minor,D dorian,"B, F",2,7.36,nearby_key,False,False
D# minor,D phrygian,"A#, D#, F",3,3.79,common_tone,False,False
D# minor,D lydian,"G#, C#, B, F#",4,6.21,common_tone,False,False
D# minor,D mixolydian,"B, F#",2,7.36,nearby_key,False,False
D# minor,D locrian,"G#, A#, D#, F",4,3.21,common_tone,False,False
D# minor,D harmonic_minor,"C#, A#, F",3,5.29,common_tone,False,False
D# minor,D melodic_minor,"C#, B, F",3,6.79,common_tone,False,False
D# minor,D# major,"G#, A#, D#, F",4,1.71,common_tone,False,False
D# minor,D# dorian,"C#, D#, F, F#, G#, A#",6,0.57,common_tone,False,False
D# minor,D# phrygian,"C#, D#, F#, G#, A#, B",6,0.57,common_tone,False,False
D# minor,D# lydian,"A#, D#, F",3,2.29,common_tone,False,False
D# minor,D# mixolydian,"C#, D#, F, G#, A#",5,1.14,common_tone,False,False
D# minor,D# locrian,"C#, D#, F#, G#, B",5,2.64,common_tone,False,False
D# minor,D# harmonic_minor,"D#, F, F#, G#, A#, B",6,0.57,common_tone,False,False
D# minor,D# melodic_minor,"D#, F, F#, G#, A#",5,1.14,common_tone,False,False
D# minor,E major,"C#, D#, F#, G#, B",5,2.64,common_tone,False,False
D# minor,E minor,"B, F#",2,5.36,nearby_key,False,False
D# minor,E dorian,"C#, B, F#",3,5.29,common_tone,False,False
D# minor,E phrygian,"B, F",2,5.86,nearby_key,False,False
D# minor,E lydian,"C#, D#, F#, G#, A#, B",6,2.07,common_tone,False,False
D# minor,E mixolydian,"G#, C#, B, F#",4,4.71,common_tone,False,False
D# minor,E locrian,"A#, F",2,5.86,nearby_key,False,False
D# minor,E harmonic_minor,"B, D#, F#",3,3.79,common_tone,False,False
D# minor,E melodic_minor,"B, C#, D#, F#",4,3.21,common_tone,False,False
D# minor,F major,"A#, F",2,5.86,nearby_key,False,False
D# minor,F minor,"C#, D#, F, G#, A#",5,3.14,closely_related,False,False
D# minor,F dorian,"G#, A#, D#, F",4,4.71,common_tone,False,False
D# minor,F phrygian,"C#, D#, F, F#, G#, A#",6,3.57,common_tone,False,False
D# minor,F lydian,"B, F",2,7.36,nearby_key,False,False
D# minor,F mixolydian,"A#, D#, F",3,5.29,common_tone,False,False
D# minor,F locrian,"C#, D#, F, F#, G#, A#, B",7,3.0,common_tone,False,False
D# minor,F harmonic_minor,"G#, C#, A#, F",4,4.71,common_tone,False,False
D# minor,F melodic_minor,"G#, A#, F",3,5.29,common_tone,False,False
D# minor,F# major,"C#, D#, F, F#, G#, A#, B",7,4.5,common_tone,False,False
D# minor,F# minor,"G#, C#, B, F#",4,4.71,closely_related,False,False
D# minor,F# dorian,"C#, D#, F#, G#, B",5,5.64,common_tone,False,False
D# minor,F# phrygian,"C#, B, F#",3,6.79,common_tone,False,False
D# minor,F# lydian,"C#, D#, F, F#, G#, A#",6,5.07,common_tone,False,False
D# minor,F# mixolydian,"C#, D#, F#, G#, A#, B",6,5.07,common_tone,False,False
D# minor,F# locrian,"B, F#",2,8.86,distant_modulation,False,False
D# minor,F# harmonic_minor,"C#, F, F#, G#, B",5,5.64,common_tone,False,False
D# minor,F# melodic_minor,"C#, D#, F, F#, G#, B",6,5.07,common_tone,False,False
D# minor,G major,"B, F#",2,11.86,distant_modulation,False,False
D# minor,G minor,"A#, D#, F",3,6.29,common_tone,False,False
D# minor,G dorian,"A#, F",2,10.36,distant_modulation,False,False
D# minor,G phrygian,"G#, A#, D#, F",4,7.71,common_tone,False,False
D# minor,G lydian,"C#, B, F#",3,11.29,common_tone,False,False
D# minor,G mixolydian,"B, F",2,11.86,distant_modulation,False,False
D# minor,G locrian,"C#, D#, F, G#, A#",5,7.14,common_tone,False,False
D# minor,G harmonic_minor,"A#, D#, F#",3,8.29,common_tone,False,False
D# minor,G melodic_minor,"A#, F#",2,10.36,distant_modulation,False,False
D# minor,G# major,"C#, D#, F, G#, A#",5,8.64,common_tone,False,False
D# minor,G# minor,"C#, D#, F#, G#, A#, B",6,5.57,diatonic_common_tone,False,False
D# minor,G# dorian,"C#, D#, F, F#, G#, A#, B",7,7.5,common_tone,False,False
D# minor,G# phrygian,"C#, D#, F#, G#, B",5,8.64,common_tone,False,False
D# minor,G# lydian,"G#, A#, D#, F",4,9.21,common_tone,False,False
D# minor,G# mixolydian,"C#, D#, F, F#, G#, A#",6,8.07,common_tone,False,False
D# minor,G# locrian,"G#, C#, B, F#",4,10.71,common_tone,False,False
D# minor,G# harmonic_minor,"C#, D#, G#, A#, B",5,8.64,common_tone,False,False
D# minor,G# melodic_minor,"C#, D#, F, G#, A#, B",6,8.07,common_tone,False,False
D# minor,A major,"G#, C#, B, F#",4,13.71,common_tone,False,False
D# minor,A minor,"B, F",2,11.86,distant_modulation,False,False
D# minor,A dorian,"B, F#",2,14.86,distant_modulation,False,False
D# minor,A phrygian,"A#, F",2,13.36,distant_modulation,False,False
D# minor,A lydian,"C#, D#, F#, G#, B",5,11.64,common_tone,False,False
D# minor,A mixolydian,"C#, B, F#",3,14.29,common_tone,False,False
D# minor,A locrian,"A#, D#, F",3,11.29,common_tone,False,False
D# minor,A harmonic_minor,"G#, B, F",3,14.29,common_tone,False,False
D# minor,A melodic_minor,"G#, B, F#",3,14.29,common_tone,False,False
D# minor,A# major,"A#, D#, F",3,9.79,common_tone,False,False
D# minor,A# minor,"C#, D#, F, F#, G#, A#",6,5.57,diatonic_common_tone,False,False
D# minor,A# dorian,"C#, D#, F, G#, A#",5,8.64,common_tone,False,False
D# minor,A# phrygian,"C#, D#, F, F#, G#, A#, B",7,7.5,common_tone,False,False
D# minor,A# lydian,"A#, F",2,10.36,distant_modulation,False,False
D# minor,A# mixolydian,"G#, A#, D#, F",4,9.21,common_tone,False,False
D# minor,A# locrian,"C#, D#, F#, G#, A#, B",6,8.07,common_tone,False,False
D# minor,A# harmonic_minor,"C#, D#, F, F#, A#",5,8.64,common_tone,False,False
D# minor,A# melodic_minor,"C#, A#, D#, F",4,9.21,common_tone,False,False
D# minor,B major,"C#, D#, F#, G#, A#, B",6,6.57,common_tone,False,False
D# minor,B minor,"C#, B, F#",3,6.29,common_tone,False,False
D# minor,B dorian,"G#, C#, B, F#",4,7.71,common_tone,False,False
D# minor,B phrygian,"B, F#",2,8.86,distant_modulation,False,False
D# minor,B lydian,"C#, D#, F, F#, G#, A#, B",7,6.0,common_tone,False,False
D# minor,B mixolydian,"C#, D#, F#, G#, B",5,7.14,common_tone,False,False
D# minor,B locrian,"B, F",2,8.86,distant_modulation,False,False
D# minor,B harmonic_minor,"C#, A#, B, F#",4,7.71,common_tone,False,False
D# minor,B melodic_minor,"C#, F#, G#, A#, B",5,7.14,common_tone,False,False
D# dorian,C major,"C, F",2,8.86,distant_modulation,False,False
D# dorian,C minor,"C, D#, F, G#, A#",5,5.64,common_tone,False,False
D# dorian,C dorian,"C, A#, D#, F",4,4.71,closely_related,False,False
D# dorian,C phrygian,"C, C#, D#, F, G#, A#",6,5.07,common_tone,False,False
D# dorian,C lydian,"C, F#",2,8.86,distant_modulation,False,False
D# dorian,C mixolydian,"C, A#, F",3,6.79,common_tone,False,False
D# dorian,C locrian,"C, C#, D#, F, F#, G#, A#",7,4.5,common_tone,False,False
D# dorian,C harmonic_minor,"C, G#, D#, F",4,6.21,common_tone,False,False
D# dorian,C melodic_minor,"C, D#, F",3,6.79,common_tone,False,False
D# dorian,C# major,"C, C#, D#, F, F#, G#, A#",7,3.0,common_tone,False,False
D# dorian,C# minor,"G#, C#, D#, F#",4,4.71,common_tone,False,False
D# dorian,C# dorian,"C#, D#, F#, G#, A#",5,3.14,closely_related,False,False
D# dorian,C# phrygian,"G#, C#, F#",3,5.29,common_tone,False,False
D# dorian,C# lydian,"C, C#, D#, F, G#, A#",6,3.57,common_tone,False,False
D# dorian,C# mixolydian,"C#, D#, F, F#, G#, A#",6,3.57,common_tone,False,False
D# dorian,C# locrian,"C#, F#",2,7.36,nearby_key,False,False
D# dorian,C# harmonic_minor,"C, C#, D#, F#, G#",5,4.14,common_tone,False,False
D# dorian,C# melodic_minor,"C, C#, D#, F#, G#, A#",6,3.57,common_tone,False,False
D# dorian,D major,"C#, F#",2,7.36,nearby_key,False,False
D# dorian,D minor,"C, A#, F",3,5.29,common_tone,False,False
D# dorian,D dorian,"C, F",2,6.86,nearby_key,False,False
D# dorian,D phrygian,"C, A#, D#, F",4,3.21,common_tone,False,False
D# dorian,D lydian,"G#, C#, F#",3,6.79,common_tone,False,False
D# dorian,D mixolydian,"C, F#",2,7.36,nearby_key,False,False
D# dorian,D locrian,"C, D#, F, G#, A#",5,2.64,common_tone,False,False
D# dorian,D harmonic_minor,"C#, A#, F",3,5.29,common_tone,False,False
D# dorian,D melodic_minor,"C#, F",2,7.36,nearby_key,False,False
D# dorian,D# major,"C, D#, F, G#, A#",5,1.14,common_tone,False,False
D# dorian,D# minor,"C#, D#, F, F#, G#, A#",6,0.57,common_tone,False,False
D# dorian,D# phrygian,"C#, D#, F#, G#, A#",5,1.14,common_tone,False,False
D# dorian,D# lydian,"C, A#, D#, F",4,1.71,common_tone,False,False
D# dorian,D# mixolydian,"C, C#, D#, F, G#, A#",6,0.57,common_tone,False,False
D# dorian,D# locrian,"G#, C#, D#, F#",4,3.21,common_tone,False,False
D# dorian,D# harmonic_minor,"D#, F, F#, G#, A#",5,1.14,common_tone,False,False
D# dorian,D# melodic_minor,"C, D#, F, F#, G#, A#",6,0.57,common_tone,False,False
D# dorian,E major,"G#, C#, D#, F#",4,4.71,common_tone,False,False
D# dorian,E minor,"C, F#",2,7.36,nearby_key,False,False
D# dorian,E dorian,"C#, F#",2,6.86,nearby_key,False,False
D# dorian,E phrygian,"C, F",2,7.36,nearby_key,False,False
D# dorian,E lydian,"C#, D#, F#, G#, A#",5,2.64,common_tone,False,False
D# dorian,E mixolydian,"G#, C#, F#",3,6.79,common_tone,False,False
D# dorian,E locrian,"C, A#, F",3,5.29,common_tone,False,False
D# dorian,E harmonic_minor,"C, D#, F#",3,5.29,common_tone,False,False
D# dorian,E melodic_minor,"C#, D#, F#",3,5.29,common_tone,False,False
D# dorian,F major,"C, A#, F",3,5.29,common_tone,False,False
D# dorian,F minor,"C, C#, D#, F, G#, A#",6,3.57,common_tone,False,False
D# dorian,F dorian,"C, D#, F, G#, A#",5,3.14,closely_related,False,False
D# dorian,F phrygian,"C, C#, D#, F, F#, G#, A#",7,3.0,common_tone,False,False
D# dorian,F lydian,"C, F",2,5.86,nearby_key,False,False
D# dorian,F mixolydian,"C, A#, D#, F",4,4.71,common_tone,False,False
D# dorian,F locrian,"C#, D#, F, F#, G#, A#",6,3.57,common_tone,False,False
D# dorian,F harmonic_minor,"C, C#, F, G#, A#",5,4.14,common_tone,False,False
D# dorian,F melodic_minor,"C, G#, A#, F",4,4.71,common_tone,False,False
D# dorian,F# major,"C#, D#, F, F#, G#, A#",6,5.07,common_tone,False,False
D# dorian,F# minor,"G#, C#, F#",3,6.79,common_tone,False,False
D# dorian,F# dorian,"G#, C#, D#, F#",4,4.71,closely_related,False,False
D# dorian,F# phrygian,"C#, F#",2,7.36,distant_modulation,False,False
D# dorian,F# lydian,"C, C#, D#, F, F#, G#, A#",7,4.5,common_tone,False,False
D# dorian,F# mixolydian,"C#, D#, F#, G#, A#",5,5.64,common_tone,False,False
D# dorian,F# locrian,"C, F#",2,7.36,distant_modulation,False,False
D# dorian,F# harmonic_minor,"G#, C#, F, F#",4,6.21,common_tone,False,False
D# dorian,F# melodic_minor,"C#, D#, F, F#, G#",5,5.64,common_tone,False,False
D# dorian,G major,"C, F#",2,11.86,distant_modulation,False,False
D# dorian,G minor,"C, A#, D#, F",4,7.71,common_tone,False,False
D# dorian,G dorian,"C, A#, F",3,7.79,common_tone,False,False
D# dorian,G phrygian,"C, D#, F, G#, A#",5,7.14,common_tone,False,False
D# dorian,G lydian,"C#, F#",2,11.86,distant_modulation,False,False
D# dorian,G mixolydian,"C, F",2,11.86,distant_modulation,False,False
D# dorian,G locrian,"C, C#, D#, F, G#, A#",6,6.57,common_tone,False,False
D# dorian,G harmonic_minor,"C, A#, D#, F#",4,7.71,common_tone,False,False
D# dorian,G melodic_minor,"C, A#, F#",3,9.79,common_tone,False,False
D# dorian,G# major,"C, C#, D#, F, G#, A#",6,8.07,common_tone,False,False
D# dorian,G# minor,"C#, D#, F#, G#, A#",5,8.64,common_tone,False,False
D# dorian,G# dorian,"C#, D#, F, F#, G#, A#",6,5.57,diatonic_common_tone,False,False
D# dorian,G# phrygian,"G#, C#, D#, F#",4,9.21,common_tone,False,False
D# dorian,G# lydian,"C, D#, F, G#, A#",5,8.64,common_tone,False,False
D# dorian,G# mixolydian,"C, C#, D#, F, F#, G#, A#",7,7.5,common_tone,False,False
D# dorian,G# locrian,"G#, C#, F#",3,11.29,common_tone,False,False
D# dorian,G# harmonic_minor,"G#, C#, A#, D#",4,9.21,common_tone,False,False
D# dorian,G# melodic_minor,"C#, D#, F, G#, A#",5,8.64,common_tone,False,False
D# dorian,A major,"G#, C#, F#",3,14.29,common_tone,False,False
D# dorian,A minor,"C, F",2,14.86,distant_modulation,False,False
D# dorian,A dorian,"C, F#",2,11.86,distant_modulation,False,False
D# dorian,A phrygian,"C, A#, F",3,12.79,common_tone,False,False
D# dorian,A lydian,"G#, C#, D#, F#",4,12.21,common_tone,False,False
D# dorian,A mixolydian,"C#, F#",2,14.86,distant_modulation,False,False
D# dorian,A locrian,"C, A#, D#, F",4,10.71,common_tone,False,False
D# dorian,A harmonic_minor,"C, G#, F",3,14.29,common_tone,False,False
D# dorian,A melodic_minor,"C, G#, F#",3,14.29,common_tone,False,False
D# dorian,A# major,"C, A#, D#, F",4,9.21,common_tone,False,False
D# dorian,A# minor,"C, C#, D#, F, F#, G#, A#",7,7.5,common_tone,False,False
D# dorian,A# dorian,"C, C#, D#, F, G#, A#",6,5.57,diatonic_common_tone,False,False
D# dorian,A# phrygian,"C#, D#, F, F#, G#, A#",6,8.07,common_tone,False,False
D# dorian,A# lydian,"C, A#, F",3,9.79,common_tone,False,False
D# dorian,A# mixolydian,"C, D#, F, G#, A#",5,8.64,common_tone,False,False
D# dorian,A# locrian,"C#, D#, F#, G#, A#",5,8.64,common_tone,False,False
D# dorian,A# harmonic_minor,"C, C#, D#, F, F#, A#",6,8.07,common_tone,False,False
D# dorian,A# melodic_minor,"C, C#, D#, F, A#",5,8.64,common_tone,False,False
D# dorian,B major,"C#, D#, F#, G#, A#",5,7.14,common_tone,False,False
D# dorian,B minor,"C#, F#",2,10.36,distant_modulation,False,False
D# dorian,B dorian,"G#, C#, F#",3,7.79,common_tone,False,False
D# dorian,B phrygian,"C, F#",2,10.36,distant_modulation,False,False
D# dorian,B lydian,"C#, D#, F, F#, G#, A#",6,6.57,common_tone,False,False
D# dorian,B mixolydian,"G#, C#, D#, F#",4,7.71,common_tone,False,False
D# dorian,B locrian,"C, F",2,10.36,distant_modulation,False,False
D# dorian,B harmonic_minor,"C#, A#, F#",3,8.29,common_tone,False,False
D# dorian,B melodic_minor,"G#, C#, A#, F#",4,7.71,common_tone,False,False
D# phrygian,C major,"B, E",2,10.36,distant_modulation,False,False
D# phrygian,C minor,"G#, A#, D#",3,6.79,common_tone,False,False
D# phrygian,C dorian,"A#, D#",2,7.36,distant_modulation,False,False
D# phrygian,C phrygian,"G#, C#, A#, D#",4,4.71,closely_related,False,False
D# phrygian,C lydian,"B, E, F#",3,9.79,common_tone,False,False
D# phrygian,C mixolydian,"A#, E",2,8.86,distant_modulation,False,False
D# phrygian,C locrian,"C#, D#, F#, G#, A#",5,5.64,common_tone,False,False
D# phrygian,C harmonic_minor,"G#, B, D#",3,8.29,common_tone,False,False
D# phrygian,C melodic_minor,"B, D#",2,8.86,distant_modulation,False,False
D# phrygian,C# major,"C#, D#, F#, G#, A#",5,4.14,common_tone,False,False
D# phrygian,C# minor,"C#, D#, E, F#, G#, B",6,3.57,common_tone,False,False
D# phrygian,C# dorian,"C#, D#, E, F#, G#, A#, B",7,3.0,common_tone,False,False
D# phrygian,C# phrygian,"C#, E, F#, G#, B",5,3.14,closely_related,False,False
D# phrygian,C# lydian,"G#, C#, A#, D#",4,4.71,common_tone,False,False
D# phrygian,C# mixolydian,"C#, D#, F#, G#, A#, B",6,3.57,common_tone,False,False
D# phrygian,C# locrian,"C#, B, E, F#",4,6.21,common_tone,False,False
D# phrygian,C# harmonic_minor,"C#, D#, E, F#, G#",5,4.14,common_tone,False,False
D# phrygian,C# melodic_minor,"C#, D#, E, F#, G#, A#",6,3.57,common_tone,False,False
D# phrygian,D major,"C#, B, E, F#",4,6.21,common_tone,False,False
D# phrygian,D minor,"A#, E",2,5.86,nearby_key,False,False
D# phrygian,D dorian,"B, E",2,7.36,nearby_key,False,False
D# phrygian,D phrygian,"A#, D#",2,3.86,nearby_key,False,False
D# phrygian,D lydian,"C#, E, F#, G#, B",5,5.64,common_tone,False,False
D# phrygian,D mixolydian,"B, E, F#",3,6.79,common_tone,False,False
D# phrygian,D locrian,"G#, A#, D#",3,3.79,common_tone,False,False
D# phrygian,D harmonic_minor,"C#, A#, E",3,5.29,common_tone,False,False
D# phrygian,D melodic_minor,"C#, B, E",3,6.79,common_tone,False,False
D# phrygian,D# major,"G#, A#, D#",3,2.29,common_tone,False,False
D# phrygian,D# minor,"C#, D#, F#, G#, A#, B",6,0.57,common_tone,False,False
D# phrygian,D# dorian,"C#, D#, F#, G#, A#",5,1.14,common_tone,False,False
D# phrygian,D# lydian,"A#, D#",2,2.86,nearby_key,False,False
D# phrygian,D# mixolydian,"G#, C#, A#, D#",4,1.71,common_tone,False,False
D# phrygian,D# locrian,"C#, D#, E, F#, G#, B",6,2.07,common_tone,False,False
D# phrygian,D# harmonic_minor,"D#, F#, G#, A#, B",5,1.14,common_tone,False,False
D# phrygian,D# melodic_minor,"G#, A#, D#, F#",4,1.71,common_tone,False,False
D# phrygian,E major,"C#, D#, E, F#, G#, B",6,2.07,common_tone,False,False
D# phrygian,E minor,"B, E, F#",3,3.79,common_tone,False,False
D# phrygian,E dorian,"C#, B, E, F#",4,3.21,common_tone,False,False
D# phrygian,E phrygian,"B, E",2,3.86,nearby_key,False,False
D# phrygian,E lydian,"C#, D#, E, F#, G#, A#, B",7,1.5,common_tone,False,False
D# phrygian,E mixolydian,"C#, E, F#, G#, B",5,2.64,common_tone,False,False
D# phrygian,E locrian,"A#, E",2,4.36,nearby_key,False,False
D# phrygian,E harmonic_minor,"B, D#, E, F#",4,3.21,common_tone,False,False
D# phrygian,E melodic_minor,"C#, D#, E, F#, B",5,2.64,common_tone,False,False
D# phrygian,F major,"A#, E",2,7.36,nearby_key,False,False
D# phrygian,F minor,"G#, C#, A#, D#",4,4.71,common_tone,False,False
D# phrygian,F dorian,"G#, A#, D#",3,5.29,common_tone,False,False
D# phrygian,F phrygian,"C#, D#, F#, G#, A#",5,3.14,closely_related,False,False
D# phrygian,F lydian,"B, E",2,8.86,nearby_key,False,False
D# phrygian,F mixolydian,"A#, D#",2,5.86,nearby_key,False,False
D# phrygian,F locrian,"C#, D#, F#, G#, A#, B",6,3.57,common_tone,False,False
D# phrygian,F harmonic_minor,"G#, C#, A#, E",4,6.21,common_tone,False,False
D# phrygian,F melodic_minor,"G#, A#, E",3,6.79,common_tone,False,False
D# phrygian,F# major,"C#, D#, F#, G#, A#, B",6,5.07,common_tone,False,False
D# phrygian,F# minor,"C#, E, F#, G#, B",5,5.64,common_tone,False,False
D# phrygian,F# dorian,"C#, D#, E, F#, G#, B",6,5.07,common_tone,False,False
D# phrygian,F# phrygian,"C#, B, E, F#",4,4.71,closely_related,False,False
D# phrygian,F# lydian,"C#, D#, F#, G#, A#",5,5.64,common_tone,False,False
D# phrygian,F# mixolydian,"C#, D#, E, F#, G#, A#, B",7,4.5,common_tone,False,False
D# phrygian,F# locrian,"B, E, F#",3,8.29,common_tone,False,False
D# phrygian,F# harmonic_minor,"G#, C#, B, F#",4,6.21,common_tone,False,False
D# phrygian,F# melodic_minor,"C#, D#, F#, G#, B",5,5.64,common_tone,False,False
D# phrygian,G major,"B, E, F#",3,11.29,common_tone,False,False
D# phrygian,G minor,"A#, D#",2,8.86,distant_modulation,False,False
D# phrygian,G dorian,"A#, E",2,10.36,distant_modulation,False,False
D# phrygian,G phrygian,"G#, A#, D#",3,6.29,common_tone,False,False
D# phrygian,G lydian,"C#, B, E, F#",4,10.71,common_tone,False,False
D# phrygian,G mixolydian,"B, E",2,11.86,distant_modulation,False,False
D# phrygian,G locrian,"G#, C#, A#, D#",4,7.71,common_tone,False,False
D# phrygian,G harmonic_minor,"A#, D#, F#",3,8.29,common_tone,False,False
D# phrygian,G melodic_minor,"A#, E, F#",3,9.79,common_tone,False,False
D# phrygian,G# major,"G#, C#, A#, D#",4,9.21,common_tone,False,False
D# phrygian,G# minor,"C#, D#, E, F#, G#, A#, B",7,7.5,common_tone,False,False
D# phrygian,G# dorian,"C#, D#, F#, G#, A#, B",6,8.07,common_tone,False,False
D# phrygian,G# phrygian,"C#, D#, E, F#, G#, B",6,5.57,diatonic_common_tone,False,False
D# phrygian,G# lydian,"G#, A#, D#",3,9.79,common_tone,False,False
D# phrygian,G# mixolydian,"C#, D#, F#, G#, A#",5,8.64,common_tone,False,False
D# phrygian,G# locrian,"C#, E, F#, G#, B",5,10.14,common_tone,False,False
D# phrygian,G# harmonic_minor,"C#, D#, E, G#, A#, B",6,8.07,common_tone,False,False
D# phrygian,G# melodic_minor,"C#, D#, G#, A#, B",5,8.64,common_tone,False,False
D# phrygian,A major,"C#, E, F#, G#, B",5,11.64,common_tone,False,False
D# phrygian,A minor,"B, E",2,13.36,distant_modulation,False,False
D# phrygian,A dorian,"B, E, F#",3,12.79,common_tone,False,False
D# phrygian,A phrygian,"A#, E",2,8.86,distant_modulation,False,False
D# phrygian,A lydian,"C#, D#, E, F#, G#, B",6,9.57,common_tone,False,False
D# phrygian,A mixolydian,"C#, B, E, F#",4,12.21,common_tone,False,False
D# phrygian,A locrian,"A#, D#",2,11.86,distant_modulation,False,False
D# phrygian,A harmonic_minor,"G#, B, E",3,12.79,common_tone,False,False
D# phrygian,A melodic_minor,"G#, B, E, F#",4,12.21,common_tone,False,False
D# phrygian,A# major,"A#, D#",2,10.36,distant_modulation,False,False
D# phrygian,A# minor,"C#, D#, F#, G#, A#",5,8.64,common_tone,False,False
D# phrygian,A# dorian,"G#, C#, A#, D#",4,9.21,common_tone,False,False
D# phrygian,A# phrygian,"C#, D#, F#, G#, A#, B",6,5.57,diatonic_common_tone,False,False
D# phrygian,A# lydian,"A#, E",2,11.86,distant_modulation,False,False
D# phrygian,A# mixolydian,"G#, A#, D#",3,9.79,common_tone,False,False
D# phrygian,A# locrian,"C#, D#, E, F#, G#, A#, B",7,7.5,common_tone,False,False
D# phrygian,A# harmonic_minor,"C#, A#, D#, F#",4,9.21,common_tone,False,False
D# phrygian,A# melodic_minor,"C#, A#, D#",3,9.79,common_tone,False,False
D# phrygian,B major,"C#, D#, E, F#, G#, A#, B",7,6.0,common_tone,False,False
D# phrygian,B minor,"C#, B, E, F#",4,7.71,common_tone,False,False
D# phrygian,B dorian,"C#, E, F#, G#, B",5,7.14,common_tone,False,False
D# phrygian,B phrygian,"B, E, F#",3,6.29,common_tone,False,False
D# phrygian,B lydian,"C#, D#, F#, G#, A#, B",6,6.57,common_tone,False,False
D# phrygian,B mixolydian,"C#, D#, E, F#, G#, B",6,6.57,common_tone,False,False
D# phrygian,B locrian,"B, E",2,10.36,distant_modulation,False,False
D# phrygian,B harmonic_minor,"C#, E, F#, A#, B",5,7.14,common_tone,False,False
D# phrygian,B melodic_minor,"C#, E, F#, G#, A#, B",6,6.57,common_tone,False,False
D# lydian,C major,"C, D, F, G, A",5,5.64,common_tone,False,False
D# lydian,C minor,"C, D, D#, F, G, A#",6,5.07,common_tone,False,False
D# lydian,C dorian,"C, D, D#, F, G, A, A#",7,4.5,common_tone,False,False
D# lydian,C phrygian,"C, D#, F, G, A#",5,5.64,common_tone,False,False
D# lydian,C lydian,"C, A, D, G",4,4.71,closely_related,False,False
D# lydian,C mixolydian,"C, D, F, G, A, A#",6,5.07,common_tone,False,False
D# lydian,C locrian,"C, A#, D#, F",4,6.21,common_tone,False,False
D# lydian,C harmonic_minor,"C, D, D#, F, G",5,5.64,common_tone,False,False
D# lydian,C melodic_minor,"C, D, D#, F, G, A",6,5.07,common_tone,False,False
D# lydian,C# major,"C, A#, D#, F",4,4.71,common_tone,False,False
D# lydian,C# minor,"A, D#",2,7.36,nearby_key,False,False
D# lydian,C# dorian,"A#, D#",2,5.86,nearby_key,False,False
D# lydian,C# phrygian,"A, D",2,8.86,nearby_key,False,False
D# lydian,C# lydian,"C, D#, F, G, A#",5,3.14,closely_related,False,False
D# lydian,C# mixolydian,"A#, D#, F",3,5.29,common_tone,False,False
D# lydian,C# locrian,"A, D, G",3,6.79,common_tone,False,False
D# lydian,C# harmonic_minor,"C, A, D#",3,6.79,common_tone,False,False
D# lydian,C# melodic_minor,"C, A#, D#",3,5.29,common_tone,False,False
D# lydian,D major,"A, D, G",3,3.79,common_tone,False,False
D# lydian,D minor,"C, D, F, G, A, A#",6,2.07,common_tone,False,False
D# lydian,D dorian,"C, D, F, G, A",5,2.64,common_tone,False,False
D# lydian,D phrygian,"C, D, D#, F, G, A, A#",7,1.5,common_tone,False,False
D# lydian,D lydian,"A, D",2,3.86,nearby_key,False,False
D# lydian,D mixolydian,"C, A, D, G",4,3.21,common_tone,False,False
D# lydian,D locrian,"C, D, D#, F, G, A#",6,2.07,common_tone,False,False
D# lydian,D harmonic_minor,"D, F, G, A, A#",5,2.64,common_tone,False,False
D# lydian,D melodic_minor,"A, D, F, G",4,3.21,common_tone,False,False
D# lydian,D# major,"C, D, D#, F, G, A#",6,0.57,common_tone,False,False
D# lydian,D# minor,"A#, D#, F",3,2.29,common_tone,False,False
D# lydian,D# dorian,"C, A#, D#, F",4,1.71,common_tone,False,False
D# lydian,D# phrygian,"A#, D#",2,2.86,nearby_key,False,False
D# lydian,D# mixolydian,"C, D#, F, G, A#",5,1.14,common_tone,False,False
D# lydian,D# locrian,"A, D#",2,2.86,nearby_key,False,False
D# lydian,D# harmonic_minor,"A#, D, D#, F",4,1.71,common_tone,False,False
D# lydian,D# melodic_minor,"C, D, D#, F, A#",5,1.14,common_tone,False,False
D# lydian,E major,"A, D#",2,5.86,nearby_key,False,False
D# lydian,E minor,"C, A, D, G",4,6.21,common_tone,False,False
D# lydian,E dorian,"A, D, G",3,6.79,common_tone,False,False
D# lydian,E phrygian,"C, D, F, G, A",5,5.64,common_tone,False,False
D# lydian,E lydian,"A#, D#",2,3.86,nearby_key,False,False
D# lydian,E mixolydian,"A, D",2,7.36,nearby_key,False,False
D# lydian,E locrian,"C, D, F, G, A, A#",6,3.57,common_tone,False,False
D# lydian,E harmonic_minor,"C, A, D#, G",4,4.71,common_tone,False,False
D# lydian,E melodic_minor,"A, D#, G",3,5.29,common_tone,False,False
D# lydian,F major,"C, D, F, G, A, A#",6,3.57,common_tone,False,False
D# lydian,F minor,"C, D#, F, G, A#",5,4.14,common_tone,False,False
D# lydian,F dorian,"C, D, D#, F, G, A#",6,3.57,common_tone,False,False
D# lydian,F phrygian,"C, A#, D#, F",4,4.71,common_tone,False,False
D# lydian,F lydian,"C, D, F, G, A",5,3.14,closely_related,False,False
D# lydian,F mixolydian,"C, D, D#, F, G, A, A#",7,3.0,common_tone,False,False
D# lydian,F locrian,"A#, D#, F",3,5.29,common_tone,False,False
D# lydian,F harmonic_minor,"C, A#, F, G",4,4.71,common_tone,False,False
D# lydian,F melodic_minor,"C, D, F, G, A#",5,4.14,common_tone,False,False
D# lydian,F# major,"A#, D#, F",3,6.79,common_tone,False,False
D# lydian,F# minor,"A, D",2,10.36,distant_modulation,False,False
D# lydian,F# dorian,"A, D#",2,8.86,distant_modulation,False,False
D# lydian,F# phrygian,"A, D, G",3,9.79,common_tone,False,False
D# lydian,F# lydian,"C, A#, D#, F",4,4.71,closely_related,False,False
D# lydian,F# mixolydian,"A#, D#",2,7.36,distant_modulation,False,False
D# lydian,F# locrian,"C, A, D, G",4,7.71,common_tone,False,False
D# lydian,F# harmonic_minor,"A, D, F",3,9.79,common_tone,False,False
D# lydian,F# melodic_minor,"A, D#, F",3,8.29,common_tone,False,False
D# lydian,G major,"C, A, D, G",4,7.71,common_tone,False,False
D# lydian,G minor,"C, D, D#, F, G, A, A#",7,6.0,common_tone,False,False
D# lydian,G dorian,"C, D, F, G, A, A#",6,6.57,common_tone,False,False
D# lydian,G phrygian,"C, D, D#, F, G, A#",6,6.57,common_tone,False,False
D# lydian,G lydian,"A, D, G",3,6.29,common_tone,False,False
D# lydian,G mixolydian,"C, D, F, G, A",5,7.14,common_tone,False,False
D# lydian,G locrian,"C, D#, F, G, A#",5,7.14,common_tone,False,False
D# lydian,G harmonic_minor,"C, D, D#, G, A, A#",6,6.57,common_tone,False,False
D# lydian,G melodic_minor,"C, D, G, A, A#",5,7.14,common_tone,False,False
D# lydian,G# major,"C, D#, F, G, A#",5,8.64,common_tone,False,False
D# lydian,G# minor,"A#, D#",2,10.36,distant_modulation,False,False
D# lydian,G# dorian,"A#, D#, F",3,9.79,common_tone,False,False
D# lydian,G# phrygian,"A, D#",2,11.86,distant_modulation,False,False
D# lydian,G# lydian,"C, D, D#, F, G, A#",6,5.57,diatonic_common_tone,False,False
D# lydian,G# mixolydian,"C, A#, D#, F",4,9.21,common_tone,False,False
D# lydian,G# locrian,"A, D",2,11.86,distant_modulation,False,False
D# lydian,G# harmonic_minor,"A#, D#, G",3,9.79,common_tone,False,False
D# lydian,G# melodic_minor,"A#, D#, F, G",4,9.21,common_tone,False,False
D# lydian,A major,"A, D",2,13.36,distant_modulation,False,False
D# lydian,A minor,"C, D, F, G, A",5,11.64,common_tone,False,False
D# lydian,A dorian,"C, A, D, G",4,12.21,common_tone,False,False
D# lydian,A phrygian,"C, D, F, G, A, A#",6,9.57,common_tone,False,False
D# lydian,A lydian,"A, D#",2,8.86,distant_modulation,False,False
D# lydian,A mixolydian,"A, D, G",3,12.79,common_tone,False,False
D# lydian,A locrian,"C, D, D#, F, G, A, A#",7,9.0,common_tone,False,False
D# lydian,A harmonic_minor,"C, A, D, F",4,12.21,common_tone,False,False
D# lydian,A melodic_minor,"C, A, D",3,12.79,common_tone,False,False
D# lydian,A# major,"C, D, D#, F, G, A, A#",7,7.5,common_tone,False,False
D# lydian,A# minor,"C, A#, D#, F",4,9.21,common_tone,False,False
D# lydian,A# dorian,"C, D#, F, G, A#",5,8.64,common_tone,False,False
D# lydian,A# phrygian,"A#, D#, F",3,9.79,common_tone,False,False
D# lydian,A# lydian,"C, D, F, G, A, A#",6,5.57,diatonic_common_tone,False,False
D# lydian,A# mixolydian,"C, D, D#, F, G, A#",6,8.07,common_tone,False,False
D# lydian,A# locrian,"A#, D#",2,10.36,distant_modulation,False,False
D# lydian,A# harmonic_minor,"C, D#, F, A, A#",5,8.64,common_tone,False,False
D# lydian,A# melodic_minor,"C, D#, F, G, A, A#",6,8.07,common_tone,False,False
D# lydian,B major,"A#, D#",2,8.86,distant_modulation,False,False
D# lydian,B minor,"A, D, G",3,11.29,common_tone,False,False
D# lydian,B dorian,"A, D",2,11.86,distant_modulation,False,False
D# lydian,B phrygian,"C, A, D, G",4,10.71,common_tone,False,False
D# lydian,B lydian,"A#, D#, F",3,6.29,common_tone,False,False
D# lydian,B mixolydian,"A, D#",2,10.36,distant_modulation,False,False
D# lydian,B locrian,"C, D, F, G, A",5,8.64,common_tone,False,False
D# lydian,B harmonic_minor,"D, A#, G",3,9.79,common_tone,False,False
D# lydian,B melodic_minor,"D, A#",2,10.36,distant_modulation,False,False
D# mixolydian,C major,"C, F, G",3,6.79,common_tone,False,False
D# mixolydian,C minor,"C, D#, F, G, G#, A#",6,5.07,common_tone,False,False
D# mixolydian,C dorian,"C, D#, F, G, A#",5,5.64,common_tone,False,False
D# mixolydian,C phrygian,"C, C#, D#, F, G, G#, A#",7,4.5,common_tone,False,False
D# mixolydian,C lydian,"C, G",2,7.36,distant_modulation,False,False
D# mixolydian,C mixolydian,"C, A#, F, G",4,4.71,closely_related,False,False
D# mixolydian,C locrian,"C, C#, D#, F, G#, A#",6,5.07,common_tone,False,False
D# mixolydian,C harmonic_minor,"C, D#, F, G, G#",5,5.64,common_tone,False,False
D# mixolydian,C melodic_minor,"C, D#, F, G",4,6.21,common_tone,False,False
D# mixolydian,C# major,"C, C#, D#, F, G#, A#",6,3.57,common_tone,False,False
D# mixolydian,C# minor,"G#, C#, D#",3,5.29,common_tone,False,False
D# mixolydian,C# dorian,"G#, C#, A#, D#",4,4.71,common_tone,False,False
D# mixolydian,C# phrygian,"G#, C#",2,5.86,nearby_key,False,False
D# mixolydian,C# lydian,"C, C#, D#, F, G, G#, A#",7,3.0,common_tone,False,False
D# mixolydian,C# mixolydian,"C#, D#, F, G#, A#",5,3.14,closely_related,False,False
D# mixolydian,C# locrian,"C#, G",2,5.86,nearby_key,False,False
D# mixolydian,C# harmonic_minor,"C, C#, D#, G#",4,4.71,common_tone,False,False
D# mixolydian,C# melodic_minor,"C, C#, D#, G#, A#",5,4.14,common_tone,False,False
D# mixolydian,D major,"C#, G",2,7.36,nearby_key,False,False
D# mixolydian,D minor,"C, A#, F, G",4,4.71,common_tone,False,False
D# mixolydian,D dorian,"C, F, G",3,6.79,common_tone,False,False
D# mixolydian,D phrygian,"C, D#, F, G, A#",5,2.64,common_tone,False,False
D# mixolydian,D lydian,"G#, C#",2,7.36,nearby_key,False,False
D# mixolydian,D mixolydian,"C, G",2,6.86,nearby_key,False,False
D# mixolydian,D locrian,"C, D#, F, G, G#, A#",6,2.07,common_tone,False,False
D# mixolydian,D harmonic_minor,"C#, A#, F, G",4,4.71,common_tone,False,False
D# mixolydian,D melodic_minor,"C#, F, G",3,6.79,common_tone,False,False
D# mixolydian,D# major,"C, D#, F, G, G#, A#",6,0.57,common_tone,False,False
D# mixolydian,D# minor,"C#, D#, F, G#, A#",5,1.14,common_tone,False,False
D# mixolydian,D# dorian,"C, C#, D#, F, G#, A#",6,0.57,common_tone,False,False
D# mixolydian,D# phrygian,"G#, C#, A#, D#",4,1.71,common_tone,False,False
D# mixolydian,D# lydian,"C, D#, F, G, A#",5,1.14,common_tone,False,False
D# mixolydian,D# locrian,"G#, C#, D#",3,3.79,common_tone,False,False
D# mixolydian,D# harmonic_minor,"G#, A#, D#, F",4,1.71,common_tone,False,False
D# mixolydian,D# melodic_minor,"C, D#, F, G#, A#",5,1.14,common_tone,False,False
D# mixolydian,E major,"G#, C#, D#",3,5.29,common_tone,False,False
D# mixolydian,E minor,"C, G",2,7.36,nearby_key,False,False
D# mixolydian,E dorian,"C#, G",2,7.36,nearby_key,False,False
D# mixolydian,E phrygian,"C, F, G",3,6.79,common_tone,False,False
D# mixolydian,E lydian,"G#, C#, A#, D#",4,3.21,common_tone,False,False
D# mixolydian,E mixolydian,"G#, C#",2,6.86,nearby_key,False,False
D# mixolydian,E locrian,"C, A#, F, G",4,4.71,common_tone,False,False
D# mixolydian,E harmonic_minor,"C, D#, G",3,5.29,common_tone,False,False
D# mixolydian,E melodic_minor,"C#, D#, G",3,5.29,common_tone,False,False
D# mixolydian,F major,"C, A#, F, G",4,4.71,common_tone,False,False
D# mixolydian,F minor,"C, C#, D#, F, G, G#, A#",7,3.0,common_tone,False,False
D# mixolydian,F dorian,"C, D#, F, G, G#, A#",6,3.57,common_tone,False,False
D# mixolydian,F phrygian,"C, C#, D#, F, G#, A#",6,3.57,common_tone,False,False
D# mixolydian,F lydian,"C, F, G",3,5.29,common_tone,False,False
D# mixolydian,F mixolydian,"C, D#, F, G, A#",5,3.14,closely_related,False,False
D# mixolydian,F locrian,"C#, D#, F, G#, A#",5,4.14,common_tone,False,False
D# mixolydian,F harmonic_minor,"C, C#, F, G, G#, A#",6,3.57,common_tone,False,False
D# mixolydian,F melodic_minor,"C, F, G, G#, A#",5,4.14,common_tone,False,False
D# mixolydian,F# major,"C#, D#, F, G#, A#",5,5.64,common_tone,False,False
D# mixolydian,F# minor,"G#, C#",2,8.86,distant_modulation,False,False
D# mixolydian,F# dorian,"G#, C#, D#",3,6.79,common_tone,False,False
D# mixolydian,F# phrygian,"C#, G",2,8.86,distant_modulation,False,False
D# mixolydian,F# lydian,"C, C#, D#, F, G#, A#",6,5.07,common_tone,False,False
D# mixolydian,F# mixolydian,"G#, C#, A#, D#",4,4.71,closely_related,False,False
D# mixolydian,F# locrian,"C, G",2,8.86,distant_modulation,False,False
D# mixolydian,F# harmonic_minor,"G#, C#, F",3,8.29,common_tone,False,False
D# mixolydian,F# melodic_minor,"G#, C#, D#, F",4,6.21,common_tone,False,False
D# mixolydian,G major,"C, G",2,10.36,distant_modulation,False,False
D# mixolydian,G minor,"C, D#, F, G, A#",5,7.14,common_tone,False,False
D# mixolydian,G dorian,"C, A#, F, G",4,7.71,common_tone,False,False
D# mixolydian,G phrygian,"C, D#, F, G, G#, A#",6,6.57,common_tone,False,False
D# mixolydian,G lydian,"C#, G",2,10.36,distant_modulation,False,False
D# mixolydian,G mixolydian,"C, F, G",3,7.79,common_tone,False,False
D# mixolydian,G locrian,"C, C#, D#, F, G, G#, A#",7,6.0,common_tone,False,False
D# mixolydian,G harmonic_minor,"C, A#, D#, G",4,7.71,common_tone,False,False
D# mixolydian,G melodic_minor,"C, A#, G",3,8.29,common_tone,False,False
D# mixolydian,G# major,"C, C#, D#, F, G, G#, A#",7,7.5,common_tone,False,False
D# mixolydian,G# minor,"G#, C#, A#, D#",4,9.21,common_tone,False,False
D# mixolydian,G# dorian,"C#, D#, F, G#, A#",5,8.64,common_tone,False,False
D# mixolydian,G# phrygian,"G#, C#, D#",3,9.79,common_tone,False,False
D# mixolydian,G# lydian,"C, D#, F, G, G#, A#",6,8.07,common_tone,False,False
D# mixolydian,G# mixolydian,"C, C#, D#, F, G#, A#",6,5.57,diatonic_common_tone,False,False
D# mixolydian,G# locrian,"G#, C#",2,11.86,distant_modulation,False,False
D# mixolydian,G# harmonic_minor,"C#, D#, G, G#, A#",5,8.64,common_tone,False,False
D# mixolydian,G# melodic_minor,"C#, D#, F, G, G#, A#",6,8.07,common_tone,False,False
D# mixolydian,A major,"G#, C#",2,14.86,distant_modulation,False,False
D# mixolydian,A minor,"C, F, G",3,14.29,common_tone,False,False
D# mixolydian,A dorian,"C, G",2,14.86,distant_modulation,False,False
D# mixolydian,A phrygian,"C, A#, F, G",4,12.21,common_tone,False,False
D# mixolydian,A lydian,"G#, C#, D#",3,12.79,common_tone,False,False
D# mixolydian,A mixolydian,"C#, G",2,11.86,distant_modulation,False,False
D# mixolydian,A locrian,"C, D#, F, G, A#",5,10.14,common_tone,False,False
D# mixolydian,A harmonic_minor,"C, G#, F",3,14.29,common_tone,False,False
D# mixolydian,A melodic_minor,"C, G#",2,14.86,distant_modulation,False,False
D# mixolydian,A# major,"C, D#, F, G, A#",5,8.64,common_tone,False,False
D# mixolydian,A# minor,"C, C#, D#, F, G#, A#",6,8.07,common_tone,False,False
D# mixolydian,A# dorian,"C, C#, D#, F, G, G#, A#",7,7.5,common_tone,False,False
D# mixolydian,A# phrygian,"C#, D#, F, G#, A#",5,8.64,common_tone,False,False
D# mixolydian,A# lydian,"C, A#, F, G",4,9.21,common_tone,False,False
D# mixolydian,A# mixolydian,"C, D#, F, G, G#, A#",6,5.57,diatonic_common_tone,False,False
D# mixolydian,A# locrian,"G#, C#, A#, D#",4,9.21,common_tone,False,False
D# mixolydian,A# harmonic_minor,"C, C#, D#, F, A#",5,8.64,common_tone,False,False
D# mixolydian,A# melodic_minor,"C, C#, D#, F, G, A#",6,8.07,common_tone,False,False
D# mixolydian,B major,"G#, C#, A#, D#",4,7.71,common_tone,False,False
D# mixolydian,B minor,"C#, G",2,11.86,distant_modulation,False,False
D# mixolydian,B dorian,"G#, C#",2,11.86,distant_modulation,False,False
D# mixolydian,B phrygian,"C, G",2,11.86,distant_modulation,False,False
D# mixolydian,B lydian,"C#, D#, F, G#, A#",5,7.14,common_tone,False,False
D# mixolydian,B mixolydian,"G#, C#, D#",3,7.79,common_tone,False,False
D# mixolydian,B locrian,"C, F, G",3,9.79,common_tone,False,False
D# mixolydian,B harmonic_minor,"C#, A#, G",3,9.79,common_tone,False,False
D# mixolydian,B melodic_minor,"G#, C#, A#",3,9.79,common_tone,False,False
D# locrian,C major,"A, B, E",3,8.29,common_tone,False,False
D# locrian,C minor,"G#, D#",2,8.86,distant_modulation,False,False
D# locrian,C dorian,"A, D#",2,7.36,distant_modulation,False,False
D# locrian,C phrygian,"G#, C#, D#",3,8.29,common_tone,False,False
D# locrian,C lydian,"A, B, E, F#",4,7.71,common_tone,False,False
D# locrian,C mixolydian,"A, E",2,8.86,distant_modulation,False,False
D# locrian,C locrian,"G#, C#, D#, F#",4,4.71,closely_related,False,False
D# locrian,C harmonic_minor,"G#, B, D#",3,8.29,common_tone,False,False
D# locrian,C melodic_minor,"B, A, D#",3,6.79,common_tone,False,False
D# locrian,C# major,"G#, C#, D#, F#",4,4.71,common_tone,False,False
D# locrian,C# minor,"C#, D#, E, F#, G#, A, B",7,3.0,common_tone,False,False
D# locrian,C# dorian,"C#, D#, E, F#, G#, B",6,3.57,common_tone,False,False
D# locrian,C# phrygian,"C#, E, F#, G#, A, B",6,3.57,common_tone,False,False
D# locrian,C# lydian,"G#, C#, D#",3,5.29,common_tone,False,False
D# locrian,C# mixolydian,"C#, D#, F#, G#, B",5,4.14,common_tone,False,False
D# locrian,C# locrian,"C#, E, F#, A, B",5,3.14,closely_related,False,False
D# locrian,C# harmonic_minor,"C#, D#, E, F#, G#, A",6,3.57,common_tone,False,False
D# locrian,C# melodic_minor,"C#, D#, E, F#, G#",5,4.14,common_tone,False,False
D# locrian,D major,"C#, E, F#, A, B",5,4.14,common_tone,False,False
D# locrian,D minor,"A, E",2,5.86,nearby_key,False,False
D# locrian,D dorian,"A, B, E",3,5.29,common_tone,False,False
D# locrian,D phrygian,"A, D#",2,4.36,nearby_key,False,False
D# locrian,D lydian,"C#, E, F#, G#, A, B",6,3.57,common_tone,False,False
D# locrian,D mixolydian,"A, B, E, F#",4,4.71,common_tone,False,False
D# locrian,D locrian,"G#, D#",2,3.86,nearby_key,False,False
D# locrian,D harmonic_minor,"C#, E, A",3,5.29,common_tone,False,False
D# locrian,D melodic_minor,"C#, B, E, A",4,4.71,common_tone,False,False
D# locrian,D# major,"G#, D#",2,4.36,nearby_key,False,False
D# locrian,D# minor,"C#, D#, F#, G#, B",5,2.64,common_tone,False,False
D# locrian,D# dorian,"G#, C#, D#, F#",4,3.21,common_tone,False,False
D# locrian,D# phrygian,"C#, D#, E, F#, G#, B",6,2.07,common_tone,False,False
D# locrian,D# lydian,"A, D#",2,2.86,nearby_key,False,False
D# locrian,D# mixolydian,"G#, C#, D#",3,3.79,common_tone,False,False
D# locrian,D# harmonic_minor,"G#, B, D#, F#",4,3.21,common_tone,False,False
D# locrian,D# melodic_minor,"G#, D#, F#",3,3.79,common_tone,False,False
D# locrian,E major,"C#, D#, E, F#, G#, A, B",7,1.5,common_tone,False,False
D# locrian,E minor,"A, B, E, F#",4,3.21,common_tone,False,False
D# locrian,E dorian,"C#, E, F#, A, B",5,2.64,common_tone,False,False
D# locrian,E phrygian,"A, B, E",3,3.79,common_tone,False,False
D# locrian,E lydian,"C#, D#, E, F#, G#, B",6,2.07,common_tone,False,False
D# locrian,E mixolydian,"C#, E, F#, G#, A, B",6,2.07,common_tone,False,False
D# locrian,E locrian,"A, E",2,3.86,nearby_key,False,False
D# locrian,E harmonic_minor,"D#, E, F#, A, B",5,2.64,common_tone,False,False
D# locrian,E melodic_minor,"C#, D#, E, F#, A, B",6,2.07,common_tone,False,False
D# locrian,F major,"A, E",2,7.36,nearby_key,False,False
D# locrian,F minor,"G#, C#, D#",3,6.79,common_tone,False,False
D# locrian,F dorian,"G#, D#",2,7.36,nearby_key,False,False
D# locrian,F phrygian,"G#, C#, D#, F#",4,6.21,common_tone,False,False
D# locrian,F lydian,"A, B, E",3,6.79,common_tone,False,False
D# locrian,F mixolydian,"A, D#",2,5.86,nearby_key,False,False
D# locrian,F locrian,"C#, D#, F#, G#, B",5,3.14,closely_related,False,False
D# locrian,F harmonic_minor,"G#, C#, E",3,8.29,common_tone,False,False
D# locrian,F melodic_minor,"G#, E",2,8.86,nearby_key,False,False
D# locrian,F# major,"C#, D#, F#, G#, B",5,5.64,common_tone,False,False
D# locrian,F# minor,"C#, E, F#, G#, A, B",6,5.07,common_tone,False,False
D# locrian,F# dorian,"C#, D#, E, F#, G#, A, B",7,4.5,common_tone,False,False
D# locrian,F# phrygian,"C#, E, F#, A, B",5,5.64,common_tone,False,False
D# locrian,F# lydian,"G#, C#, D#, F#",4,6.21,common_tone,False,False
D# locrian,F# mixolydian,"C#, D#, E, F#, G#, B",6,5.07,common_tone,False,False
D# locrian,F# locrian,"A, B, E, F#",4,4.71,closely_related,False,False
D# locrian,F# harmonic_minor,"C#, F#, G#, A, B",5,5.64,common_tone,False,False
D# locrian,F# melodic_minor,"C#, D#, F#, G#, A, B",6,5.07,common_tone,False,False
D# locrian,G major,"A, B, E, F#",4,9.21,common_tone,False,False
D# locrian,G minor,"A, D#",2,8.86,distant_modulation,False,False
D# locrian,G dorian,"A, E",2,10.36,distant_modulation,False,False
D# locrian,G phrygian,"G#, D#",2,10.36,distant_modulation,False,False
D# locrian,G lydian,"C#, E, F#, A, B",5,8.64,common_tone,False,False
D# locrian,G mixolydian,"A, B, E",3,9.79,common_tone,False,False
D# locrian,G locrian,"G#, C#, D#",3,6.29,common_tone,False,False
D# locrian,G harmonic_minor,"A, D#, F#",3,8.29,common_tone,False,False
D# locrian,G melodic_minor,"A, E, F#",3,9.79,common_tone,False,False
D# locrian,G# major,"G#, C#, D#",3,9.79,common_tone,False,False
D# locrian,G# minor,"C#, D#, E, F#, G#, B",6,8.07,common_tone,False,False
D# locrian,G# dorian,"C#, D#, F#, G#, B",5,8.64,common_tone,False,False
D# locrian,G# phrygian,"C#, D#, E, F#, G#, A, B",7,7.5,common_tone,False,False
D# locrian,G# lydian,"G#, D#",2,10.36,distant_modulation,False,False
D# locrian,G# mixolydian,"G#, C#, D#, F#",4,9.21,common_tone,False,False
D# locrian,G# locrian,"C#, E, F#, G#, A, B",6,5.57,diatonic_common_tone,False,False
D# locrian,G# harmonic_minor,"C#, D#, E, G#, B",5,8.64,common_tone,False,False
D# locrian,G# melodic_minor,"G#, C#, D#, B",4,9.21,common_tone,False,False
D# locrian,A major,"C#, E, F#, G#, A, B",6,9.57,common_tone,False,False
D# locrian,A minor,"A, B, E",3,11.29,common_tone,False,False
D# locrian,A dorian,"A, B, E, F#",4,10.71,common_tone,False,False
D# locrian,A phrygian,"A, E",2,11.86,distant_modulation,False,False
D# locrian,A lydian,"C#, D#, E, F#, G#, A, B",7,9.0,common_tone,False,False
D# locrian,A mixolydian,"C#, E, F#, A, B",5,10.14,common_tone,False,False
D# locrian,A locrian,"A, D#",2,8.86,distant_modulation,False,False
D# locrian,A harmonic_minor,"G#, A, B, E",4,10.71,common_tone,False,False
D# locrian,A melodic_minor,"E, F#, G#, A, B",5,10.14,common_tone,False,False
D# locrian,A# major,"A, D#",2,10.36,distant_modulation,False,False
D# locrian,A# minor,"G#, C#, D#, F#",4,10.71,common_tone,False,False
D# locrian,A# dorian,"G#, C#, D#",3,11.29,common_tone,False,False
D# locrian,A# phrygian,"C#, D#, F#, G#, B",5,10.14,common_tone,False,False
D# locrian,A# lydian,"A, E",2,11.86,distant_modulation,False,False
D# locrian,A# mixolydian,"G#, D#",2,11.86,distant_modulation,False,False
D# locrian,A# locrian,"C#, D#, E, F#, G#, B",6,5.57,diatonic_common_tone,False,False
D# locrian,A# harmonic_minor,"C#, D#, F#, A",4,9.21,common_tone,False,False
D# locrian,A# melodic_minor,"C#, D#, A",3,9.79,common_tone,False,False
D# locrian,B major,"C#, D#, E, F#, G#, B",6,6.57,common_tone,False,False
D# locrian,B minor,"C#, E, F#, A, B",5,7.14,common_tone,False,False
D# locrian,B dorian,"C#, E, F#, G#, A, B",6,6.57,common_tone,False,False
D# locrian,B phrygian,"A, B, E, F#",4,7.71,common_tone,False,False
D# locrian,B lydian,"C#, D#, F#, G#, B",5,7.14,common_tone,False,False
D# locrian,B mixolydian,"C#, D#, E, F#, G#, A, B",7,6.0,common_tone,False,False
D# locrian,B locrian,"A, B, E",3,6.29,common_tone,False,False
D# locrian,B harmonic_minor,"C#, B, E, F#",4,7.71,common_tone,False,False
D# locrian,B melodic_minor,"C#, E, F#, G#, B",5,7.14,common_tone,False,False
D# harmonic_minor,C major,"D, B, F",3,9.79,common_tone,False,False
D# harmonic_minor,C minor,"D, D#, F, G#, A#",5,5.64,common_tone,False,False
D# harmonic_minor,C dorian,"A#, D, D#, F",4,6.21,common_tone,False,False
D# harmonic_minor,C phrygian,"G#, A#, D#, F",4,6.21,common_tone,False,False
D# harmonic_minor,C lydian,"D, B, F#",3,9.79,common_tone,False,False
D# harmonic_minor,C mixolydian,"D, A#, F",3,8.29,common_tone,False,False
D# harmonic_minor,C locrian,"D#, F, F#, G#, A#",5,5.64,common_tone,False,False
D# harmonic_minor,C harmonic_minor,"D, D#, F, G#, B",5,5.64,closely_related,False,False
D# harmonic_minor,C melodic_minor,"B, D, D#, F",4,7.71,common_tone,False,False
D# harmonic_minor,C# major,"D#, F, F#, G#, A#",5,4.14,common_tone,False,False
D# harmonic_minor,C# minor,"G#, B, D#, F#",4,4.71,common_tone,False,False
D# harmonic_minor,C# dorian,"D#, F#, G#, A#, B",5,4.14,common_tone,False,False
D# harmonic_minor,C# phrygian,"G#, D, B, F#",4,6.21,common_tone,False,False
D# harmonic_minor,C# lydian,"G#, A#, D#, F",4,4.71,common_tone,False,False
D# harmonic_minor,C# mixolydian,"D#, F, F#, G#, A#, B",6,3.57,common_tone,False,False
D# harmonic_minor,C# locrian,"D, B, F#",3,8.29,common_tone,False,False
D# harmonic_minor,C# harmonic_minor,"G#, D#, F#",3,4.29,common_tone,False,False
D# harmonic_minor,C# melodic_minor,"G#, A#, D#, F#",4,4.71,common_tone,False,False
D# harmonic_minor,D major,"D, B, F#",3,5.29,common_tone,False,False
D# harmonic_minor,D minor,"D, A#, F",3,3.79,common_tone,False,False
D# harmonic_minor,D dorian,"D, B, F",3,5.29,common_tone,False,False
D# harmonic_minor,D phrygian,"A#, D, D#, F",4,3.21,common_tone,False,False
D# harmonic_minor,D lydian,"G#, D, B, F#",4,4.71,common_tone,False,False
D# harmonic_minor,D mixolydian,"D, B, F#",3,5.29,common_tone,False,False
D# harmonic_minor,D locrian,"D, D#, F, G#, A#",5,2.64,common_tone,False,False
D# harmonic_minor,D harmonic_minor,"D, A#, F",3,3.29,common_tone,False,False
D# harmonic_minor,D melodic_minor,"D, B, F",3,5.29,common_tone,False,False
D# harmonic_minor,D# major,"D, D#, F, G#, A#",5,1.14,common_tone,False,False
D# harmonic_minor,D# minor,"D#, F, F#, G#, A#, B",6,0.57,common_tone,False,False
D# harmonic_minor,D# dorian,"D#, F, F#, G#, A#",5,1.14,common_tone,False,False
D# harmonic_minor,D# phrygian,"D#, F#, G#, A#, B",5,1.14,common_tone,False,False
D# harmonic_minor,D# lydian,"A#, D, D#, F",4,1.71,common_tone,False,False
D# harmonic_minor,D# mixolydian,"G#, A#, D#, F",4,1.71,common_tone,False,False
D# harmonic_minor,D# locrian,"G#, B, D#, F#",4,3.21,common_tone,False,False
D# harmonic_minor,D# melodic_minor,"D, D#, F, F#, G#, A#",6,0.57,common_tone,False,False
D# harmonic_minor,E major,"G#, B, D#, F#",4,3.21,common_tone,False,False
D# harmonic_minor,E minor,"D, B, F#",3,5.29,common_tone,False,False
D# harmonic_minor,E dorian,"D, B, F#",3,5.29,common_tone,False,False
D# harmonic_minor,E phrygian,"D, B, F",3,5.29,common_tone,False,False
D# harmonic_minor,E lydian,"D#, F#, G#, A#, B",5,2.64,common_tone,False,False
D# harmonic_minor,E mixolydian,"G#, D, B, F#",4,4.71,common_tone,False,False
D# harmonic_minor,E locrian,"D, A#, F",3,5.29,common_tone,False,False
D# harmonic_minor,E harmonic_minor,"B, D#, F#",3,3.29,common_tone,False,False
D# harmonic_minor,E melodic_minor,"B, D#, F#",3,3.79,common_tone,False,False
D# harmonic_minor,F major,"D, A#, F",3,5.29,common_tone,False,False
D# harmonic_minor,F minor,"G#, A#, D#, F",4,4.71,common_tone,False,False
D# harmonic_minor,F dorian,"D, D#, F, G#, A#",5,4.14,common_tone,False,False
D# harmonic_minor,F phrygian,"D#, F, F#, G#, A#",5,4.14,common_tone,False,False
D# harmonic_minor,F lydian,"D, B, F",3,6.79,common_tone,False,False
D# harmonic_minor,F mixolydian,"A#, D, D#, F",4,4.71,common_tone,False,False
D# harmonic_minor,F locrian,"D#, F, F#, G#, A#, B",6,3.57,common_tone,False,False
D# harmonic_minor,F harmonic_minor,"G#, A#, F",3,4.29,common_tone,False,False
D# harmonic_minor,F melodic_minor,"G#, D, A#, F",4,4.71,common_tone,False,False
D# harmonic_minor,F# major,"D#, F, F#, G#, A#, B",6,5.07,common_tone,False,False
D# harmonic_minor,F# minor,"G#, D, B, F#",4,7.71,common_tone,False,False
D# harmonic_minor,F# dorian,"G#, B, D#, F#",4,6.21,common_tone,False,False
D# harmonic_minor,F# phrygian,"D, B, F#",3,8.29,common_tone,False,False
D# harmonic_minor,F# lydian,"D#, F, F#, G#, A#",5,5.64,common_tone,False,False
D# harmonic_minor,F# mixolydian,"D#, F#, G#, A#, B",5,5.64,common_tone,False,False
D# harmonic_minor,F# locrian,"D, B, F#",3,8.29,common_tone,False,False
D# harmonic_minor,F# harmonic_minor,"D, F, F#, G#, B",5,5.64,closely_related,False,False
D# harmonic_minor,F# melodic_minor,"D#, F, F#, G#, B",5,5.64,common_tone,False,False
D# harmonic_minor,G major,"D, B, F#",3,9.79,common_tone,False,False
D# harmonic_minor,G minor,"A#, D, D#, F",4,7.71,common_tone,False,False
D# harmonic_minor,G dorian,"D, A#, F",3,8.29,common_tone,False,False
D# harmonic_minor,G phrygian,"D, D#, F, G#, A#",5,7.14,common_tone,False,False
D# harmonic_minor,G lydian,"D, B, F#",3,9.79,common_tone,False,False
D# harmonic_minor,G mixolydian,"D, B, F",3,9.79,common_tone,False,False
D# harmonic_minor,G locrian,"G#, A#, D#, F",4,7.71,common_tone,False,False
D# harmonic_minor,G harmonic_minor,"A#, D, D#, F#",4,5.71,closely_related,False,False
D# harmonic_minor,G melodic_minor,"D, A#, F#",3,8.29,common_tone,False,False
D# harmonic_minor,G# major,"G#, A#, D#, F",4,9.21,common_tone,False,False
D# harmonic_minor,G# minor,"D#, F#, G#, A#, B",5,8.64,common_tone,False,False
D# harmonic_minor,G# dorian,"D#, F, F#, G#, A#, B",6,8.07,common_tone,False,False
D# harmonic_minor,G# phrygian,"G#, B, D#, F#",4,9.21,common_tone,False,False
D# harmonic_minor,G# lydian,"D, D#, F, G#, A#",5,8.64,common_tone,False,False
D# harmonic_minor,G# mixolydian,"D#, F, F#, G#, A#",5,8.64,common_tone,False,False
D# harmonic_minor,G# locrian,"G#, D, B, F#",4,9.21,common_tone,False,False
D# harmonic_minor,G# harmonic_minor,"G#, B, A#, D#",4,6.71,closely_related,False,False
D# harmonic_minor,G# melodic_minor,"D#, F, G#, A#, B",5,8.64,common_tone,False,False
D# harmonic_minor,A major,"G#, D, B, F#",4,13.71,common_tone,False,False
D# harmonic_minor,A minor,"D, B, F",3,14.29,common_tone,False,False
D# harmonic_minor,A dorian,"D, B, F#",3,14.29,common_tone,False,False
D# harmonic_minor,A phrygian,"D, A#, F",3,12.79,common_tone,False,False
D# harmonic_minor,A lydian,"G#, B, D#, F#",4,12.21,common_tone,False,False
D# harmonic_minor,A mixolydian,"D, B, F#",3,14.29,common_tone,False,False
D# harmonic_minor,A locrian,"A#, D, D#, F",4,10.71,common_tone,False,False
D# harmonic_minor,A harmonic_minor,"G#, D, B, F",4,10.71,closely_related,False,False
D# harmonic_minor,A melodic_minor,"G#, D, B, F#",4,13.71,common_tone,False,False
D# harmonic_minor,A# major,"A#, D, D#, F",4,9.21,common_tone,False,False
D# harmonic_minor,A# minor,"D#, F, F#, G#, A#",5,8.64,common_tone,False,False
D# harmonic_minor,A# dorian,"G#, A#, D#, F",4,9.21,common_tone,False,False
D# harmonic_minor,A# phrygian,"D#, F, F#, G#, A#, B",6,8.07,common_tone,False,False
D# harmonic_minor,A# lydian,"D, A#, F",3,9.79,common_tone,False,False
D# harmonic_minor,A# mixolydian,"D, D#, F, G#, A#",5,8.64,common_tone,False,False
D# harmonic_minor,A# locrian,"D#, F#, G#, A#, B",5,8.64,common_tone,False,False
D# harmonic_minor,A# harmonic_minor,"A#, D#, F, F#",4,6.71,closely_related,False,False
D# harmonic_minor,A# melodic_minor,"A#, D#, F",3,9.79,common_tone,False,False
D# harmonic_minor,B major,"D#, F#, G#, A#, B",5,7.14,common_tone,False,False
D# harmonic_minor,B minor,"D, B, F#",3,8.29,common_tone,False,False
D# harmonic_minor,B dorian,"G#, D, B, F#",4,7.71,common_tone,False,False
D# harmonic_minor,B phrygian,"D, B, F#",3,8.29,common_tone,False,False
D# harmonic_minor,B lydian,"D#, F, F#, G#, A#, B",6,6.57,common_tone,False,False
D# harmonic_minor,B mixolydian,"G#, B, D#, F#",4,7.71,common_tone,False,False
D# harmonic_minor,B locrian,"D, B, F",3,8.29,common_tone,False,False
D# harmonic_minor,B harmonic_minor,"B, D, A#, F#",4,5.71,closely_related,False,False
D# harmonic_minor,B melodic_minor,"D, F#, G#, A#, B",5,7.14,common_tone,False,False
D# melodic_minor,C major,"C, D, F",3,8.29,common_tone,False,False
D# melodic_minor,C minor,"C, D, D#, F, G#, A#",6,5.07,common_tone,False,False
D# melodic_minor,C dorian,"C, D, D#, F, A#",5,5.64,common_tone,False,False
D# melodic_minor,C phrygian,"C, D#, F, G#, A#",5,5.64,common_tone,False,False
D# melodic_minor,C lydian,"C, D, F#",3,8.29,common_tone,False,False
D# melodic_minor,C mixolydian,"C, D, A#, F",4,6.21,common_tone,False,False
D# melodic_minor,C locrian,"C, D#, F, F#, G#, A#",6,5.07,common_tone,False,False
D# melodic_minor,C harmonic_minor,"C, D, D#, F, G#",5,5.64,common_tone,False,False
D# melodic_minor,C melodic_minor,"C, D, D#, F",4,4.71,closely_related,False,False
D# melodic_minor,C# major,"C, D#, F, F#, G#, A#",6,3.57,common_tone,False,False
D# melodic_minor,C# minor,"G#, D#, F#",3,5.29,common_tone,False,False
D# melodic_minor,C# dorian,"G#, A#, D#, F#",4,4.71,common_tone,False,False
D# melodic_minor,C# phrygian,"G#, D, F#",3,6.79,common_tone,False,False
D# melodic_minor,C# lydian,"C, D#, F, G#, A#",5,4.14,common_tone,False,False
D# melodic_minor,C# mixolydian,"D#, F, F#, G#, A#",5,4.14,common_tone,False,False
D# melodic_minor,C# locrian,"D, F#",2,8.86,nearby_key,False,False
D# melodic_minor,C# harmonic_minor,"C, G#, D#, F#",4,4.71,common_tone,False,False
D# melodic_minor,C# melodic_minor,"C, D#, F#, G#, A#",5,3.14,closely_related,False,False
D# melodic_minor,D major,"D, F#",2,5.86,nearby_key,False,False
D# melodic_minor,D minor,"C, D, A#, F",4,3.21,common_tone,False,False
D# melodic_minor,D dorian,"C, D, F",3,5.29,common_tone,False,False
D# melodic_minor,D phrygian,"C, D, D#, F, A#",5,2.64,common_tone,False,False
D# melodic_minor,D lydian,"G#, D, F#",3,5.29,common_tone,False,False
D# melodic_minor,D mixolydian,"C, D, F#",3,5.29,common_tone,False,False
D# melodic_minor,D locrian,"C, D, D#, F, G#, A#",6,2.07,common_tone,False,False
D# melodic_minor,D harmonic_minor,"D, A#, F",3,3.79,common_tone,False,False
D# melodic_minor,D melodic_minor,"D, F",2,5.36,nearby_key,False,False
D# melodic_minor,D# major,"C, D, D#, F, G#, A#",6,0.57,common_tone,False,False
D# melodic_minor,D# minor,"D#, F, F#, G#, A#",5,1.14,common_tone,False,False
D# melodic_minor,D# dorian,"C, D#, F, F#, G#, A#",6,0.57,common_tone,False,False
D# melodic_minor,D# phrygian,"G#, A#, D#, F#",4,1.71,common_tone,False,False
D# melodic_minor,D# lydian,"C, D, D#, F, A#",5,1.14,common_tone,False,False
D# melodic_minor,D# mixolydian,"C, D#, F, G#, A#",5,1.14,common_tone,False,False
D# melodic_minor,D# locrian,"G#, D#, F#",3,3.79,common_tone,False,False
D# melodic_minor,D# harmonic_minor,"D, D#, F, F#, G#, A#",6,0.57,common_tone,False,False
D# melodic_minor,E major,"G#, D#, F#",3,5.29,common_tone,False,False
D# melodic_minor,E minor,"C, D, F#",3,6.79,common_tone,False,False
D# melodic_minor,E dorian,"D, F#",2,7.36,nearby_key,False,False
D# melodic_minor,E phrygian,"C, D, F",3,6.79,common_tone,False,False
D# melodic_minor,E lydian,"G#, A#, D#, F#",4,3.21,common_tone,False,False
D# melodic_minor,E mixolydian,"G#, D, F#",3,6.79,common_tone,False,False
D# melodic_minor,E locrian,"C, D, A#, F",4,4.71,common_tone,False,False
D# melodic_minor,E harmonic_minor,"C, D#, F#",3,5.29,common_tone,False,False
D# melodic_minor,E melodic_minor,"D#, F#",2,5.36,nearby_key,False,False
D# melodic_minor,F major,"C, D, A#, F",4,4.71,common_tone,False,False
D# melodic_minor,F minor,"C, D#, F, G#, A#",5,4.14,common_tone,False,False
D# melodic_minor,F dorian,"C, D, D#, F, G#, A#",6,3.57,common_tone,False,False
D# melodic_minor,F phrygian,"C, D#, F, F#, G#, A#",6,3.57,common_tone,False,False
D# melodic_minor,F lydian,"C, D, F",3,5.29,common_tone,False,False
D# melodic_minor,F mixolydian,"C, D, D#, F, A#",5,4.14,common_tone,False,False
D# melodic_minor,F locrian,"D#, F, F#, G#, A#",5,4.14,common_tone,False,False
D# melodic_minor,F harmonic_minor,"C, G#, A#, F",4,4.71,common_tone,False,False
D# melodic_minor,F melodic_minor,"C, D, F, G#, A#",5,3.14,closely_related,False,False
D# melodic_minor,F# major,"D#, F, F#, G#, A#",5,5.64,common_tone,False,False
D# melodic_minor,F# minor,"G#, D, F#",3,8.29,common_tone,False,False
D# melodic_minor,F# dorian,"G#, D#, F#",3,6.79,common_tone,False,False
D# melodic_minor,F# phrygian,"D, F#",2,8.86,distant_modulation,False,False
D# melodic_minor,F# lydian,"C, D#, F, F#, G#, A#",6,5.07,common_tone,False,False
D# melodic_minor,F# mixolydian,"G#, A#, D#, F#",4,6.21,common_tone,False,False
D# melodic_minor,F# locrian,"C, D, F#",3,6.79,common_tone,False,False
D# melodic_minor,F# harmonic_minor,"G#, D, F, F#",4,7.71,common_tone,False,False
D# melodic_minor,F# melodic_minor,"G#, D#, F, F#",4,4.71,closely_related,False,False
D# melodic_minor,G major,"C, D, F#",3,9.79,common_tone,False,False
D# melodic_minor,G minor,"C, D, D#, F, A#",5,7.14,common_tone,False,False
D# melodic_minor,G dorian,"C, D, A#, F",4,7.71,common_tone,False,False
D# melodic_minor,G phrygian,"C, D, D#, F, G#, A#",6,6.57,common_tone,False,False
D# melodic_minor,G lydian,"D, F#",2,10.36,distant_modulation,False,False
D# melodic_minor,G mixolydian,"C, D, F",3,9.79,common_tone,False,False
D# melodic_minor,G locrian,"C, D#, F, G#, A#",5,7.14,common_tone,False,False
D# melodic_minor,G harmonic_minor,"C, D, D#, F#, A#",5,7.14,common_tone,False,False
D# melodic_minor,G melodic_minor,"C, D, A#, F#",4,5.71,closely_related,False,False
D# melodic_minor,G# major,"C, D#, F, G#, A#",5,8.64,common_tone,False,False
D# melodic_minor,G# minor,"G#, A#, D#, F#",4,9.21,common_tone,False,False
D# melodic_minor,G# dorian,"D#, F, F#, G#, A#",5,8.64,common_tone,False,False
D# melodic_minor,G# phrygian,"G#, D#, F#",3,9.79,common_tone,False,False
D# melodic_minor,G# lydian,"C, D, D#, F, G#, A#",6,8.07,common_tone,False,False
D# melodic_minor,G# mixolydian,"C, D#, F, F#, G#, A#",6,8.07,common_tone,False,False
D# melodic_minor,G# locrian,"G#, D, F#",3,9.79,common_tone,False,False
D# melodic_minor,G# harmonic_minor,"G#, A#, D#",3,9.79,common_tone,False,False
D# melodic_minor,G# melodic_minor,"G#, A#, D#, F",4,6.71,closely_related,False,False
D# melodic_minor,A major,"G#, D, F#",3,14.29,common_tone,False,False
D# melodic_minor,A minor,"C, D, F",3,14.29,common_tone,False,False
D# melodic_minor,A dorian,"C, D, F#",3,14.29,common_tone,False,False
D# melodic_minor,A phrygian,"C, D, A#, F",4,12.21,common_tone,False,False
D# melodic_minor,A lydian,"G#, D#, F#",3,12.79,common_tone,False,False
D# melodic_minor,A mixolydian,"D, F#",2,14.86,distant_modulation,False,False
D# melodic_minor,A locrian,"C, D, D#, F, A#",5,10.14,common_tone,False,False
D# melodic_minor,A harmonic_minor,"C, G#, D, F",4,13.71,common_tone,False,False
D# melodic_minor,A melodic_minor,"C, G#, D, F#",4,10.71,closely_related,False,False
D# melodic_minor,A# major,"C, D, D#, F, A#",5,8.64,common_tone,False,False
D# melodic_minor,A# minor,"C, D#, F, F#, G#, A#",6,8.07,common_tone,False,False
D# melodic_minor,A# dorian,"C, D#, F, G#, A#",5,8.64,common_tone,False,False
D# melodic_minor,A# phrygian,"D#, F, F#, G#, A#",5,8.64,common_tone,False,False
D# melodic_minor,A# lydian,"C, D, A#, F",4,9.21,common_tone,False,False
D# melodic_minor,A# mixolydian,"C, D, D#, F, G#, A#",6,8.07,common_tone,False,False
D# melodic_minor,A# locrian,"G#, A#, D#, F#",4,9.21,common_tone,False,False
D# melodic_minor,A# harmonic_minor,"C, D#, F, F#, A#",5,8.64,common_tone,False,False
D# melodic_minor,A# melodic_minor,"C, A#, D#, F",4,6.71,closely_related,False,False
D# melodic_minor,B major,"G#, A#, D#, F#",4,7.71,common_tone,False,False
D# melodic_minor,B minor,"D, F#",2,10.36,distant_modulation,False,False
D# melodic_minor,B dorian,"G#, D, F#",3,9.79,common_tone,False,False
D# melodic_minor,B phrygian,"C, D, F#",3,9.79,common_tone,False,False
D# melodic_minor,B lydian,"D#, F, F#, G#, A#",5,7.14,common_tone,False,False
D# melodic_minor,B mixolydian,"G#, D#, F#",3,8.29,common_tone,False,False
D# melodic_minor,B locrian,"C, D, F",3,9.79,common_tone,False,False
D# melodic_minor,B harmonic_minor,"D, A#, F#",3,8.29,common_tone,False,False
D# melodic_minor,B melodic_minor,"G#, D, A#, F#",4,5.71,closely_related,False,False
E major,C major,"A, B, E",3,6.29,common_tone,False,False
E major,C minor,"G#, D#",2,11.86,distant_modulation,False,False
E major,C dorian,"A, D#",2,11.86,distant_modulation,False,False
E major,C phrygian,"G#, C#, D#",3,11.29,common_tone,False,False
E major,C lydian,"A, B, E, F#",4,7.71,common_tone,False,False
E major,C mixolydian,"A, E",2,10.36,distant_modulation,False,False
E major,C locrian,"G#, C#, D#, F#",4,9.21,common_tone,False,False
E major,C harmonic_minor,"G#, B, D#",3,9.79,common_tone,False,False
E major,C melodic_minor,"B, A, D#",3,9.79,common_tone,False,False
E major,C# major,"G#, C#, D#, F#",4,4.71,closely_related,False,False
E major,C# minor,"C#, D#, E, F#, G#, A, B",7,4.5,common_tone,False,False
E major,C# dorian,"C#, D#, E, F#, G#, B",6,5.07,common_tone,False,False
E major,C# phrygian,"C#, E, F#, G#, A, B",6,5.07,common_tone,False,False
E major,C# lydian,"G#, C#, D#",3,6.79,common_tone,False,False
E major,C# mixolydian,"C#, D#, F#, G#, B",5,5.64,common_tone,False,False
E major,C# locrian,"C#, E, F#, A, B",5,5.64,common_tone,False,False
E major,C# harmonic_minor,"C#, D#, E, F#, G#, A",6,5.07,common_tone,False,False
E major,C# melodic_minor,"C#, D#, E, F#, G#",5,5.64,common_tone,False,False
E major,D major,"C#, E, F#, A, B",5,3.14,closely_related,False,False
E major,D minor,"A, E",2,5.86,nearby_key,False,False
E major,D dorian,"A, B, E",3,5.29,common_tone,False,False
E major,D phrygian,"A, D#",2,7.36,nearby_key,False,False
E major,D lydian,"C#, E, F#, G#, A, B",6,3.57,common_tone,False,False
E major,D mixolydian,"A, B, E, F#",4,4.71,common_tone,False,False
E major,D locrian,"G#, D#",2,7.36,nearby_key,False,False
E major,D harmonic_minor,"C#, E, A",3,5.29,common_tone,False,False
E major,D melodic_minor,"C#, B, E, A",4,4.71,common_tone,False,False
E major,D# major,"G#, D#",2,5.36,nearby_key,False,False
E major,D# minor,"C#, D#, F#, G#, B",5,2.64,common_tone,False,False
E major,D# dorian,"G#, C#, D#, F#",4,4.71,common_tone,False,False
E major,D# phrygian,"C#, D#, E, F#, G#, B",6,2.07,common_tone,False,False
E major,D# lydian,"A, D#",2,5.86,nearby_key,False,False
E major,D# mixolydian,"G#, C#, D#",3,5.29,common_tone,False,False
E major,D# locrian,"C#, D#, E, F#, G#, A, B",7,1.5,common_tone,False,False
E major,D# harmonic_minor,"G#, B, D#, F#",4,3.21,common_tone,False,False
E major,D# melodic_minor,"G#, D#, F#",3,5.29,common_tone,False,False
E major,E minor,"A, B, E, F#",4,1.71,common_tone,False,False
E major,E dorian,"C#, E, F#, A, B",5,1.14,common_tone,False,False
E major,E phrygian,"A, B, E",3,2.29,common_tone,False,False
E major,E lydian,"C#, D#, E, F#, G#, B",6,0.57,common_tone,False,False
E major,E mixolydian,"C#, E, F#, G#, A, B",6,0.57,common_tone,False,False
E major,E locrian,"A, E",2,4.36,nearby_key,False,False
E major,E harmonic_minor,"D#, E, F#, A, B",5,1.14,common_tone,False,False
E major,E melodic_minor,"C#, D#, E, F#, A, B",6,0.57,common_tone,False,False
E major,F major,"A, E",2,5.36,nearby_key,False,False
E major,F minor,"G#, C#, D#",3,6.79,common_tone,False,False
E major,F dorian,"G#, D#",2,7.36,nearby_key,False,False
E major,F phrygian,"G#, C#, D#, F#",4,6.21,common_tone,False,False
E major,F lydian,"A, B, E",3,3.79,common_tone,False,False
E major,F mixolydian,"A, D#",2,7.36,nearby_key,False,False
E major,F locrian,"C#, D#, F#, G#, B",5,4.14,common_tone,False,False
E major,F harmonic_minor,"G#, C#, E",3,5.29,common_tone,False,False
E major,F melodic_minor,"G#, E",2,5.86,nearby_key,False,False
E major,F# major,"C#, D#, F#, G#, B",5,3.14,closely_related,False,False
E major,F# minor,"C#, E, F#, G#, A, B",6,3.57,common_tone,False,False
E major,F# dorian,"C#, D#, E, F#, G#, A, B",7,3.0,common_tone,False,False
E major,F# phrygian,"C#, E, F#, A, B",5,4.14,common_tone,False,False
E major,F# lydian,"G#, C#, D#, F#",4,4.71,common_tone,False,False
E major,F# mixolydian,"C#, D#, E, F#, G#, B",6,3.57,common_tone,False,False
E major,F# locrian,"A, B, E, F#",4,4.71,common_tone,False,False
E major,F# harmonic_minor,"C#, F#, G#, A, B",5,4.14,common_tone,False,False
E major,F# melodic_minor,"C#, D#, F#, G#, A, B",6,3.57,common_tone,False,False
E major,G major,"A, B, E, F#",4,4.71,closely_related,False,False
E major,G minor,"A, D#",2,10.36,distant_modulation,False,False
E major,G dorian,"A, E",2,8.86,distant_modulation,False,False
E major,G phrygian,"G#, D#",2,10.36,distant_modulation,False,False
E major,G lydian,"C#, E, F#, A, B",5,5.64,common_tone,False,False
E major,G mixolydian,"A, B, E",3,6.79,common_tone,False,False
E major,G locrian,"G#, C#, D#",3,8.29,common_tone,False,False
E major,G harmonic_minor,"A, D#, F#",3,9.79,common_tone,False,False
E major,G melodic_minor,"A, E, F#",3,8.29,common_tone,False,False
E major,G# major,"G#, C#, D#",3,6.29,common_tone,False,False
E major,G# minor,"C#, D#, E, F#, G#, B",6,6.57,common_tone,False,False
E major,G# dorian,"C#, D#, F#, G#, B",5,7.14,common_tone,False,False
E major,G# phrygian,"C#, D#, E, F#, G#, A, B",7,6.0,common_tone,False,False
E major,G# lydian,"G#, D#",2,8.86,distant_modulation,False,False
E major,G# mixolydian,"G#, C#, D#, F#",4,7.71,common_tone,False,False
E major,G# locrian,"C#, E, F#, G#, A, B",6,6.57,common_tone,False,False
E major,G# harmonic_minor,"C#, D#, E, G#, B",5,7.14,common_tone,False,False
E major,G# melodic_minor,"G#, C#, D#, B",4,7.71,common_tone,False,False
E major,A major,"C#, E, F#, G#, A, B",6,5.57,diatonic_common_tone,False,False
E major,A minor,"A, B, E",3,9.79,common_tone,False,False
E major,A dorian,"A, B, E, F#",4,9.21,common_tone,False,False
E major,A phrygian,"A, E",2,10.36,distant_modulation,False,False
E major,A lydian,"C#, D#, E, F#, G#, A, B",7,7.5,common_tone,False,False
E major,A mixolydian,"C#, E, F#, A, B",5,8.64,common_tone,False,False
E major,A locrian,"A, D#",2,10.36,distant_modulation,False,False
E major,A harmonic_minor,"G#, A, B, E",4,9.21,common_tone,False,False
E major,A melodic_minor,"E, F#, G#, A, B",5,8.64,common_tone,False,False
E major,A# major,"A, D#",2,11.86,distant_modulation,False,False
E major,A# minor,"G#, C#, D#, F#",4,13.71,common_tone,False,False
E major,A# dorian,"G#, C#, D#",3,14.29,common_tone,False,False
E major,A# phrygian,"C#, D#, F#, G#, B",5,11.64,common_tone,False,False
E major,A# lydian,"A, E",2,13.36,distant_modulation,False,False
E major,A# mixolydian,"G#, D#",2,14.86,distant_modulation,False,False
E major,A# locrian,"C#, D#, E, F#, G#, B",6,9.57,common_tone,False,False
E major,A# harmonic_minor,"C#, D#, F#, A",4,13.71,common_tone,False,False
E major,A# melodic_minor,"C#, D#, A",3,14.29,common_tone,False,False
E major,B major,"C#, D#, E, F#, G#, B",6,5.57,diatonic_common_tone,False,False
E major,B minor,"C#, E, F#, A, B",5,8.64,common_tone,False,False
E major,B dorian,"C#, E, F#, G#, A, B",6,8.07,common_tone,False,False
E major,B phrygian,"A, B, E, F#",4,9.21,common_tone,False,False
E major,B lydian,"C#, D#, F#, G#, B",5,8.64,common_tone,False,False
E major,B mixolydian,"C#, D#, E, F#, G#, A, B",7,7.5,common_tone,False,False
E major,B locrian,"A, B, E",3,9.79,common_tone,False,False
E major,B harmonic_minor,"C#, B, E, F#",4,9.21,common_tone,False,False
E major,B melodic_minor,"C#, E, F#, G#, B",5,8.64,common_tone,False,False
E minor,C major,"C, D, E, G, A, B",6,6.57,common_tone,False,False
E minor,C minor,"C, D, G",3,6.29,common_tone,False,False
E minor,C dorian,"C, A, D, G",4,7.71,common_tone,False,False
E minor,C phrygian,"C, G",2,8.86,distant_modulation,False,False
E minor,C lydian,"C, D, E, F#, G, A, B",7,6.0,common_tone,False,False
E minor,C mixolydian,"C, D, E, G, A",5,7.14,common_tone,False,False
E minor,C locrian,"C, F#",2,8.86,distant_modulation,False,False
E minor,C harmonic_minor,"C, D, B, G",4,7.71,common_tone,False,False
E minor,C melodic_minor,"C, D, G, A, B",5,7.14,common_tone,False,False
E minor,C# major,"C, F#",2,10.36,distant_modulation,False,False
E minor,C# minor,"A, B, E, F#",4,4.71,closely_related,False,False
E minor,C# dorian,"B, E, F#",3,6.79,common_tone,False,False
E minor,C# phrygian,"D, E, F#, A, B",5,5.64,common_tone,False,False
E minor,C# lydian,"C, G",2,10.36,distant_modulation,False,False
E minor,C# mixolydian,"B, F#",2,8.86,distant_modulation,False,False
E minor,C# locrian,"D, E, F#, G, A, B",6,5.07,common_tone,False,False
E minor,C# harmonic_minor,"C, A, E, F#",4,7.71,common_tone,False,False
E minor,C# melodic_minor,"C, E, F#",3,8.29,common_tone,False,False
E minor,D major,"D, E, F#, G, A, B",6,3.57,common_tone,False,False
E minor,D minor,"C, D, E, G, A",5,3.14,closely_related,False,False
E minor,D dorian,"C, D, E, G, A, B",6,3.57,common_tone,False,False
E minor,D phrygian,"C, A, D, G",4,4.71,common_tone,False,False
E minor,D lydian,"D, E, F#, A, B",5,4.14,common_tone,False,False
E minor,D mixolydian,"C, D, E, F#, G, A, B",7,3.0,common_tone,False,False
E minor,D locrian,"C, D, G",3,6.79,common_tone,False,False
E minor,D harmonic_minor,"A, D, E, G",4,4.71,common_tone,False,False
E minor,D melodic_minor,"D, E, G, A, B",5,4.14,common_tone,False,False
E minor,D# major,"C, D, G",3,6.79,common_tone,False,False
E minor,D# minor,"B, F#",2,5.36,nearby_key,False,False
E minor,D# dorian,"C, F#",2,7.36,nearby_key,False,False
E minor,D# phrygian,"B, E, F#",3,3.79,common_tone,False,False
E minor,D# lydian,"C, A, D, G",4,6.21,common_tone,False,False
E minor,D# mixolydian,"C, G",2,7.36,nearby_key,False,False
E minor,D# locrian,"A, B, E, F#",4,3.21,common_tone,False,False
E minor,D# harmonic_minor,"D, B, F#",3,5.29,common_tone,False,False
E minor,D# melodic_minor,"C, D, F#",3,6.79,common_tone,False,False
E minor,E major,"A, B, E, F#",4,1.71,common_tone,False,False
E minor,E dorian,"D, E, F#, G, A, B",6,0.57,common_tone,False,False
E minor,E phrygian,"C, D, E, G, A, B",6,0.57,common_tone,False,False
E minor,E lydian,"B, E, F#",3,2.29,common_tone,False,False
E minor,E mixolydian,"D, E, F#, A, B",5,1.14,common_tone,False,False
E minor,E locrian,"C, D, E, G, A",5,2.64,common_tone,False,False
E minor,E harmonic_minor,"C, E, F#, G, A, B",6,0.57,common_tone,False,False
E minor,E melodic_minor,"E, F#, G, A, B",5,1.14,common_tone,False,False
E minor,F major,"C, D, E, G, A",5,2.64,common_tone,False,False
E minor,F minor,"C, G",2,5.36,nearby_key,False,False
E minor,F dorian,"C, D, G",3,5.29,common_tone,False,False
E minor,F phrygian,"C, F#",2,5.86,nearby_key,False,False
E minor,F lydian,"C, D, E, G, A, B",6,2.07,common_tone,False,False
E minor,F mixolydian,"C, A, D, G",4,4.71,common_tone,False,False
E minor,F locrian,"B, F#",2,5.86,nearby_key,False,False
E minor,F harmonic_minor,"C, E, G",3,3.79,common_tone,False,False
E minor,F melodic_minor,"C, D, E, G",4,3.21,common_tone,False,False
E minor,F# major,"B, F#",2,5.86,nearby_key,False,False
E minor,F# minor,"D, E, F#, A, B",5,3.14,closely_related,False,False
E minor,F# dorian,"A, B, E, F#",4,4.71,common_tone,False,False
E minor,F# phrygian,"D, E, F#, G, A, B",6,3.57,common_tone,False,False
E minor,F# lydian,"C, F#",2,7.36,nearby_key,False,False
E minor,F# mixolydian,"B, E, F#",3,5.29,common_tone,False,False
E minor,F# locrian,"C, D, E, F#, G, A, B",7,3.0,common_tone,False,False
E minor,F# harmonic_minor,"A, D, B, F#",4,4.71,common_tone,False,False
E minor,F# melodic_minor,"A, B, F#",3,5.29,common_tone,False,False
E minor,G major,"C, D, E, F#, G, A, B",7,4.5,common_tone,False,False
E minor,G minor,"C, A, D, G",4,4.71,closely_related,False,False
E minor,G dorian,"C, D, E, G, A",5,5.64,common_tone,False,False
E minor,G phrygian,"C, D, G",3,6.79,common_tone,False,False
E minor,G lydian,"D, E, F#, G, A, B",6,5.07,common_tone,False,False
E minor,G mixolydian,"C, D, E, G, A, B",6,5.07,common_tone,False,False
E minor,G locrian,"C, G",2,8.86,distant_modulation,False,False
E minor,G harmonic_minor,"C, D, F#, G, A",5,5.64,common_tone,False,False
E minor,G melodic_minor,"C, D, E, F#, G, A",6,5.07,common_tone,False,False
E minor,G# major,"C, G",2,11.86,distant_modulation,False,False
E minor,G# minor,"B, E, F#",3,6.29,common_tone,False,False
E minor,G# dorian,"B, F#",2,10.36,distant_modulation,False,False
E minor,G# phrygian,"A, B, E, F#",4,7.71,common_tone,False,False
E minor,G# lydian,"C, D, G",3,11.29,common_tone,False,False
E minor,G# mixolydian,"C, F#",2,11.86,distant_modulation,False,False
E minor,G# locrian,"D, E, F#, A, B",5,7.14,common_tone,False,False
E minor,G# harmonic_minor,"B, E, G",3,8.29,common_tone,False,False
E minor,G# melodic_minor,"B, G",2,10.36,distant_modulation,False,False
E minor,A major,"D, E, F#, A, B",5,8.64,common_tone,False,False
E minor,A minor,"C, D, E, G, A, B",6,5.57,diatonic_common_tone,False,False
E minor,A dorian,"C, D, E, F#, G, A, B",7,7.5,common_tone,False,False
E minor,A phrygian,"C, D, E, G, A",5,8.64,common_tone,False,False
E minor,A lydian,"A, B, E, F#",4,9.21,common_tone,False,False
E minor,A mixolydian,"D, E, F#, G, A, B",6,8.07,common_tone,False,False
E minor,A locrian,"C, A, D, G",4,10.71,common_tone,False,False
E minor,A harmonic_minor,"C, D, E, A, B",5,8.64,common_tone,False,False
E minor,A melodic_minor,"C, D, E, F#, A, B",6,8.07,common_tone,False,False
E minor,A# major,"C, A, D, G",4,13.71,common_tone,False,False
E minor,A# minor,"C, F#",2,11.86,distant_modulation,False,False
E minor,A# dorian,"C, G",2,14.86,distant_modulation,False,False
E minor,A# phrygian,"B, F#",2,13.36,distant_modulation,False,False
E minor,A# lydian,"C, D, E, G, A",5,11.64,common_tone,False,False
E minor,A# mixolydian,"C, D, G",3,14.29,common_tone,False,False
E minor,A# locrian,"B, E, F#",3,11.29,common_tone,False,False
E minor,A# harmonic_minor,"C, A, F#",3,14.29,common_tone,False,False
E minor,A# melodic_minor,"C, A, G",3,14.29,common_tone,False,False
E minor,B major,"B, E, F#",3,9.79,common_tone,False,False
E minor,B minor,"D, E, F#, G, A, B",6,5.57,diatonic_common_tone,False,False
E minor,B dorian,"D, E, F#, A, B",5,8.64,common_tone,False,False
E minor,B phrygian,"C, D, E, F#, G, A, B",7,7.5,common_tone,False,False
E minor,B lydian,"B, F#",2,10.36,distant_modulation,False,False
E minor,B mixolydian,"A, B, E, F#",4,9.21,common_tone,False,False
E minor,B locrian,"C, D, E, G, A, B",6,8.07,common_tone,False,False
E minor,B harmonic_minor,"D, E, F#, G, B",5,8.64,common_tone,False,False
E minor,B melodic_minor,"D, B, E, F#",4,9.21,common_tone,False,False
E dorian,C major,"D, E, G, A, B",5,7.14,common_tone,False,False
E dorian,C minor,"D, G",2,10.36,distant_modulation,False,False
E dorian,C dorian,"A, D, G",3,7.79,common_tone,False,False
E dorian,C phrygian,"C#, G",2,10.36,distant_modulation,False,False
E dorian,C lydian,"D, E, F#, G, A, B",6,6.57,common_tone,False,False
E dorian,C mixolydian,"A, D, E, G",4,7.71,common_tone,False,False
E dorian,C locrian,"C#, F#",2,10.36,distant_modulation,False,False
E dorian,C harmonic_minor,"D, B, G",3,8.29,common_tone,False,False
E dorian,C melodic_minor,"A, D, B, G",4,7.71,common_tone,False,False
E dorian,C# major,"C#, F#",2,8.86,distant_modulation,False,False
E dorian,C# minor,"C#, E, F#, A, B",5,5.64,common_tone,False,False
E dorian,C# dorian,"C#, B, E, F#",4,4.71,closely_related,False,False
E dorian,C# phrygian,"C#, D, E, F#, A, B",6,5.07,common_tone,False,False
E dorian,C# lydian,"C#, G",2,8.86,distant_modulation,False,False
E dorian,C# mixolydian,"C#, B, F#",3,6.79,common_tone,False,False
E dorian,C# locrian,"C#, D, E, F#, G, A, B",7,4.5,common_tone,False,False
E dorian,C# harmonic_minor,"C#, E, F#, A",4,6.21,common_tone,False,False
E dorian,C# melodic_minor,"C#, E, F#",3,6.79,common_tone,False,False
E dorian,D major,"C#, D, E, F#, G, A, B",7,3.0,common_tone,False,False
E dorian,D minor,"A, D, E, G",4,4.71,common_tone,False,False
E dorian,D dorian,"D, E, G, A, B",5,3.14,closely_related,False,False
E dorian,D phrygian,"A, D, G",3,5.29,common_tone,False,False
E dorian,D lydian,"C#, D, E, F#, A, B",6,3.57,common_tone,False,False
E dorian,D mixolydian,"D, E, F#, G, A, B",6,3.57,common_tone,False,False
E dorian,D locrian,"D, G",2,7.36,nearby_key,False,False
E dorian,D harmonic_minor,"C#, D, E, G, A",5,4.14,common_tone,False,False
E dorian,D melodic_minor,"C#, D, E, G, A, B",6,3.57,common_tone,False,False
E dorian,D# major,"D, G",2,7.36,nearby_key,False,False
E dorian,D# minor,"C#, B, F#",3,5.29,common_tone,False,False
E dorian,D# dorian,"C#, F#",2,6.86,nearby_key,False,False
E dorian,D# phrygian,"C#, B, E, F#",4,3.21,common_tone,False,False
E dorian,D# lydian,"A, D, G",3,6.79,common_tone,False,False
E dorian,D# mixolydian,"C#, G",2,7.36,nearby_key,False,False
E dorian,D# locrian,"C#, E, F#, A, B",5,2.64,common_tone,False,False
E dorian,D# harmonic_minor,"D, B, F#",3,5.29,common_tone,False,False
E dorian,D# melodic_minor,"D, F#",2,7.36,nearby_key,False,False
E dorian,E major,"C#, E, F#, A, B",5,1.14,common_tone,False,False
E dorian,E minor,"D, E, F#, G, A, B",6,0.57,common_tone,False,False
E dorian,E phrygian,"D, E, G, A, B",5,1.14,common_tone,False,False
E dorian,E lydian,"C#, B, E, F#",4,1.71,common_tone,False,False
E dorian,E mixolydian,"C#, D, E, F#, A, B",6,0.57,common_tone,False,False
E dorian,E locrian,"A, D, E, G",4,3.21,common_tone,False,False
E dorian,E harmonic_minor,"E, F#, G, A, B",5,1.14,common_tone,False,False
E dorian,E melodic_minor,"C#, E, F#, G, A, B",6,0.57,common_tone,False,False
E dorian,F major,"A, D, E, G",4,4.71,common_tone,False,False
E dorian,F minor,"C#, G",2,7.36,nearby_key,False,False
E dorian,F dorian,"D, G",2,6.86,nearby_key,False,False
E dorian,F phrygian,"C#, F#",2,7.36,nearby_key,False,False
E dorian,F lydian,"D, E, G, A, B",5,2.64,common_tone,False,False
E dorian,F mixolydian,"A, D, G",3,6.79,common_tone,False,False
E dorian,F locrian,"C#, B, F#",3,5.29,common_tone,False,False
E dorian,F harmonic_minor,"C#, E, G",3,5.29,common_tone,False,False
E dorian,F melodic_minor,"D, E, G",3,5.29,common_tone,False,False
E dorian,F# major,"C#, B, F#",3,5.29,common_tone,False,False
E dorian,F# minor,"C#, D, E, F#, A, B",6,3.57,common_tone,False,False
E dorian,F# dorian,"C#, E, F#, A, B",5,3.14,closely_related,False,False
E dorian,F# phrygian,"C#, D, E, F#, G, A, B",7,3.0,common_tone,False,False
E dorian,F# lydian,"C#, F#",2,5.86,nearby_key,False,False
E dorian,F# mixolydian,"C#, B, E, F#",4,4.71,common_tone,False,False
E dorian,F# locrian,"D, E, F#, G, A, B",6,3.57,common_tone,False,False
E dorian,F# harmonic_minor,"C#, D, F#, A, B",5,4.14,common_tone,False,False
E dorian,F# melodic_minor,"C#, B, F#, A",4,4.71,common_tone,False,False
E dorian,G major,"D, E, F#, G, A, B",6,5.07,common_tone,False,False
E dorian,G minor,"A, D, G",3,6.79,common_tone,False,False
E dorian,G dorian,"A, D, E, G",4,4.71,closely_related,False,False
E dorian,G phrygian,"D, G",2,7.36,distant_modulation,False,False
E dorian,G lydian,"C#, D, E, F#, G, A, B",7,4.5,common_tone,False,False
E dorian,G mixolydian,"D, E, G, A, B",5,5.64,common_tone,False,False
E dorian,G locrian,"C#, G",2,7.36,distant_modulation,False,False
E dorian,G harmonic_minor,"A, D, F#, G",4,6.21,common_tone,False,False
E dorian,G melodic_minor,"D, E, F#, G, A",5,5.64,common_tone,False,False
E dorian,G# major,"C#, G",2,11.86,distant_modulation,False,False
E dorian,G# minor,"C#, B, E, F#",4,7.71,common_tone,False,False
E dorian,G# dorian,"C#, B, F#",3,7.79,common_tone,False,False
E dorian,G# phrygian,"C#, E, F#, A, B",5,7.14,common_tone,False,False
E dorian,G# lydian,"D, G",2,11.86,distant_modulation,False,False
E dorian,G# mixolydian,"C#, F#",2,11.86,distant_modulation,False,False
E dorian,G# locrian,"C#, D, E, F#, A, B",6,6.57,common_tone,False,False
E dorian,G# harmonic_minor,"C#, B, E, G",4,7.71,common_tone,False,False
E dorian,G# melodic_minor,"C#, B, G",3,9.79,common_tone,False,False
E dorian,A major,"C#, D, E, F#, A, B",6,8.07,common_tone,False,False
E dorian,A minor,"D, E, G, A, B",5,8.64,common_tone,False,False
E dorian,A dorian,"D, E, F#, G, A, B",6,5.57,diatonic_common_tone,False,False
E dorian,A phrygian,"A, D, E, G",4,9.21,common_tone,False,False
E dorian,A lydian,"C#, E, F#, A, B",5,8.64,common_tone,False,False
E dorian,A mixolydian,"C#, D, E, F#, G, A, B",7,7.5,common_tone,False,False
E dorian,A locrian,"A, D, G",3,11.29,common_tone,False,False
E dorian,A harmonic_minor,"A, D, B, E",4,9.21,common_tone,False,False
E dorian,A melodic_minor,"D, E, F#, A, B",5,8.64,common_tone,False,False
E dorian,A# major,"A, D, G",3,14.29,common_tone,False,False
E dorian,A# minor,"C#, F#",2,14.86,distant_modulation,False,False
E dorian,A# dorian,"C#, G",2,11.86,distant_modulation,False,False
E dorian,A# phrygian,"C#, B, F#",3,12.79,common_tone,False,False
E dorian,A# lydian,"A, D, E, G",4,12.21,common_tone,False,False
E dorian,A# mixolydian,"D, G",2,14.86,distant_modulation,False,False
E dorian,A# locrian,"C#, B, E, F#",4,10.71,common_tone,False,False
E dorian,A# harmonic_minor,"C#, F#, A",3,14.29,common_tone,False,False
E dorian,A# melodic_minor,"C#, A, G",3,14.29,common_tone,False,False
E dorian,B major,"C#, B, E, F#",4,9.21,common_tone,False,False
E dorian,B minor,"C#, D, E, F#, G, A, B",7,7.5,common_tone,False,False
E dorian,B dorian,"C#, D, E, F#, A, B",6,5.57,diatonic_common_tone,False,False
E dorian,B phrygian,"D, E, F#, G, A, B",6,8.07,common_tone,False,False
E dorian,B lydian,"C#, B, F#",3,9.79,common_tone,False,False
E dorian,B mixolydian,"C#, E, F#, A, B",5,8.64,common_tone,False,False
E dorian,B locrian,"D, E, G, A, B",5,8.64,common_tone,False,False
E dorian,B harmonic_minor,"C#, D, E, F#, G, B",6,8.07,common_tone,False,False
E dorian,B melodic_minor,"C#, D, E, F#, B",5,8.64,common_tone,False,False
E phrygian,C major,"C, D, E, F, G, A, B",7,6.0,common_tone,False,False
E phrygian,C minor,"C, D, F, G",4,7.71,common_tone,False,False
E phrygian,C dorian,"C, D, F, G, A",5,7.14,common_tone,False,False
E phrygian,C phrygian,"C, F, G",3,6.29,common_tone,False,False
E phrygian,C lydian,"C, D, E, G, A, B",6,6.57,common_tone,False,False
E phrygian,C mixolydian,"C, D, E, F, G, A",6,6.57,common_tone,False,False
E phrygian,C locrian,"C, F",2,10.36,distant_modulation,False,False
E phrygian,C harmonic_minor,"C, D, F, G, B",5,7.14,common_tone,False,False
E phrygian,C melodic_minor,"C, D, F, G, A, B",6,6.57,common_tone,False,False
E phrygian,C# major,"C, F",2,10.36,distant_modulation,False,False
E phrygian,C# minor,"A, B, E",3,6.79,common_tone,False,False
E phrygian,C# dorian,"B, E",2,7.36,distant_modulation,False,False
E phrygian,C# phrygian,"A, D, B, E",4,4.71,closely_related,False,False
E phrygian,C# lydian,"C, F, G",3,9.79,common_tone,False,False
E phrygian,C# mixolydian,"B, F",2,8.86,distant_modulation,False,False
E phrygian,C# locrian,"D, E, G, A, B",5,5.64,common_tone,False,False
E phrygian,C# harmonic_minor,"C, A, E",3,8.29,common_tone,False,False
E phrygian,C# melodic_minor,"C, E",2,8.86,distant_modulation,False,False
E phrygian,D major,"D, E, G, A, B",5,4.14,common_tone,False,False
E phrygian,D minor,"C, D, E, F, G, A",6,3.57,common_tone,False,False
E phrygian,D dorian,"C, D, E, F, G, A, B",7,3.0,common_tone,False,False
E phrygian,D phrygian,"C, D, F, G, A",5,3.14,closely_related,False,False
E phrygian,D lydian,"A, D, B, E",4,4.71,common_tone,False,False
E phrygian,D mixolydian,"C, D, E, G, A, B",6,3.57,common_tone,False,False
E phrygian,D locrian,"C, D, F, G",4,6.21,common_tone,False,False
E phrygian,D harmonic_minor,"D, E, F, G, A",5,4.14,common_tone,False,False
E phrygian,D melodic_minor,"D, E, F, G, A, B",6,3.57,common_tone,False,False
E phrygian,D# major,"C, D, F, G",4,6.21,common_tone,False,False
E phrygian,D# minor,"B, F",2,5.86,nearby_key,False,False
E phrygian,D# dorian,"C, F",2,7.36,nearby_key,False,False
E phrygian,D# phrygian,"B, E",2,3.86,nearby_key,False,False
E phrygian,D# lydian,"C, D, F, G, A",5,5.64,common_tone,False,False
E phrygian,D# mixolydian,"C, F, G",3,6.79,common_tone,False,False
E phrygian,D# locrian,"A, B, E",3,3.79,common_tone,False,False
E phrygian,D# harmonic_minor,"D, B, F",3,5.29,common_tone,False,False
E phrygian,D# melodic_minor,"C, D, F",3,6.79,common_tone,False,False
E phrygian,E major,"A, B, E",3,2.29,common_tone,False,False
E phrygian,E minor,"C, D, E, G, A, B",6,0.57,common_tone,False,False
E phrygian,E dorian,"D, E, G, A, B",5,1.14,common_tone,False,False
E phrygian,E lydian,"B, E",2,2.86,nearby_key,False,False
E phrygian,E mixolydian,"A, D, B, E",4,1.71,common_tone,False,False
E phrygian,E locrian,"C, D, E, F, G, A",6,2.07,common_tone,False,False
E phrygian,E harmonic_minor,"C, E, G, A, B",5,1.14,common_tone,False,False
E phrygian,E melodic_minor,"A, B, E, G",4,1.71,common_tone,False,False
E phrygian,F major,"C, D, E, F, G, A",6,2.07,common_tone,False,False
E phrygian,F minor,"C, F, G",3,3.79,common_tone,False,False
E phrygian,F dorian,"C, D, F, G",4,3.21,common_tone,False,False
E phrygian,F phrygian,"C, F",2,3.86,nearby_key,False,False
E phrygian,F lydian,"C, D, E, F, G, A, B",7,1.5,common_tone,False,False
E phrygian,F mixolydian,"C, D, F, G, A",5,2.64,common_tone,False,False
E phrygian,F locrian,"B, F",2,4.36,nearby_key,False,False
E phrygian,F harmonic_minor,"C, E, F, G",4,3.21,common_tone,False,False
E phrygian,F melodic_minor,"C, D, E, F, G",5,2.64,common_tone,False,False
E phrygian,F# major,"B, F",2,7.36,nearby_key,False,False
E phrygian,F# minor,"A, D, B, E",4,4.71,common_tone,False,False
E phrygian,F# dorian,"A, B, E",3,5.29,common_tone,False,False
E phrygian,F# phrygian,"D, E, G, A, B",5,3.14,closely_related,False,False
E phrygian,F# lydian,"C, F",2,8.86,nearby_key,False,False
E phrygian,F# mixolydian,"B, E",2,5.86,nearby_key,False,False
E phrygian,F# locrian,"C, D, E, G, A, B",6,3.57,common_tone,False,False
E phrygian,F# harmonic_minor,"A, D, B, F",4,6.21,common_tone,False,False
E phrygian,F# melodic_minor,"A, B, F",3,6.79,common_tone,False,False
E phrygian,G major,"C, D, E, G, A, B",6,5.07,common_tone,False,False
E phrygian,G minor,"C, D, F, G, A",5,5.64,common_tone,False,False
E phrygian,G dorian,"C, D, E, F, G, A",6,5.07,common_tone,False,False
E phrygian,G phrygian,"C, D, F, G",4,4.71,closely_related,False,False
E phrygian,G lydian,"D, E, G, A, B",5,5.64,common_tone,False,False
E phrygian,G mixolydian,"C, D, E, F, G, A, B",7,4.5,common_tone,False,False
E phrygian,G locrian,"C, F, G",3,8.29,common_tone,False,False
E phrygian,G harmonic_minor,"C, A, D, G",4,6.21,common_tone,False,False
E phrygian,G melodic_minor,"C, D, E, G, A",5,5.64,common_tone,False,False
E phrygian,G# major,"C, F, G",3,11.29,common_tone,False,False
E phrygian,G# minor,"B, E",2,8.86,distant_modulation,False,False
E phrygian,G# dorian,"B, F",2,10.36,distant_modulation,False,False
E phrygian,G# phrygian,"A, B, E",3,6.29,common_tone,False,False
E phrygian,G# lydian,"C, D, F, G",4,10.71,common_tone,False,False
E phrygian,G# mixolydian,"C, F",2,11.86,distant_modulation,False,False
E phrygian,G# locrian,"A, D, B, E",4,7.71,common_tone,False,False
E phrygian,G# harmonic_minor,"B, E, G",3,8.29,common_tone,False,False
E phrygian,G# melodic_minor,"B, F, G",3,9.79,common_tone,False,False
E phrygian,A major,"A, D, B, E",4,9.21,common_tone,False,False
E phrygian,A minor,"C, D, E, F, G, A, B",7,7.5,common_tone,False,False
E phrygian,A dorian,"C, D, E, G, A, B",6,8.07,common_tone,False,False
E phrygian,A phrygian,"C, D, E, F, G, A",6,5.57,diatonic_common_tone,False,False
E phrygian,A lydian,"A, B, E",3,9.79,common_tone,False,False
E phrygian,A mixolydian,"D, E, G, A, B",5,8.64,common_tone,False,False
E phrygian,A locrian,"C, D, F, G, A",5,10.14,common_tone,False,False
E phrygian,A harmonic_minor,"C, D, E, F, A, B",6,8.07,common_tone,False,False
E phrygian,A melodic_minor,"C, D, E, A, B",5,8.64,common_tone,False,False
E phrygian,A# major,"C, D, F, G, A",5,11.64,common_tone,False,False
E phrygian,A# minor,"C, F",2,13.36,distant_modulation,False,False
E phrygian,A# dorian,"C, F, G",3,12.79,common_tone,False,False
E phrygian,A# phrygian,"B, F",2,8.86,distant_modulation,False,False
E phrygian,A# lydian,"C, D, E, F, G, A",6,9.57,common_tone,False,False
E phrygian,A# mixolydian,"C, D, F, G",4,12.21,common_tone,False,False
E phrygian,A# locrian,"B, E",2,11.86,distant_modulation,False,False
E phrygian,A# harmonic_minor,"C, A, F",3,12.79,common_tone,False,False
E phrygian,A# melodic_minor,"C, A, F, G",4,12.21,common_tone,False,False
E phrygian,B major,"B, E",2,10.36,distant_modulation,False,False
E phrygian,B minor,"D, E, G, A, B",5,8.64,common_tone,False,False
E phrygian,B dorian,"A, D, B, E",4,9.21,common_tone,False,False
E phrygian,B phrygian,"C, D, E, G, A, B",6,5.57,diatonic_common_tone,False,False
E phrygian,B lydian,"B, F",2,11.86,distant_modulation,False,False
E phrygian,B mixolydian,"A, B, E",3,9.79,common_tone,False,False
E phrygian,B locrian,"C, D, E, F, G, A, B",7,7.5,common_tone,False,False
E phrygian,B harmonic_minor,"D, B, E, G",4,9.21,common_tone,False,False
E phrygian,B melodic_minor,"D, B, E",3,9.79,common_tone,False,False
E lydian,C major,"B, E",2,8.86,distant_modulation,False,False
E lydian,C minor,"G#, A#, D#",3,11.29,common_tone,False,False
E lydian,C dorian,"A#, D#",2,11.86,distant_modulation,False,False
E lydian,C phrygian,"G#, C#, A#, D#",4,10.71,common_tone,False,False
E lydian,C lydian,"B, E, F#",3,6.29,common_tone,False,False
E lydian,C mixolydian,"A#, E",2,10.36,distant_modulation,False,False
E lydian,C locrian,"C#, D#, F#, G#, A#",5,8.64,common_tone,False,False
E lydian,C harmonic_minor,"G#, B, D#",3,9.79,common_tone,False,False
E lydian,C melodic_minor,"B, D#",2,10.36,distant_modulation,False,False
E lydian,C# major,"C#, D#, F#, G#, A#",5,5.64,common_tone,False,False
E lydian,C# minor,"C#, D#, E, F#, G#, B",6,5.07,common_tone,False,False
E lydian,C# dorian,"C#, D#, E, F#, G#, A#, B",7,4.5,common_tone,False,False
E lydian,C# phrygian,"C#, E, F#, G#, B",5,5.64,common_tone,False,False
E lydian,C# lydian,"G#, C#, A#, D#",4,4.71,closely_related,False,False
E lydian,C# mixolydian,"C#, D#, F#, G#, A#, B",6,5.07,common_tone,False,False
E lydian,C# locrian,"C#, B, E, F#",4,6.21,common_tone,False,False
E lydian,C# harmonic_minor,"C#, D#, E, F#, G#",5,5.64,common_tone,False,False
E lydian,C# melodic_minor,"C#, D#, E, F#, G#, A#",6,5.07,common_tone,False,False
E lydian,D major,"C#, B, E, F#",4,4.71,common_tone,False,False
E lydian,D minor,"A#, E",2,7.36,nearby_key,False,False
E lydian,D dorian,"B, E",2,5.86,nearby_key,False,False
E lydian,D phrygian,"A#, D#",2,8.86,nearby_key,False,False
E lydian,D lydian,"C#, E, F#, G#, B",5,3.14,closely_related,False,False
E lydian,D mixolydian,"B, E, F#",3,5.29,common_tone,False,False
E lydian,D locrian,"G#, A#, D#",3,6.79,common_tone,False,False
E lydian,D harmonic_minor,"C#, A#, E",3,6.79,common_tone,False,False
E lydian,D melodic_minor,"C#, B, E",3,5.29,common_tone,False,False
E lydian,D# major,"G#, A#, D#",3,3.79,common_tone,False,False
E lydian,D# minor,"C#, D#, F#, G#, A#, B",6,2.07,common_tone,False,False
E lydian,D# dorian,"C#, D#, F#, G#, A#",5,2.64,common_tone,False,False
E lydian,D# phrygian,"C#, D#, E, F#, G#, A#, B",7,1.5,common_tone,False,False
E lydian,D# lydian,"A#, D#",2,3.86,nearby_key,False,False
E lydian,D# mixolydian,"G#, C#, A#, D#",4,3.21,common_tone,False,False
E lydian,D# locrian,"C#, D#, E, F#, G#, B",6,2.07,common_tone,False,False
E lydian,D# harmonic_minor,"D#, F#, G#, A#, B",5,2.64,common_tone,False,False
E lydian,D# melodic_minor,"G#, A#, D#, F#",4,3.21,common_tone,False,False
E lydian,E major,"C#, D#, E, F#, G#, B",6,0.57,common_tone,False,False
E lydian,E minor,"B, E, F#",3,2.29,common_tone,False,False
E lydian,E dorian,"C#, B, E, F#",4,1.71,common_tone,False,False
E lydian,E phrygian,"B, E",2,2.86,nearby_key,False,False
E lydian,E mixolydian,"C#, E, F#, G#, B",5,1.14,common_tone,False,False
E lydian,E locrian,"A#, E",2,2.86,nearby_key,False,False
E lydian,E harmonic_minor,"B, D#, E, F#",4,1.71,common_tone,False,False
E lydian,E melodic_minor,"C#, D#, E, F#, B",5,1.14,common_tone,False,False
E lydian,F major,"A#, E",2,5.86,nearby_key,False,False
E lydian,F minor,"G#, C#, A#, D#",4,6.21,common_tone,False,False
E lydian,F dorian,"G#, A#, D#",3,6.79,common_tone,False,False
E lydian,F phrygian,"C#, D#, F#, G#, A#",5,5.64,common_tone,False,False
E lydian,F lydian,"B, E",2,3.86,nearby_key,False,False
E lydian,F mixolydian,"A#, D#",2,7.36,nearby_key,False,False
E lydian,F locrian,"C#, D#, F#, G#, A#, B",6,3.57,common_tone,False,False
E lydian,F harmonic_minor,"G#, C#, A#, E",4,4.71,common_tone,False,False
E lydian,F melodic_minor,"G#, A#, E",3,5.29,common_tone,False,False
E lydian,F# major,"C#, D#, F#, G#, A#, B",6,3.57,common_tone,False,False
E lydian,F# minor,"C#, E, F#, G#, B",5,4.14,common_tone,False,False
E lydian,F# dorian,"C#, D#, E, F#, G#, B",6,3.57,common_tone,False,False
E lydian,F# phrygian,"C#, B, E, F#",4,4.71,common_tone,False,False
E lydian,F# lydian,"C#, D#, F#, G#, A#",5,3.14,closely_related,False,False
E lydian,F# mixolydian,"C#, D#, E, F#, G#, A#, B",7,3.0,common_tone,False,False
E lydian,F# locrian,"B, E, F#",3,5.29,common_tone,False,False
E lydian,F# harmonic_minor,"G#, C#, B, F#",4,4.71,common_tone,False,False
E lydian,F# melodic_minor,"C#, D#, F#, G#, B",5,4.14,common_tone,False,False
E lydian,G major,"B, E, F#",3,6.79,common_tone,False,False
E lydian,G minor,"A#, D#",2,10.36,distant_modulation,False,False
E lydian,G dorian,"A#, E",2,8.86,distant_modulation,False,False
E lydian,G phrygian,"G#, A#, D#",3,9.79,common_tone,False,False
E lydian,G lydian,"C#, B, E, F#",4,4.71,closely_related,False,False
E lydian,G mixolydian,"B, E",2,7.36,distant_modulation,False,False
E lydian,G locrian,"G#, C#, A#, D#",4,7.71,common_tone,False,False
E lydian,G harmonic_minor,"A#, D#, F#",3,9.79,common_tone,False,False
E lydian,G melodic_minor,"A#, E, F#",3,8.29,common_tone,False,False
E lydian,G# major,"G#, C#, A#, D#",4,7.71,common_tone,False,False
E lydian,G# minor,"C#, D#, E, F#, G#, A#, B",7,6.0,common_tone,False,False
E lydian,G# dorian,"C#, D#, F#, G#, A#, B",6,6.57,common_tone,False,False
E lydian,G# phrygian,"C#, D#, E, F#, G#, B",6,6.57,common_tone,False,False
E lydian,G# lydian,"G#, A#, D#",3,6.29,common_tone,False,False
E lydian,G# mixolydian,"C#, D#, F#, G#, A#",5,7.14,common_tone,False,False
E lydian,G# locrian,"C#, E, F#, G#, B",5,7.14,common_tone,False,False
E lydian,G# harmonic_minor,"C#, D#, E, G#, A#, B",6,6.57,common_tone,False,False
E lydian,G# melodic_minor,"C#, D#, G#, A#, B",5,7.14,common_tone,False,False
E lydian,A major,"C#, E, F#, G#, B",5,8.64,common_tone,False,False
E lydian,A minor,"B, E",2,10.36,distant_modulation,False,False
E lydian,A dorian,"B, E, F#",3,9.79,common_tone,False,False
E lydian,A phrygian,"A#, E",2,11.86,distant_modulation,False,False
E lydian,A lydian,"C#, D#, E, F#, G#, B",6,5.57,diatonic_common_tone,False,False
E lydian,A mixolydian,"C#, B, E, F#",4,9.21,common_tone,False,False
E lydian,A locrian,"A#, D#",2,11.86,distant_modulation,False,False
E lydian,A harmonic_minor,"G#, B, E",3,9.79,common_tone,False,False
E lydian,A melodic_minor,"G#, B, E, F#",4,9.21,common_tone,False,False
E lydian,A# major,"A#, D#",2,13.36,distant_modulation,False,False
E lydian,A# minor,"C#, D#, F#, G#, A#",5,11.64,common_tone,False,False
E lydian,A# dorian,"G#, C#, A#, D#",4,12.21,common_tone,False,False
E lydian,A# phrygian,"C#, D#, F#, G#, A#, B",6,9.57,common_tone,False,False
E lydian,A# lydian,"A#, E",2,8.86,distant_modulation,False,False
E lydian,A# mixolydian,"G#, A#, D#",3,12.79,common_tone,False,False
E lydian,A# locrian,"C#, D#, E, F#, G#, A#, B",7,9.0,common_tone,False,False
E lydian,A# harmonic_minor,"C#, A#, D#, F#",4,12.21,common_tone,False,False
E lydian,A# melodic_minor,"C#, A#, D#",3,12.79,common_tone,False,False
E lydian,B major,"C#, D#, E, F#, G#, A#, B",7,7.5,common_tone,False,False
E lydian,B minor,"C#, B, E, F#",4,9.21,common_tone,False,False
E lydian,B dorian,"C#, E, F#, G#, B",5,8.64,common_tone,False,False
E lydian,B phrygian,"B, E, F#",3,9.79,common_tone,False,False
E lydian,B lydian,"C#, D#, F#, G#, A#, B",6,5.57,diatonic_common_tone,False,False
E lydian,B mixolydian,"C#, D#, E, F#, G#, B",6,8.07,common_tone,False,False
E lydian,B locrian,"B, E",2,10.36,distant_modulation,False,False
E lydian,B harmonic_minor,"C#, E, F#, A#, B",5,8.64,common_tone,False,False
E lydian,B melodic_minor,"C#, E, F#, G#, A#, B",6,8.07,common_tone,False,False
E mixolydian,C major,"A, D, B, E",4,7.71,common_tone,False,False
E mixolydian,C minor,"G#, D",2,11.86,distant_modulation,False,False
E mixolydian,C dorian,"A, D",2,11.86,distant_modulation,False,False
E mixolydian,C phrygian,"G#, C#",2,11.86,distant_modulation,False,False
E mixolydian,C lydian,"D, E, F#, A, B",5,7.14,common_tone,False,False
E mixolydian,C mixolydian,"A, D, E",3,7.79,common_tone,False,False
E mixolydian,C locrian,"G#, C#, F#",3,9.79,common_tone,False,False
E mixolydian,C harmonic_minor,"G#, D, B",3,9.79,common_tone,False,False
E mixolydian,C melodic_minor,"A, D, B",3,9.79,common_tone,False,False
E mixolydian,C# major,"G#, C#, F#",3,6.79,common_tone,False,False
E mixolydian,C# minor,"C#, E, F#, G#, A, B",6,5.07,common_tone,False,False
E mixolydian,C# dorian,"C#, E, F#, G#, B",5,5.64,common_tone,False,False
E mixolydian,C# phrygian,"C#, D, E, F#, G#, A, B",7,4.5,common_tone,False,False
E mixolydian,C# lydian,"G#, C#",2,7.36,distant_modulation,False,False
E mixolydian,C# mixolydian,"G#, C#, B, F#",4,4.71,closely_related,False,False
E mixolydian,C# locrian,"C#, D, E, F#, A, B",6,5.07,common_tone,False,False
E mixolydian,C# harmonic_minor,"C#, E, F#, G#, A",5,5.64,common_tone,False,False
E mixolydian,C# melodic_minor,"G#, C#, E, F#",4,6.21,common_tone,False,False
E mixolydian,D major,"C#, D, E, F#, A, B",6,3.57,common_tone,False,False
E mixolydian,D minor,"A, D, E",3,5.29,common_tone,False,False
E mixolydian,D dorian,"A, D, B, E",4,4.71,common_tone,False,False
E mixolydian,D phrygian,"A, D",2,5.86,nearby_key,False,False
E mixolydian,D lydian,"C#, D, E, F#, G#, A, B",7,3.0,common_tone,False,False
E mixolydian,D mixolydian,"D, E, F#, A, B",5,3.14,closely_related,False,False
E mixolydian,D locrian,"G#, D",2,5.86,nearby_key,False,False
E mixolydian,D harmonic_minor,"C#, D, E, A",4,4.71,common_tone,False,False
E mixolydian,D melodic_minor,"C#, D, E, A, B",5,4.14,common_tone,False,False
E mixolydian,D# major,"G#, D",2,7.36,nearby_key,False,False
E mixolydian,D# minor,"G#, C#, B, F#",4,4.71,common_tone,False,False
E mixolydian,D# dorian,"G#, C#, F#",3,6.79,common_tone,False,False
E mixolydian,D# phrygian,"C#, E, F#, G#, B",5,2.64,common_tone,False,False
E mixolydian,D# lydian,"A, D",2,7.36,nearby_key,False,False
E mixolydian,D# mixolydian,"G#, C#",2,6.86,nearby_key,False,False
E mixolydian,D# locrian,"C#, E, F#, G#, A, B",6,2.07,common_tone,False,False
E mixolydian,D# harmonic_minor,"G#, D, B, F#",4,4.71,common_tone,False,False
E mixolydian,D# melodic_minor,"G#, D, F#",3,6.79,common_tone,False,False
E mixolydian,E major,"C#, E, F#, G#, A, B",6,0.57,common_tone,False,False
E mixolydian,E minor,"D, E, F#, A, B",5,1.14,common_tone,False,False
E mixolydian,E dorian,"C#, D, E, F#, A, B",6,0.57,common_tone,False,False
E mixolydian,E phrygian,"A, D, B, E",4,1.71,common_tone,False,False
E mixolydian,E lydian,"C#, E, F#, G#, B",5,1.14,common_tone,False,False
E mixolydian,E locrian,"A, D, E",3,3.79,common_tone,False,False
E mixolydian,E harmonic_minor,"A, B, E, F#",4,1.71,common_tone,False,False
E mixolydian,E melodic_minor,"C#, E, F#, A, B",5,1.14,common_tone,False,False
E mixolydian,F major,"A, D, E",3,5.29,common_tone,False,False
E mixolydian,F minor,"G#, C#",2,7.36,nearby_key,False,False
E mixolydian,F dorian,"G#, D",2,7.36,nearby_key,False,False
E mixolydian,F phrygian,"G#, C#, F#",3,6.79,common_tone,False,False
E mixolydian,F lydian,"A, D, B, E",4,3.21,common_tone,False,False
E mixolydian,F mixolydian,"A, D",2,6.86,nearby_key,False,False
E mixolydian,F locrian,"G#, C#, B, F#",4,4.71,common_tone,False,False
E mixolydian,F harmonic_minor,"G#, C#, E",3,5.29,common_tone,False,False
E mixolydian,F melodic_minor,"G#, D, E",3,5.29,common_tone,False,False
E mixolydian,F# major,"G#, C#, B, F#",4,4.71,common_tone,False,False
E mixolydian,F# minor,"C#, D, E, F#, G#, A, B",7,3.0,common_tone,False,False
E mixolydian,F# dorian,"C#, E, F#, G#, A, B",6,3.57,common_tone,False,False
E mixolydian,F# phrygian,"C#, D, E, F#, A, B",6,3.57,common_tone,False,False
E mixolydian,F# lydian,"G#, C#, F#",3,5.29,common_tone,False,False
E mixolydian,F# mixolydian,"C#, E, F#, G#, B",5,3.14,closely_related,False,False
E mixolydian,F# locrian,"D, E, F#, A, B",5,4.14,common_tone,False,False
E mixolydian,F# harmonic_minor,"C#, D, F#, G#, A, B",6,3.57,common_tone,False,False
E mixolydian,F# melodic_minor,"C#, F#, G#, A, B",5,4.14,common_tone,False,False
E mixolydian,G major,"D, E, F#, A, B",5,5.64,common_tone,False,False
E mixolydian,G minor,"A, D",2,8.86,distant_modulation,False,False
E mixolydian,G dorian,"A, D, E",3,6.79,common_tone,False,False
E mixolydian,G phrygian,"G#, D",2,8.86,distant_modulation,False,False
E mixolydian,G lydian,"C#, D, E, F#, A, B",6,5.07,common_tone,False,False
E mixolydian,G mixolydian,"A, D, B, E",4,4.71,closely_related,False,False
E mixolydian,G locrian,"G#, C#",2,8.86,distant_modulation,False,False
E mixolydian,G harmonic_minor,"A, D, F#",3,8.29,common_tone,False,False
E mixolydian,G melodic_minor,"A, D, E, F#",4,6.21,common_tone,False,False
E mixolydian,G# major,"G#, C#",2,10.36,distant_modulation,False,False
E mixolydian,G# minor,"C#, E, F#, G#, B",5,7.14,common_tone,False,False
E mixolydian,G# dorian,"G#, C#, B, F#",4,7.71,common_tone,False,False
E mixolydian,G# phrygian,"C#, E, F#, G#, A, B",6,6.57,common_tone,False,False
E mixolydian,G# lydian,"G#, D",2,10.36,distant_modulation,False,False
E mixolydian,G# mixolydian,"G#, C#, F#",3,7.79,common_tone,False,False
E mixolydian,G# locrian,"C#, D, E, F#, G#, A, B",7,6.0,common_tone,False,False
E mixolydian,G# harmonic_minor,"G#, C#, B, E",4,7.71,common_tone,False,False
E mixolydian,G# melodic_minor,"G#, C#, B",3,8.29,common_tone,False,False
E mixolydian,A major,"C#, D, E, F#, G#, A, B",7,7.5,common_tone,False,False
E mixolydian,A minor,"A, D, B, E",4,9.21,common_tone,False,False
E mixolydian,A dorian,"D, E, F#, A, B",5,8.64,common_tone,False,False
E mixolydian,A phrygian,"A, D, E",3,9.79,common_tone,False,False
E mixolydian,A lydian,"C#, E, F#, G#, A, B",6,8.07,common_tone,False,False
E mixolydian,A mixolydian,"C#, D, E, F#, A, B",6,5.57,diatonic_common_tone,False,False
E mixolydian,A locrian,"A, D",2,11.86,distant_modulation,False,False
E mixolydian,A harmonic_minor,"D, E, G#, A, B",5,8.64,common_tone,False,False
E mixolydian,A melodic_minor,"D, E, F#, G#, A, B",6,8.07,common_tone,False,False
E mixolydian,A# major,"A, D",2,14.86,distant_modulation,False,False
E mixolydian,A# minor,"G#, C#, F#",3,14.29,common_tone,False,False
E mixolydian,A# dorian,"G#, C#",2,14.86,distant_modulation,False,False
E mixolydian,A# phrygian,"G#, C#, B, F#",4,12.21,common_tone,False,False
E mixolydian,A# lydian,"A, D, E",3,12.79,common_tone,False,False
E mixolydian,A# mixolydian,"G#, D",2,11.86,distant_modulation,False,False
E mixolydian,A# locrian,"C#, E, F#, G#, B",5,10.14,common_tone,False,False
E mixolydian,A# harmonic_minor,"C#, F#, A",3,14.29,common_tone,False,False
E mixolydian,A# melodic_minor,"C#, A",2,14.86,distant_modulation,False,False
E mixolydian,B major,"C#, E, F#, G#, B",5,8.64,common_tone,False,False
E mixolydian,B minor,"C#, D, E, F#, A, B",6,8.07,common_tone,False,False
E mixolydian,B dorian,"C#, D, E, F#, G#, A, B",7,7.5,common_tone,False,False
E mixolydian,B phrygian,"D, E, F#, A, B",5,8.64,common_tone,False,False
E mixolydian,B lydian,"G#, C#, B, F#",4,9.21,common_tone,False,False
E mixolydian,B mixolydian,"C#, E, F#, G#, A, B",6,5.57,diatonic_common_tone,False,False
E mixolydian,B locrian,"A, D, B, E",4,9.21,common_tone,False,False
E mixolydian,B harmonic_minor,"C#, D, E, F#, B",5,8.64,common_tone,False,False
E mixolydian,B melodic_minor,"C#, D, E, F#, G#, B",6,8.07,common_tone,False,False
E locrian,C major,"C, D, E, F, G, A",6,6.57,common_tone,False,False
E locrian,C minor,"C, D, F, G, A#",5,7.14,common_tone,False,False
E locrian,C dorian,"C, D, F, G, A, A#",6,6.57,common_tone,False,False
E locrian,C phrygian,"C, A#, F, G",4,7.71,common_tone,False,False
E locrian,C lydian,"C, D, E, G, A",5,7.14,common_tone,False,False
E locrian,C mixolydian,"C, D, E, F, G, A, A#",7,6.0,common_tone,False,False
E locrian,C locrian,"C, A#, F",3,6.29,common_tone,False,False
E locrian,C harmonic_minor,"C, D, F, G",4,7.71,common_tone,False,False
E locrian,C melodic_minor,"C, D, F, G, A",5,7.14,common_tone,False,False
E locrian,C# major,"C, A#, F",3,8.29,common_tone,False,False
E locrian,C# minor,"A, E",2,8.86,distant_modulation,False,False
E locrian,C# dorian,"A#, E",2,7.36,distant_modulation,False,False
E locrian,C# phrygian,"A, D, E",3,8.29,common_tone,False,False
E locrian,C# lydian,"C, A#, F, G",4,7.71,common_tone,False,False
E locrian,C# mixolydian,"A#, F",2,8.86,distant_modulation,False,False
E locrian,C# locrian,"A, D, E, G",4,4.71,closely_related,False,False
E locrian,C# harmonic_minor,"C, A, E",3,8.29,common_tone,False,False
E locrian,C# melodic_minor,"C, A#, E",3,6.79,common_tone,False,False
E locrian,D major,"A, D, E, G",4,4.71,common_tone,False,False
E locrian,D minor,"C, D, E, F, G, A, A#",7,3.0,common_tone,False,False
E locrian,D dorian,"C, D, E, F, G, A",6,3.57,common_tone,False,False
E locrian,D phrygian,"C, D, F, G, A, A#",6,3.57,common_tone,False,False
E locrian,D lydian,"A, D, E",3,5.29,common_tone,False,False
E locrian,D mixolydian,"C, D, E, G, A",5,4.14,common_tone,False,False
E locrian,D locrian,"C, D, F, G, A#",5,3.14,closely_related,False,False
E locrian,D harmonic_minor,"D, E, F, G, A, A#",6,3.57,common_tone,False,False
E locrian,D melodic_minor,"D, E, F, G, A",5,4.14,common_tone,False,False
E locrian,D# major,"C, D, F, G, A#",5,4.14,common_tone,False,False
E locrian,D# minor,"A#, F",2,5.86,nearby_key,False,False
E locrian,D# dorian,"C, A#, F",3,5.29,common_tone,False,False
E locrian,D# phrygian,"A#, E",2,4.36,nearby_key,False,False
E locrian,D# lydian,"C, D, F, G, A, A#",6,3.57,common_tone,False,False
E locrian,D# mixolydian,"C, A#, F, G",4,4.71,common_tone,False,False
E locrian,D# locrian,"A, E",2,3.86,nearby_key,False,False
E locrian,D# harmonic_minor,"D, A#, F",3,5.29,common_tone,False,False
E locrian,D# melodic_minor,"C, D, A#, F",4,4.71,common_tone,False,False
E locrian,E major,"A, E",2,4.36,nearby_key,False,False
E locrian,E minor,"C, D, E, G, A",5,2.64,common_tone,False,False
E locrian,E dorian,"A, D, E, G",4,3.21,common_tone,False,False
E locrian,E phrygian,"C, D, E, F, G, A",6,2.07,common_tone,False,False
E locrian,E lydian,"A#, E",2,2.86,nearby_key,False,False
E locrian,E mixolydian,"A, D, E",3,3.79,common_tone,False,False
E locrian,E harmonic_minor,"C, A, E, G",4,3.21,common_tone,False,False
E locrian,E melodic_minor,"A, E, G",3,3.79,common_tone,False,False
E locrian,F major,"C, D, E, F, G, A, A#",7,1.5,common_tone,False,False
E locrian,F minor,"C, A#, F, G",4,3.21,common_tone,False,False
E locrian,F dorian,"C, D, F, G, A#",5,2.64,common_tone,False,False
E locrian,F phrygian,"C, A#, F",3,3.79,common_tone,False,False
E locrian,F lydian,"C, D, E, F, G, A",6,2.07,common_tone,False,False
E locrian,F mixolydian,"C, D, F, G, A, A#",6,2.07,common_tone,False,False
E locrian,F locrian,"A#, F",2,3.86,nearby_key,False,False
E locrian,F harmonic_minor,"C, E, F, G, A#",5,2.64,common_tone,False,False
E locrian,F melodic_minor,"C, D, E, F, G, A#",6,2.07,common_tone,False,False
E locrian,F# major,"A#, F",2,7.36,nearby_key,False,False
E locrian,F# minor,"A, D, E",3,6.79,common_tone,False,False
E locrian,F# dorian,"A, E",2,7.36,nearby_key,False,False
E locrian,F# phrygian,"A, D, E, G",4,6.21,common_tone,False,False
E locrian,F# lydian,"C, A#, F",3,6.79,common_tone,False,False
E locrian,F# mixolydian,"A#, E",2,5.86,nearby_key,False,False
E locrian,F# locrian,"C, D, E, G, A",5,3.14,closely_related,False,False
E locrian,F# harmonic_minor,"A, D, F",3,8.29,common_tone,False,False
E locrian,F# melodic_minor,"A, F",2,8.86,nearby_key,False,False
E locrian,G major,"C, D, E, G, A",5,5.64,common_tone,False,False
E locrian,G minor,"C, D, F, G, A, A#",6,5.07,common_tone,False,False
E locrian,G dorian,"C, D, E, F, G, A, A#",7,4.5,common_tone,False,False
E locrian,G phrygian,"C, D, F, G, A#",5,5.64,common_tone,False,False
E locrian,G lydian,"A, D, E, G",4,6.21,common_tone,False,False
E locrian,G mixolydian,"C, D, E, F, G, A",6,5.07,common_tone,False,False
E locrian,G locrian,"C, A#, F, G",4,4.71,closely_related,False,False
E locrian,G harmonic_minor,"C, D, G, A, A#",5,5.64,common_tone,False,False
E locrian,G melodic_minor,"C, D, E, G, A, A#",6,5.07,common_tone,False,False
E locrian,G# major,"C, A#, F, G",4,9.21,common_tone,False,False
E locrian,G# minor,"A#, E",2,8.86,distant_modulation,False,False
E locrian,G# dorian,"A#, F",2,10.36,distant_modulation,False,False
E locrian,G# phrygian,"A, E",2,10.36,distant_modulation,False,False
E locrian,G# lydian,"C, D, F, G, A#",5,8.64,common_tone,False,False
E locrian,G# mixolydian,"C, A#, F",3,9.79,common_tone,False,False
E locrian,G# locrian,"A, D, E",3,6.29,common_tone,False,False
E locrian,G# harmonic_minor,"A#, E, G",3,8.29,common_tone,False,False
E locrian,G# melodic_minor,"A#, F, G",3,9.79,common_tone,False,False
E locrian,A major,"A, D, E",3,9.79,common_tone,False,False
E locrian,A minor,"C, D, E, F, G, A",6,8.07,common_tone,False,False
E locrian,A dorian,"C, D, E, G, A",5,8.64,common_tone,False,False
E locrian,A phrygian,"C, D, E, F, G, A, A#",7,7.5,common_tone,False,False
E locrian,A lydian,"A, E",2,10.36,distant_modulation,False,False
E locrian,A mixolydian,"A, D, E, G",4,9.21,common_tone,False,False
E locrian,A locrian,"C, D, F, G, A, A#",6,5.57,diatonic_common_tone,False,False
E locrian,A harmonic_minor,"C, D, E, F, A",5,8.64,common_tone,False,False
E locrian,A melodic_minor,"C, A, D, E",4,9.21,common_tone,False,False
E locrian,A# major,"C, D, F, G, A, A#",6,9.57,common_tone,False,False
E locrian,A# minor,"C, A#, F",3,11.29,common_tone,False,False
E locrian,A# dorian,"C, A#, F, G",4,10.71,common_tone,False,False
E locrian,A# phrygian,"A#, F",2,11.86,distant_modulation,False,False
E locrian,A# lydian,"C, D, E, F, G, A, A#",7,9.0,common_tone,False,False
E locrian,A# mixolydian,"C, D, F, G, A#",5,10.14,common_tone,False,False
E locrian,A# locrian,"A#, E",2,8.86,distant_modulation,False,False
E locrian,A# harmonic_minor,"C, A, A#, F",4,10.71,common_tone,False,False
E locrian,A# melodic_minor,"C, F, G, A, A#",5,10.14,common_tone,False,False
E locrian,B major,"A#, E",2,10.36,distant_modulation,False,False
E locrian,B minor,"A, D, E, G",4,10.71,common_tone,False,False
E locrian,B dorian,"A, D, E",3,11.29,common_tone,False,False
E locrian,B phrygian,"C, D, E, G, A",5,10.14,common_tone,False,False
E locrian,B lydian,"A#, F",2,11.86,distant_modulation,False,False
E locrian,B mixolydian,"A, E",2,11.86,distant_modulation,False,False
E locrian,B locrian,"C, D, E, F, G, A",6,5.57,diatonic_common_tone,False,False
E locrian,B harmonic_minor,"D, A#, E, G",4,9.21,common_tone,False,False
E locrian,B melodic_minor,"D, A#, E",3,9.79,common_tone,False,False
E harmonic_minor,C major,"C, E, G, A, B",5,7.14,common_tone,False,False
E harmonic_minor,C minor,"C, D#, G",3,8.29,common_tone,False,False
E harmonic_minor,C dorian,"C, A, D#, G",4,7.71,common_tone,False,False
E harmonic_minor,C phrygian,"C, D#, G",3,8.29,common_tone,False,False
E harmonic_minor,C lydian,"C, E, F#, G, A, B",6,6.57,common_tone,False,False
E harmonic_minor,C mixolydian,"C, A, E, G",4,7.71,common_tone,False,False
E harmonic_minor,C locrian,"C, D#, F#",3,8.29,common_tone,False,False
E harmonic_minor,C harmonic_minor,"C, B, D#, G",4,5.71,closely_related,False,False
E harmonic_minor,C melodic_minor,"C, D#, G, A, B",5,7.14,common_tone,False,False
E harmonic_minor,C# major,"C, D#, F#",3,9.79,common_tone,False,False
E harmonic_minor,C# minor,"D#, E, F#, A, B",5,5.64,common_tone,False,False
E harmonic_minor,C# dorian,"B, D#, E, F#",4,6.21,common_tone,False,False
E harmonic_minor,C# phrygian,"A, B, E, F#",4,6.21,common_tone,False,False
E harmonic_minor,C# lydian,"C, D#, G",3,9.79,common_tone,False,False
E harmonic_minor,C# mixolydian,"B, D#, F#",3,8.29,common_tone,False,False
E harmonic_minor,C# locrian,"E, F#, G, A, B",5,5.64,common_tone,False,False
E harmonic_minor,C# harmonic_minor,"C, D#, E, F#, A",5,5.64,closely_related,False,False
E harmonic_minor,C# melodic_minor,"C, D#, E, F#",4,7.71,common_tone,False,False
E harmonic_minor,D major,"E, F#, G, A, B",5,4.14,common_tone,False,False
E harmonic_minor,D minor,"C, A, E, G",4,4.71,common_tone,False,False
E harmonic_minor,D dorian,"C, E, G, A, B",5,4.14,common_tone,False,False
E harmonic_minor,D phrygian,"C, A, D#, G",4,6.21,common_tone,False,False
E harmonic_minor,D lydian,"A, B, E, F#",4,4.71,common_tone,False,False
E harmonic_minor,D mixolydian,"C, E, F#, G, A, B",6,3.57,common_tone,False,False
E harmonic_minor,D locrian,"C, D#, G",3,8.29,common_tone,False,False
E harmonic_minor,D harmonic_minor,"A, E, G",3,4.29,common_tone,False,False
E harmonic_minor,D melodic_minor,"A, B, E, G",4,4.71,common_tone,False,False
E harmonic_minor,D# major,"C, D#, G",3,5.29,common_tone,False,False
E harmonic_minor,D# minor,"B, D#, F#",3,3.79,common_tone,False,False
E harmonic_minor,D# dorian,"C, D#, F#",3,5.29,common_tone,False,False
E harmonic_minor,D# phrygian,"B, D#, E, F#",4,3.21,common_tone,False,False
E harmonic_minor,D# lydian,"C, A, D#, G",4,4.71,common_tone,False,False
E harmonic_minor,D# mixolydian,"C, D#, G",3,5.29,common_tone,False,False
E harmonic_minor,D# locrian,"D#, E, F#, A, B",5,2.64,common_tone,False,False
E harmonic_minor,D# harmonic_minor,"B, D#, F#",3,3.29,common_tone,False,False
E harmonic_minor,D# melodic_minor,"C, D#, F#",3,5.29,common_tone,False,False
E harmonic_minor,E major,"D#, E, F#, A, B",5,1.14,common_tone,False,False
E harmonic_minor,E minor,"C, E, F#, G, A, B",6,0.57,common_tone,False,False
E harmonic_minor,E dorian,"E, F#, G, A, B",5,1.14,common_tone,False,False
E harmonic_minor,E phrygian,"C, E, G, A, B",5,1.14,common_tone,False,False
E harmonic_minor,E lydian,"B, D#, E, F#",4,1.71,common_tone,False,False
E harmonic_minor,E mixolydian,"A, B, E, F#",4,1.71,common_tone,False,False
E harmonic_minor,E locrian,"C, A, E, G",4,3.21,common_tone,False,False
E harmonic_minor,E melodic_minor,"D#, E, F#, G, A, B",6,0.57,common_tone,False,False
E harmonic_minor,F major,"C, A, E, G",4,3.21,common_tone,False,False
E harmonic_minor,F minor,"C, D#, G",3,5.29,common_tone,False,False
E harmonic_minor,F dorian,"C, D#, G",3,5.29,common_tone,False,False
E harmonic_minor,F phrygian,"C, D#, F#",3,5.29,common_tone,False,False
E harmonic_minor,F lydian,"C, E, G, A, B",5,2.64,common_tone,False,False
E harmonic_minor,F mixolydian,"C, A, D#, G",4,4.71,common_tone,False,False
E harmonic_minor,F locrian,"B, D#, F#",3,5.29,common_tone,False,False
E harmonic_minor,F harmonic_minor,"C, E, G",3,3.29,common_tone,False,False
E harmonic_minor,F melodic_minor,"C, E, G",3,3.79,common_tone,False,False
E harmonic_minor,F# major,"B, D#, F#",3,5.29,common_tone,False,False
E harmonic_minor,F# minor,"A, B, E, F#",4,4.71,common_tone,False,False
E harmonic_minor,F# dorian,"D#, E, F#, A, B",5,4.14,common_tone,False,False
E harmonic_minor,F# phrygian,"E, F#, G, A, B",5,4.14,common_tone,False,False
E harmonic_minor,F# lydian,"C, D#, F#",3,6.79,common_tone,False,False
E harmonic_minor,F# mixolydian,"B, D#, E, F#",4,4.71,common_tone,False,False
E harmonic_minor,F# locrian,"C, E, F#, G, A, B",6,3.57,common_tone,False,False
E harmonic_minor,F# harmonic_minor,"A, B, F#",3,4.29,common_tone,False,False
E harmonic_minor,F# melodic_minor,"B, A, D#, F#",4,4.71,common_tone,False,False
E harmonic_minor,G major,"C, E, F#, G, A, B",6,5.07,common_tone,False,False
E harmonic_minor,G minor,"C, A, D#, G",4,7.71,common_tone,False,False
E harmonic_minor,G dorian,"C, A, E, G",4,6.21,common_tone,False,False
E harmonic_minor,G phrygian,"C, D#, G",3,8.29,common_tone,False,False
E harmonic_minor,G lydian,"E, F#, G, A, B",5,5.64,common_tone,False,False
E harmonic_minor,G mixolydian,"C, E, G, A, B",5,5.64,common_tone,False,False
E harmonic_minor,G locrian,"C, D#, G",3,8.29,common_tone,False,False
E harmonic_minor,G harmonic_minor,"C, D#, F#, G, A",5,5.64,closely_related,False,False
E harmonic_minor,G melodic_minor,"C, E, F#, G, A",5,5.64,common_tone,False,False
E harmonic_minor,G# major,"C, D#, G",3,9.79,common_tone,False,False
E harmonic_minor,G# minor,"B, D#, E, F#",4,7.71,common_tone,False,False
E harmonic_minor,G# dorian,"B, D#, F#",3,8.29,common_tone,False,False
E harmonic_minor,G# phrygian,"D#, E, F#, A, B",5,7.14,common_tone,False,False
E harmonic_minor,G# lydian,"C, D#, G",3,9.79,common_tone,False,False
E harmonic_minor,G# mixolydian,"C, D#, F#",3,9.79,common_tone,False,False
E harmonic_minor,G# locrian,"A, B, E, F#",4,7.71,common_tone,False,False
E harmonic_minor,G# harmonic_minor,"B, D#, E, G",4,5.71,closely_related,False,False
E harmonic_minor,G# melodic_minor,"B, D#, G",3,8.29,common_tone,False,False
E harmonic_minor,A major,"A, B, E, F#",4,9.21,common_tone,False,False
E harmonic_minor,A minor,"C, E, G, A, B",5,8.64,common_tone,False,False
E harmonic_minor,A dorian,"C, E, F#, G, A, B",6,8.07,common_tone,False,False
E harmonic_minor,A phrygian,"C, A, E, G",4,9.21,common_tone,False,False
E harmonic_minor,A lydian,"D#, E, F#, A, B",5,8.64,common_tone,False,False
E harmonic_minor,A mixolydian,"E, F#, G, A, B",5,8.64,common_tone,False,False
E harmonic_minor,A locrian,"C, A, D#, G",4,9.21,common_tone,False,False
E harmonic_minor,A harmonic_minor,"C, A, B, E",4,6.71,closely_related,False,False
E harmonic_minor,A melodic_minor,"C, E, F#, A, B",5,8.64,common_tone,False,False
E harmonic_minor,A# major,"C, A, D#, G",4,13.71,common_tone,False,False
E harmonic_minor,A# minor,"C, D#, F#",3,14.29,common_tone,False,False
E harmonic_minor,A# dorian,"C, D#, G",3,14.29,common_tone,False,False
E harmonic_minor,A# phrygian,"B, D#, F#",3,12.79,common_tone,False,False
E harmonic_minor,A# lydian,"C, A, E, G",4,12.21,common_tone,False,False
E harmonic_minor,A# mixolydian,"C, D#, G",3,14.29,common_tone,False,False
E harmonic_minor,A# locrian,"B, D#, E, F#",4,10.71,common_tone,False,False
E harmonic_minor,A# harmonic_minor,"C, A, D#, F#",4,10.71,closely_related,False,False
E harmonic_minor,A# melodic_minor,"C, A, D#, G",4,13.71,common_tone,False,False
E harmonic_minor,B major,"B, D#, E, F#",4,9.21,common_tone,False,False
E harmonic_minor,B minor,"E, F#, G, A, B",5,8.64,common_tone,False,False
E harmonic_minor,B dorian,"A, B, E, F#",4,9.21,common_tone,False,False
E harmonic_minor,B phrygian,"C, E, F#, G, A, B",6,8.07,common_tone,False,False
E harmonic_minor,B lydian,"B, D#, F#",3,9.79,common_tone,False,False
E harmonic_minor,B mixolydian,"D#, E, F#, A, B",5,8.64,common_tone,False,False
E harmonic_minor,B locrian,"C, E, G, A, B",5,8.64,common_tone,False,False
E harmonic_minor,B harmonic_minor,"B, E, F#, G",4,6.71,closely_related,False,False
E harmonic_minor,B melodic_minor,"B, E, F#",3,9.79,common_tone,False,False
E melodic_minor,C major,"A, B, E, G",4,7.71,common_tone,False,False
E melodic_minor,C minor,"D#, G",2,10.36,distant_modulation,False,False
E melodic_minor,C dorian,"A, D#, G",3,9.79,common_tone,False,False
E melodic_minor,C phrygian,"C#, D#, G",3,9.79,common_tone,False,False
E melodic_minor,C lydian,"E, F#, G, A, B",5,7.14,common_tone,False,False
E melodic_minor,C mixolydian,"A, E, G",3,8.29,common_tone,False,False
E melodic_minor,C locrian,"C#, D#, F#",3,9.79,common_tone,False,False
E melodic_minor,C harmonic_minor,"B, D#, G",3,8.29,common_tone,False,False
E melodic_minor,C melodic_minor,"B, A, D#, G",4,5.71,closely_related,False,False
E melodic_minor,C# major,"C#, D#, F#",3,8.29,common_tone,False,False
E melodic_minor,C# minor,"C#, D#, E, F#, A, B",6,5.07,common_tone,False,False
E melodic_minor,C# dorian,"C#, D#, E, F#, B",5,5.64,common_tone,False,False
E melodic_minor,C# phrygian,"C#, E, F#, A, B",5,5.64,common_tone,False,False
E melodic_minor,C# lydian,"C#, D#, G",3,8.29,common_tone,False,False
E melodic_minor,C# mixolydian,"B, C#, D#, F#",4,6.21,common_tone,False,False
E melodic_minor,C# locrian,"C#, E, F#, G, A, B",6,5.07,common_tone,False,False
E melodic_minor,C# harmonic_minor,"C#, D#, E, F#, A",5,5.64,common_tone,False,False
E melodic_minor,C# melodic_minor,"C#, D#, E, F#",4,4.71,closely_related,False,False
E melodic_minor,D major,"C#, E, F#, G, A, B",6,3.57,common_tone,False,False
E melodic_minor,D minor,"A, E, G",3,5.29,common_tone,False,False
E melodic_minor,D dorian,"A, B, E, G",4,4.71,common_tone,False,False
E melodic_minor,D phrygian,"A, D#, G",3,6.79,common_tone,False,False
E melodic_minor,D lydian,"C#, E, F#, A, B",5,4.14,common_tone,False,False
E melodic_minor,D mixolydian,"E, F#, G, A, B",5,4.14,common_tone,False,False
E melodic_minor,D locrian,"D#, G",2,8.86,nearby_key,False,False
E melodic_minor,D harmonic_minor,"C#, E, A, G",4,4.71,common_tone,False,False
E melodic_minor,D melodic_minor,"C#, E, G, A, B",5,3.14,closely_related,False,False
E melodic_minor,D# major,"D#, G",2,5.86,nearby_key,False,False
E melodic_minor,D# minor,"B, C#, D#, F#",4,3.21,common_tone,False,False
E melodic_minor,D# dorian,"C#, D#, F#",3,5.29,common_tone,False,False
E melodic_minor,D# phrygian,"C#, D#, E, F#, B",5,2.64,common_tone,False,False
E melodic_minor,D# lydian,"A, D#, G",3,5.29,common_tone,False,False
E melodic_minor,D# mixolydian,"C#, D#, G",3,5.29,common_tone,False,False
E melodic_minor,D# locrian,"C#, D#, E, F#, A, B",6,2.07,common_tone,False,False
E melodic_minor,D# harmonic_minor,"B, D#, F#",3,3.79,common_tone,False,False
E melodic_minor,D# melodic_minor,"D#, F#",2,5.36,nearby_key,False,False
E melodic_minor,E major,"C#, D#, E, F#, A, B",6,0.57,common_tone,False,False
E melodic_minor,E minor,"E, F#, G, A, B",5,1.14,common_tone,False,False
E melodic_minor,E dorian,"C#, E, F#, G, A, B",6,0.57,common_tone,False,False
E melodic_minor,E phrygian,"A, B, E, G",4,1.71,common_tone,False,False
E melodic_minor,E lydian,"C#, D#, E, F#, B",5,1.14,common_tone,False,False
E melodic_minor,E mixolydian,"C#, E, F#, A, B",5,1.14,common_tone,False,False
E melodic_minor,E locrian,"A, E, G",3,3.79,common_tone,False,False
E melodic_minor,E harmonic_minor,"D#, E, F#, G, A, B",6,0.57,common_tone,False,False
E melodic_minor,F major,"A, E, G",3,5.29,common_tone,False,False
E melodic_minor,F minor,"C#, D#, G",3,6.79,common_tone,False,False
E melodic_minor,F dorian,"D#, G",2,7.36,nearby_key,False,False
E melodic_minor,F phrygian,"C#, D#, F#",3,6.79,common_tone,False,False
E melodic_minor,F lydian,"A, B, E, G",4,3.21,common_tone,False,False
E melodic_minor,F mixolydian,"A, D#, G",3,6.79,common_tone,False,False
E melodic_minor,F locrian,"B, C#, D#, F#",4,4.71,common_tone,False,False
E melodic_minor,F harmonic_minor,"C#, E, G",3,5.29,common_tone,False,False
E melodic_minor,F melodic_minor,"E, G",2,5.36,nearby_key,False,False
E melodic_minor,F# major,"B, C#, D#, F#",4,4.71,common_tone,False,False
E melodic_minor,F# minor,"C#, E, F#, A, B",5,4.14,common_tone,False,False
E melodic_minor,F# dorian,"C#, D#, E, F#, A, B",6,3.57,common_tone,False,False
E melodic_minor,F# phrygian,"C#, E, F#, G, A, B",6,3.57,common_tone,False,False
E melodic_minor,F# lydian,"C#, D#, F#",3,5.29,common_tone,False,False
E melodic_minor,F# mixolydian,"C#, D#, E, F#, B",5,4.14,common_tone,False,False
E melodic_minor,F# locrian,"E, F#, G, A, B",5,4.14,common_tone,False,False
E melodic_minor,F# harmonic_minor,"C#, B, F#, A",4,4.71,common_tone,False,False
E melodic_minor,F# melodic_minor,"C#, D#, F#, A, B",5,3.14,closely_related,False,False
E melodic_minor,G major,"E, F#, G, A, B",5,5.64,common_tone,False,False
E melodic_minor,G minor,"A, D#, G",3,8.29,common_tone,False,False
E melodic_minor,G dorian,"A, E, G",3,6.79,common_tone,False,False
E melodic_minor,G phrygian,"D#, G",2,8.86,distant_modulation,False,False
E melodic_minor,G lydian,"C#, E, F#, G, A, B",6,5.07,common_tone,False,False
E melodic_minor,G mixolydian,"A, B, E, G",4,6.21,common_tone,False,False
E melodic_minor,G locrian,"C#, D#, G",3,6.79,common_tone,False,False
E melodic_minor,G harmonic_minor,"A, D#, F#, G",4,7.71,common_tone,False,False
E melodic_minor,G melodic_minor,"A, E, F#, G",4,4.71,closely_related,False,False
E melodic_minor,G# major,"C#, D#, G",3,9.79,common_tone,False,False
E melodic_minor,G# minor,"C#, D#, E, F#, B",5,7.14,common_tone,False,False
E melodic_minor,G# dorian,"B, C#, D#, F#",4,7.71,common_tone,False,False
E melodic_minor,G# phrygian,"C#, D#, E, F#, A, B",6,6.57,common_tone,False,False
E melodic_minor,G# lydian,"D#, G",2,10.36,distant_modulation,False,False
E melodic_minor,G# mixolydian,"C#, D#, F#",3,9.79,common_tone,False,False
E melodic_minor,G# locrian,"C#, E, F#, A, B",5,7.14,common_tone,False,False
E melodic_minor,G# harmonic_minor,"C#, D#, E, G, B",5,7.14,common_tone,False,False
E melodic_minor,G# melodic_minor,"B, C#, D#, G",4,5.71,closely_related,False,False
E melodic_minor,A major,"C#, E, F#, A, B",5,8.64,common_tone,False,False
E melodic_minor,A minor,"A, B, E, G",4,9.21,common_tone,False,False
E melodic_minor,A dorian,"E, F#, G, A, B",5,8.64,common_tone,False,False
E melodic_minor,A phrygian,"A, E, G",3,9.79,common_tone,False,False
E melodic_minor,A lydian,"C#, D#, E, F#, A, B",6,8.07,common_tone,False,False
E melodic_minor,A mixolydian,"C#, E, F#, G, A, B",6,8.07,common_tone,False,False
E melodic_minor,A locrian,"A, D#, G",3,9.79,common_tone,False,False
E melodic_minor,A harmonic_minor,"A, B, E",3,9.79,common_tone,False,False
E melodic_minor,A melodic_minor,"A, B, E, F#",4,6.71,closely_related,False,False
E melodic_minor,A# major,"A, D#, G",3,14.29,common_tone,False,False
E melodic_minor,A# minor,"C#, D#, F#",3,14.29,common_tone,False,False
E melodic_minor,A# dorian,"C#, D#, G",3,14.29,common_tone,False,False
E melodic_minor,A# phrygian,"B, C#, D#, F#",4,12.21,common_tone,False,False
E melodic_minor,A# lydian,"A, E, G",3,12.79,common_tone,False,False
E melodic_minor,A# mixolydian,"D#, G",2,14.86,distant_modulation,False,False
E melodic_minor,A# locrian,"C#, D#, E, F#, B",5,10.14,common_tone,False,False
E melodic_minor,A# harmonic_minor,"C#, D#, F#, A",4,13.71,common_tone,False,False
E melodic_minor,A# melodic_minor,"C#, D#, A, G",4,10.71,closely_related,False,False
E melodic_minor,B major,"C#, D#, E, F#, B",5,8.64,common_tone,False,False
E melodic_minor,B minor,"C#, E, F#, G, A, B",6,8.07,common_tone,False,False
E melodic_minor,B dorian,"C#, E, F#, A, B",5,8.64,common_tone,False,False
E melodic_minor,B phrygian,"E, F#, G, A, B",5,8.64,common_tone,False,False
E melodic_minor,B lydian,"B, C#, D#, F#",4,9.21,common_tone,False,False
E melodic_minor,B mixolydian,"C#, D#, E, F#, A, B",6,8.07,common_tone,False,False
E melodic_minor,B locrian,"A, B, E, G",4,9.21,common_tone,False,False
E melodic_minor,B harmonic_minor,"C#, E, F#, G, B",5,8.64,common_tone,False,False
E melodic_minor,B melodic_minor,"C#, B, E, F#",4,6.71,closely_related,False,False
F major,C major,"C, D, E, F, G, A",6,5.57,diatonic_common_tone,False,False
F major,C minor,"C, D, F, G, A#",5,8.64,common_tone,False,False
F major,C dorian,"C, D, F, G, A, A#",6,8.07,common_tone,False,False
F major,C phrygian,"C, A#, F, G",4,9.21,common_tone,False,False
F major,C lydian,"C, D, E, G, A",5,8.64,common_tone,False,False
F major,C mixolydian,"C, D, E, F, G, A, A#",7,7.5,common_tone,False,False
F major,C locrian,"C, A#, F",3,9.79,common_tone,False,False
F major,C harmonic_minor,"C, D, F, G",4,9.21,common_tone,False,False
F major,C melodic_minor,"C, D, F, G, A",5,8.64,common_tone,False,False
F major,C# major,"C, A#, F",3,6.29,common_tone,False,False
F major,C# minor,"A, E",2,11.86,distant_modulation,False,False
F major,C# dorian,"A#, E",2,11.86,distant_modulation,False,False
F major,C# phrygian,"A, D, E",3,11.29,common_tone,False,False
F major,C# lydian,"C, A#, F, G",4,7.71,common_tone,False,False
F major,C# mixolydian,"A#, F",2,10.36,distant_modulation,False,False
F major,C# locrian,"A, D, E, G",4,9.21,common_tone,False,False
F major,C# harmonic_minor,"C, A, E",3,9.79,common_tone,False,False
F major,C# melodic_minor,"C, A#, E",3,9.79,common_tone,False,False
F major,D major,"A, D, E, G",4,4.71,closely_related,False,False
F major,D minor,"C, D, E, F, G, A, A#",7,4.5,common_tone,False,False
F major,D dorian,"C, D, E, F, G, A",6,5.07,common_tone,False,False
F major,D phrygian,"C, D, F, G, A, A#",6,5.07,common_tone,False,False
F major,D lydian,"A, D, E",3,6.79,common_tone,False,False
F major,D mixolydian,"C, D, E, G, A",5,5.64,common_tone,False,False
F major,D locrian,"C, D, F, G, A#",5,5.64,common_tone,False,False
F major,D harmonic_minor,"D, E, F, G, A, A#",6,5.07,common_tone,False,False
F major,D melodic_minor,"D, E, F, G, A",5,5.64,common_tone,False,False
F major,D# major,"C, D, F, G, A#",5,3.14,closely_related,False,False
F major,D# minor,"A#, F",2,5.86,nearby_key,False,False
F major,D# dorian,"C, A#, F",3,5.29,common_tone,False,False
F major,D# phrygian,"A#, E",2,7.36,nearby_key,False,False
F major,D# lydian,"C, D, F, G, A, A#",6,3.57,common_tone,False,False
F major,D# mixolydian,"C, A#, F, G",4,4.71,common_tone,False,False
F major,D# locrian,"A, E",2,7.36,nearby_key,False,False
F major,D# harmonic_minor,"D, A#, F",3,5.29,common_tone,False,False
F major,D# melodic_minor,"C, D, A#, F",4,4.71,common_tone,False,False
F major,E major,"A, E",2,5.36,nearby_key,False,False
F major,E minor,"C, D, E, G, A",5,2.64,common_tone,False,False
F major,E dorian,"A, D, E, G",4,4.71,common_tone,False,False
F major,E phrygian,"C, D, E, F, G, A",6,2.07,common_tone,False,False
F major,E lydian,"A#, E",2,5.86,nearby_key,False,False
F major,E mixolydian,"A, D, E",3,5.29,common_tone,False,False
F major,E locrian,"C, D, E, F, G, A, A#",7,1.5,common_tone,False,False
F major,E harmonic_minor,"C, A, E, G",4,3.21,common_tone,False,False
F major,E melodic_minor,"A, E, G",3,5.29,common_tone,False,False
F major,F minor,"C, A#, F, G",4,1.71,common_tone,False,False
F major,F dorian,"C, D, F, G, A#",5,1.14,common_tone,False,False
F major,F phrygian,"C, A#, F",3,2.29,common_tone,False,False
F major,F lydian,"C, D, E, F, G, A",6,0.57,common_tone,False,False
F major,F mixolydian,"C, D, F, G, A, A#",6,0.57,common_tone,False,False
F major,F locrian,"A#, F",2,4.36,nearby_key,False,False
F major,F harmonic_minor,"C, E, F, G, A#",5,1.14,common_tone,False,False
F major,F melodic_minor,"C, D, E, F, G, A#",6,0.57,common_tone,False,False
F major,F# major,"A#, F",2,5.36,nearby_key,False,False
F major,F# minor,"A, D, E",3,6.79,common_tone,False,False
F major,F# dorian,"A, E",2,7.36,nearby_key,False,False
F major,F# phrygian,"A, D, E, G",4,6.21,common_tone,False,False
F major,F# lydian,"C, A#, F",3,3.79,common_tone,False,False
F major,F# mixolydian,"A#, E",2,7.36,nearby_key,False,False
F major,F# locrian,"C, D, E, G, A",5,4.14,common_tone,False,False
F major,F# harmonic_minor,"A, D, F",3,5.29,common_tone,False,False
F major,F# melodic_minor,"A, F",2,5.86,nearby_key,False,False
F major,G major,"C, D, E, G, A",5,3.14,closely_related,False,False
F major,G minor,"C, D, F, G, A, A#",6,3.57,common_tone,False,False
F major,G dorian,"C, D, E, F, G, A, A#",7,3.0,common_tone,False,False
F major,G phrygian,"C, D, F, G, A#",5,4.14,common_tone,False,False
F major,G lydian,"A, D, E, G",4,4.71,common_tone,False,False
F major,G mixolydian,"C, D, E, F, G, A",6,3.57,common_tone,False,False
F major,G locrian,"C, A#, F, G",4,4.71,common_tone,False,False
F major,G harmonic_minor,"C, D, G, A, A#",5,4.14,common_tone,False,False
F major,G melodic_minor,"C, D, E, G, A, A#",6,3.57,common_tone,False,False
F major,G# major,"C, A#, F, G",4,4.71,closely_related,False,False
F major,G# minor,"A#, E",2,10.36,distant_modulation,False,False
F major,G# dorian,"A#, F",2,8.86,distant_modulation,False,False
F major,G# phrygian,"A, E",2,10.36,distant_modulation,False,False
F major,G# lydian,"C, D, F, G, A#",5,5.64,common_tone,False,False
F major,G# mixolydian,"C, A#, F",3,6.79,common_tone,False,False
F major,G# locrian,"A, D, E",3,8.29,common_tone,False,False
F major,G# harmonic_minor,"A#, E, G",3,9.79,common_tone,False,False
F major,G# melodic_minor,"A#, F, G",3,8.29,common_tone,False,False
F major,A major,"A, D, E",3,6.29,common_tone,False,False
F major,A minor,"C, D, E, F, G, A",6,6.57,common_tone,False,False
F major,A dorian,"C, D, E, G, A",5,7.14,common_tone,False,False
F major,A phrygian,"C, D, E, F, G, A, A#",7,6.0,common_tone,False,False
F major,A lydian,"A, E",2,8.86,distant_modulation,False,False
F major,A mixolydian,"A, D, E, G",4,7.71,common_tone,False,False
F major,A locrian,"C, D, F, G, A, A#",6,6.57,common_tone,False,False
F major,A harmonic_minor,"C, D, E, F, A",5,7.14,common_tone,False,False
F major,A melodic_minor,"C, A, D, E",4,7.71,common_tone,False,False
F major,A# major,"C, D, F, G, A, A#",6,5.57,diatonic_common_tone,False,False
F major,A# minor,"C, A#, F",3,9.79,common_tone,False,False
F major,A# dorian,"C, A#, F, G",4,9.21,common_tone,False,False
F major,A# phrygian,"A#, F",2,10.36,distant_modulation,False,False
F major,A# lydian,"C, D, E, F, G, A, A#",7,7.5,common_tone,False,False
F major,A# mixolydian,"C, D, F, G, A#",5,8.64,common_tone,False,False
F major,A# locrian,"A#, E",2,10.36,distant_modulation,False,False
F major,A# harmonic_minor,"C, A, A#, F",4,9.21,common_tone,False,False
F major,A# melodic_minor,"C, F, G, A, A#",5,8.64,common_tone,False,False
F major,B major,"A#, E",2,11.86,distant_modulation,False,False
F major,B minor,"A, D, E, G",4,13.71,common_tone,False,False
F major,B dorian,"A, D, E",3,14.29,common_tone,False,False
F major,B phrygian,"C, D, E, G, A",5,11.64,common_tone,False,False
F major,B lydian,"A#, F",2,13.36,distant_modulation,False,False
F major,B mixolydian,"A, E",2,14.86,distant_modulation,False,False
F major,B locrian,"C, D, E, F, G, A",6,9.57,common_tone,False,False
F major,B harmonic_minor,"D, A#, E, G",4,13.71,common_tone,False,False
F major,B melodic_minor,"D, A#, E",3,14.29,common_tone,False,False
F minor,C major,"C, F, G",3,9.79,common_tone,False,False
F minor,C minor,"C, D#, F, G, G#, A#",6,5.57,diatonic_common_tone,False,False
F minor,C dorian,"C, D#, F, G, A#",5,8.64,common_tone,False,False
F minor,C phrygian,"C, C#, D#, F, G, G#, A#",7,7.5,common_tone,False,False
F minor,C lydian,"C, G",2,10.36,distant_modulation,False,False
F minor,C mixolydian,"C, A#, F, G",4,9.21,common_tone,False,False
F minor,C locrian,"C, C#, D#, F, G#, A#",6,8.07,common_tone,False,False
F minor,C harmonic_minor,"C, D#, F, G, G#",5,8.64,common_tone,False,False
F minor,C melodic_minor,"C, D#, F, G",4,9.21,common_tone,False,False
F minor,C# major,"C, C#, D#, F, G#, A#",6,6.57,common_tone,False,False
F minor,C# minor,"G#, C#, D#",3,6.29,common_tone,False,False
F minor,C# dorian,"G#, C#, A#, D#",4,7.71,common_tone,False,False
F minor,C# phrygian,"G#, C#",2,8.86,distant_modulation,False,False
F minor,C# lydian,"C, C#, D#, F, G, G#, A#",7,6.0,common_tone,False,False
F minor,C# mixolydian,"C#, D#, F, G#, A#",5,7.14,common_tone,False,False
F minor,C# locrian,"C#, G",2,8.86,distant_modulation,False,False
F minor,C# harmonic_minor,"C, C#, D#, G#",4,7.71,common_tone,False,False
F minor,C# melodic_minor,"C, C#, D#, G#, A#",5,7.14,common_tone,False,False
F minor,D major,"C#, G",2,10.36,distant_modulation,False,False
F minor,D minor,"C, A#, F, G",4,4.71,closely_related,False,False
F minor,D dorian,"C, F, G",3,6.79,common_tone,False,False
F minor,D phrygian,"C, D#, F, G, A#",5,5.64,common_tone,False,False
F minor,D lydian,"G#, C#",2,10.36,distant_modulation,False,False
F minor,D mixolydian,"C, G",2,8.86,distant_modulation,False,False
F minor,D locrian,"C, D#, F, G, G#, A#",6,5.07,common_tone,False,False
F minor,D harmonic_minor,"C#, A#, F, G",4,7.71,common_tone,False,False
F minor,D melodic_minor,"C#, F, G",3,8.29,common_tone,False,False
F minor,D# major,"C, D#, F, G, G#, A#",6,3.57,common_tone,False,False
F minor,D# minor,"C#, D#, F, G#, A#",5,3.14,closely_related,False,False
F minor,D# dorian,"C, C#, D#, F, G#, A#",6,3.57,common_tone,False,False
F minor,D# phrygian,"G#, C#, A#, D#",4,4.71,common_tone,False,False
F minor,D# lydian,"C, D#, F, G, A#",5,4.14,common_tone,False,False
F minor,D# mixolydian,"C, C#, D#, F, G, G#, A#",7,3.0,common_tone,False,False
F minor,D# locrian,"G#, C#, D#",3,6.79,common_tone,False,False
F minor,D# harmonic_minor,"G#, A#, D#, F",4,4.71,common_tone,False,False
F minor,D# melodic_minor,"C, D#, F, G#, A#",5,4.14,common_tone,False,False
F minor,E major,"G#, C#, D#",3,6.79,common_tone,False,False
F minor,E minor,"C, G",2,5.36,nearby_key,False,False
F minor,E dorian,"C#, G",2,7.36,nearby_key,False,False
F minor,E phrygian,"C, F, G",3,3.79,common_tone,False,False
F minor,E lydian,"G#, C#, A#, D#",4,6.21,common_tone,False,False
F minor,E mixolydian,"G#, C#",2,7.36,nearby_key,False,False
F minor,E locrian,"C, A#, F, G",4,3.21,common_tone,False,False
F minor,E harmonic_minor,"C, D#, G",3,5.29,common_tone,False,False
F minor,E melodic_minor,"C#, D#, G",3,6.79,common_tone,False,False
F minor,F major,"C, A#, F, G",4,1.71,common_tone,False,False
F minor,F dorian,"C, D#, F, G, G#, A#",6,0.57,common_tone,False,False
F minor,F phrygian,"C, C#, D#, F, G#, A#",6,0.57,common_tone,False,False
F minor,F lydian,"C, F, G",3,2.29,common_tone,False,False
F minor,F mixolydian,"C, D#, F, G, A#",5,1.14,common_tone,False,False
F minor,F locrian,"C#, D#, F, G#, A#",5,2.64,common_tone,False,False
F minor,F harmonic_minor,"C, C#, F, G, G#, A#",6,0.57,common_tone,False,False
F minor,F melodic_minor,"C, F, G, G#, A#",5,1.14,common_tone,False,False
F minor,F# major,"C#, D#, F, G#, A#",5,2.64,common_tone,False,False
F minor,F# minor,"G#, C#",2,5.36,nearby_key,False,False
F minor,F# dorian,"G#, C#, D#",3,5.29,common_tone,False,False
F minor,F# phrygian,"C#, G",2,5.86,nearby_key,False,False
F minor,F# lydian,"C, C#, D#, F, G#, A#",6,2.07,common_tone,False,False
F minor,F# mixolydian,"G#, C#, A#, D#",4,4.71,common_tone,False,False
F minor,F# locrian,"C, G",2,5.86,nearby_key,False,False
F minor,F# harmonic_minor,"G#, C#, F",3,3.79,common_tone,False,False
F minor,F# melodic_minor,"G#, C#, D#, F",4,3.21,common_tone,False,False
F minor,G major,"C, G",2,5.86,nearby_key,False,False
F minor,G minor,"C, D#, F, G, A#",5,3.14,closely_related,False,False
F minor,G dorian,"C, A#, F, G",4,4.71,common_tone,False,False
F minor,G phrygian,"C, D#, F, G, G#, A#",6,3.57,common_tone,False,False
F minor,G lydian,"C#, G",2,7.36,nearby_key,False,False
F minor,G mixolydian,"C, F, G",3,5.29,common_tone,False,False
F minor,G locrian,"C, C#, D#, F, G, G#, A#",7,3.0,common_tone,False,False
F minor,G harmonic_minor,"C, A#, D#, G",4,4.71,common_tone,False,False
F minor,G melodic_minor,"C, A#, G",3,5.29,common_tone,False,False
F minor,G# major,"C, C#, D#, F, G, G#, A#",7,4.5,common_tone,False,False
F minor,G# minor,"G#, C#, A#, D#",4,4.71,closely_related,False,False
F minor,G# dorian,"C#, D#, F, G#, A#",5,5.64,common_tone,False,False
F minor,G# phrygian,"G#, C#, D#",3,6.79,common_tone,False,False
F minor,G# lydian,"C, D#, F, G, G#, A#",6,5.07,common_tone,False,False
F minor,G# mixolydian,"C, C#, D#, F, G#, A#",6,5.07,common_tone,False,False
F minor,G# locrian,"G#, C#",2,8.86,distant_modulation,False,False
F minor,G# harmonic_minor,"C#, D#, G, G#, A#",5,5.64,common_tone,False,False
F minor,G# melodic_minor,"C#, D#, F, G, G#, A#",6,5.07,common_tone,False,False
F minor,A major,"G#, C#",2,11.86,distant_modulation,False,False
F minor,A minor,"C, F, G",3,6.29,common_tone,False,False
F minor,A dorian,"C, G",2,10.36,distant_modulation,False,False
F minor,A phrygian,"C, A#, F, G",4,7.71,common_tone,False,False
F minor,A lydian,"G#, C#, D#",3,11.29,common_tone,False,False
F minor,A mixolydian,"C#, G",2,11.86,distant_modulation,False,False
F minor,A locrian,"C, D#, F, G, A#",5,7.14,common_tone,False,False
F minor,A harmonic_minor,"C, G#, F",3,8.29,common_tone,False,False
F minor,A melodic_minor,"C, G#",2,10.36,distant_modulation,False,False
F minor,A# major,"C, D#, F, G, A#",5,8.64,common_tone,False,False
F minor,A# minor,"C, C#, D#, F, G#, A#",6,5.57,diatonic_common_tone,False,False
F minor,A# dorian,"C, C#, D#, F, G, G#, A#",7,7.5,common_tone,False,False
F minor,A# phrygian,"C#, D#, F, G#, A#",5,8.64,common_tone,False,False
F minor,A# lydian,"C, A#, F, G",4,9.21,common_tone,False,False
F minor,A# mixolydian,"C, D#, F, G, G#, A#",6,8.07,common_tone,False,False
F minor,A# locrian,"G#, C#, A#, D#",4,10.71,common_tone,False,False
F minor,A# harmonic_minor,"C, C#, D#, F, A#",5,8.64,common_tone,False,False
F minor,A# melodic_minor,"C, C#, D#, F, G, A#",6,8.07,common_tone,False,False
F minor,B major,"G#, C#, A#, D#",4,13.71,common_tone,False,False
F minor,B minor,"C#, G",2,11.86,distant_modulation,False,False
F minor,B dorian,"G#, C#",2,14.86,distant_modulation,False,False
F minor,B phrygian,"C, G",2,13.36,distant_modulation,False,False
F minor,B lydian,"C#, D#, F, G#, A#",5,11.64,common_tone,False,False
F minor,B mixolydian,"G#, C#, D#",3,14.29,common_tone,False,False
F minor,B locrian,"C, F, G",3,11.29,common_tone,False,False
F minor,B harmonic_minor,"C#, A#, G",3,14.29,common_tone,False,False
F minor,B melodic_minor,"G#, C#, A#",3,14.29,common_tone,False,False
F dorian,C major,"C, D, F, G",4,9.21,common_tone,False,False
F dorian,C minor,"C, D, D#, F, G, G#, A#",7,7.5,common_tone,False,False
F dorian,C dorian,"C, D, D#, F, G, A#",6,5.57,diatonic_common_tone,False,False
F dorian,C phrygian,"C, D#, F, G, G#, A#",6,8.07,common_tone,False,False
F dorian,C lydian,"C, D, G",3,9.79,common_tone,False,False
F dorian,C mixolydian,"C, D, F, G, A#",5,8.64,common_tone,False,False
F dorian,C locrian,"C, D#, F, G#, A#",5,8.64,common_tone,False,False
F dorian,C harmonic_minor,"C, D, D#, F, G, G#",6,8.07,common_tone,False,False
F dorian,C melodic_minor,"C, D, D#, F, G",5,8.64,common_tone,False,False
F dorian,C# major,"C, D#, F, G#, A#",5,7.14,common_tone,False,False
F dorian,C# minor,"G#, D#",2,10.36,distant_modulation,False,False
F dorian,C# dorian,"G#, A#, D#",3,7.79,common_tone,False,False
F dorian,C# phrygian,"G#, D",2,10.36,distant_modulation,False,False
F dorian,C# lydian,"C, D#, F, G, G#, A#",6,6.57,common_tone,False,False
F dorian,C# mixolydian,"G#, A#, D#, F",4,7.71,common_tone,False,False
F dorian,C# locrian,"D, G",2,10.36,distant_modulation,False,False
F dorian,C# harmonic_minor,"C, G#, D#",3,8.29,common_tone,False,False
F dorian,C# melodic_minor,"C, G#, A#, D#",4,7.71,common_tone,False,False
F dorian,D major,"D, G",2,8.86,distant_modulation,False,False
F dorian,D minor,"C, D, F, G, A#",5,5.64,common_tone,False,False
F dorian,D dorian,"C, D, F, G",4,4.71,closely_related,False,False
F dorian,D phrygian,"C, D, D#, F, G, A#",6,5.07,common_tone,False,False
F dorian,D lydian,"G#, D",2,8.86,distant_modulation,False,False
F dorian,D mixolydian,"C, D, G",3,6.79,common_tone,False,False
F dorian,D locrian,"C, D, D#, F, G, G#, A#",7,4.5,common_tone,False,False
F dorian,D harmonic_minor,"D, A#, F, G",4,6.21,common_tone,False,False
F dorian,D melodic_minor,"D, F, G",3,6.79,common_tone,False,False
F dorian,D# major,"C, D, D#, F, G, G#, A#",7,3.0,common_tone,False,False
F dorian,D# minor,"G#, A#, D#, F",4,4.71,common_tone,False,False
F dorian,D# dorian,"C, D#, F, G#, A#",5,3.14,closely_related,False,False
F dorian,D# phrygian,"G#, A#, D#",3,5.29,common_tone,False,False
F dorian,D# lydian,"C, D, D#, F, G, A#",6,3.57,common_tone,False,False
F dorian,D# mixolydian,"C, D#, F, G, G#, A#",6,3.57,common_tone,False,False
F dorian,D# locrian,"G#, D#",2,7.36,nearby_key,False,False
F dorian,D# harmonic_minor,"D, D#, F, G#, A#",5,4.14,common_tone,False,False
F dorian,D# melodic_minor,"C, D, D#, F, G#, A#",6,3.57,common_tone,False,False
F dorian,E major,"G#, D#",2,7.36,nearby_key,False,False
F dorian,E minor,"C, D, G",3,5.29,common_tone,False,False
F dorian,E dorian,"D, G",2,6.86,nearby_key,False,False
F dorian,E phrygian,"C, D, F, G",4,3.21,common_tone,False,False
F dorian,E lydian,"G#, A#, D#",3,6.79,common_tone,False,False
F dorian,E mixolydian,"G#, D",2,7.36,nearby_key,False,False
F dorian,E locrian,"C, D, F, G, A#",5,2.64,common_tone,False,False
F dorian,E harmonic_minor,"C, D#, G",3,5.29,common_tone,False,False
F dorian,E melodic_minor,"D#, G",2,7.36,nearby_key,False,False
F dorian,F major,"C, D, F, G, A#",5,1.14,common_tone,False,False
F dorian,F minor,"C, D#, F, G, G#, A#",6,0.57,common_tone,False,False
F dorian,F phrygian,"C, D#, F, G#, A#",5,1.14,common_tone,False,False
F dorian,F lydian,"C, D, F, G",4,1.71,common_tone,False,False
F dorian,F mixolydian,"C, D, D#, F, G, A#",6,0.57,common_tone,False,False
F dorian,F locrian,"G#, A#, D#, F",4,3.21,common_tone,False,False
F dorian,F harmonic_minor,"C, F, G, G#, A#",5,1.14,common_tone,False,False
F dorian,F melodic_minor,"C, D, F, G, G#, A#",6,0.57,common_tone,False,False
F dorian,F# major,"G#, A#, D#, F",4,4.71,common_tone,False,False
F dorian,F# minor,"G#, D",2,7.36,nearby_key,False,False
F dorian,F# dorian,"G#, D#",2,6.86,nearby_key,False,False
F dorian,F# phrygian,"D, G",2,7.36,nearby_key,False,False
F dorian,F# lydian,"C, D#, F, G#, A#",5,2.64,common_tone,False,False
F dorian,F# mixolydian,"G#, A#, D#",3,6.79,common_tone,False,False
F dorian,F# locrian,"C, D, G",3,5.29,common_tone,False,False
F dorian,F# harmonic_minor,"G#, D, F",3,5.29,common_tone,False,False
F dorian,F# melodic_minor,"G#, D#, F",3,5.29,common_tone,False,False
F dorian,G major,"C, D, G",3,5.29,common_tone,False,False
F dorian,G minor,"C, D, D#, F, G, A#",6,3.57,common_tone,False,False
F dorian,G dorian,"C, D, F, G, A#",5,3.14,closely_related,False,False
F dorian,G phrygian,"C, D, D#, F, G, G#, A#",7,3.0,common_tone,False,False
F dorian,G lydian,"D, G",2,5.86,nearby_key,False,False
F dorian,G mixolydian,"C, D, F, G",4,4.71,common_tone,False,False
F dorian,G locrian,"C, D#, F, G, G#, A#",6,3.57,common_tone,False,False
F dorian,G harmonic_minor,"C, D, D#, G, A#",5,4.14,common_tone,False,False
F dorian,G melodic_minor,"C, D, A#, G",4,4.71,common_tone,False,False
F dorian,G# major,"C, D#, F, G, G#, A#",6,5.07,common_tone,False,False
F dorian,G# minor,"G#, A#, D#",3,6.79,common_tone,False,False
F dorian,G# dorian,"G#, A#, D#, F",4,4.71,closely_related,False,False
F dorian,G# phrygian,"G#, D#",2,7.36,distant_modulation,False,False
F dorian,G# lydian,"C, D, D#, F, G, G#, A#",7,4.5,common_tone,False,False
F dorian,G# mixolydian,"C, D#, F, G#, A#",5,5.64,common_tone,False,False
F dorian,G# locrian,"G#, D",2,7.36,distant_modulation,False,False
F dorian,G# harmonic_minor,"G#, A#, D#, G",4,6.21,common_tone,False,False
F dorian,G# melodic_minor,"D#, F, G, G#, A#",5,5.64,common_tone,False,False
F dorian,A major,"G#, D",2,11.86,distant_modulation,False,False
F dorian,A minor,"C, D, F, G",4,7.71,common_tone,False,False
F dorian,A dorian,"C, D, G",3,7.79,common_tone,False,False
F dorian,A phrygian,"C, D, F, G, A#",5,7.14,common_tone,False,False
F dorian,A lydian,"G#, D#",2,11.86,distant_modulation,False,False
F dorian,A mixolydian,"D, G",2,11.86,distant_modulation,False,False
F dorian,A locrian,"C, D, D#, F, G, A#",6,6.57,common_tone,False,False
F dorian,A harmonic_minor,"C, G#, D, F",4,7.71,common_tone,False,False
F dorian,A melodic_minor,"C, G#, D",3,9.79,common_tone,False,False
F dorian,A# major,"C, D, D#, F, G, A#",6,8.07,common_tone,False,False
F dorian,A# minor,"C, D#, F, G#, A#",5,8.64,common_tone,False,False
F dorian,A# dorian,"C, D#, F, G, G#, A#",6,5.57,diatonic_common_tone,False,False
F dorian,A# phrygian,"G#, A#, D#, F",4,9.21,common_tone,False,False
F dorian,A# lydian,"C, D, F, G, A#",5,8.64,common_tone,False,False
F dorian,A# mixolydian,"C, D, D#, F, G, G#, A#",7,7.5,common_tone,False,False
F dorian,A# locrian,"G#, A#, D#",3,11.29,common_tone,False,False
F dorian,A# harmonic_minor,"C, A#, D#, F",4,9.21,common_tone,False,False
F dorian,A# melodic_minor,"C, D#, F, G, A#",5,8.64,common_tone,False,False
F dorian,B major,"G#, A#, D#",3,14.29,common_tone,False,False
F dorian,B minor,"D, G",2,14.86,distant_modulation,False,False
F dorian,B dorian,"G#, D",2,11.86,distant_modulation,False,False
F dorian,B phrygian,"C, D, G",3,12.79,common_tone,False,False
F dorian,B lydian,"G#, A#, D#, F",4,12.21,common_tone,False,False
F dorian,B mixolydian,"G#, D#",2,14.86,distant_modulation,False,False
F dorian,B locrian,"C, D, F, G",4,10.71,common_tone,False,False
F dorian,B harmonic_minor,"D, A#, G",3,14.29,common_tone,False,False
F dorian,B melodic_minor,"G#, D, A#",3,14.29,common_tone,False,False
F phrygian,C major,"C, F",2,10.36,distant_modulation,False,False
F phrygian,C minor,"C, D#, F, G#, A#",5,8.64,common_tone,False,False
F phrygian,C dorian,"C, A#, D#, F",4,9.21,common_tone,False,False
F phrygian,C phrygian,"C, C#, D#, F, G#, A#",6,5.57,diatonic_common_tone,False,False
F phrygian,C lydian,"C, F#",2,11.86,distant_modulation,False,False
F phrygian,C mixolydian,"C, A#, F",3,9.79,common_tone,False,False
F phrygian,C locrian,"C, C#, D#, F, F#, G#, A#",7,7.5,common_tone,False,False
F phrygian,C harmonic_minor,"C, G#, D#, F",4,9.21,common_tone,False,False
F phrygian,C melodic_minor,"C, D#, F",3,9.79,common_tone,False,False
F phrygian,C# major,"C, C#, D#, F, F#, G#, A#",7,6.0,common_tone,False,False
F phrygian,C# minor,"G#, C#, D#, F#",4,7.71,common_tone,False,False
F phrygian,C# dorian,"C#, D#, F#, G#, A#",5,7.14,common_tone,False,False
F phrygian,C# phrygian,"G#, C#, F#",3,6.29,common_tone,False,False
F phrygian,C# lydian,"C, C#, D#, F, G#, A#",6,6.57,common_tone,False,False
F phrygian,C# mixolydian,"C#, D#, F, F#, G#, A#",6,6.57,common_tone,False,False
F phrygian,C# locrian,"C#, F#",2,10.36,distant_modulation,False,False
F phrygian,C# harmonic_minor,"C, C#, D#, F#, G#",5,7.14,common_tone,False,False
F phrygian,C# melodic_minor,"C, C#, D#, F#, G#, A#",6,6.57,common_tone,False,False
F phrygian,D major,"C#, F#",2,10.36,distant_modulation,False,False
F phrygian,D minor,"C, A#, F",3,6.79,common_tone,False,False
F phrygian,D dorian,"C, F",2,7.36,distant_modulation,False,False
F phrygian,D phrygian,"C, A#, D#, F",4,4.71,closely_related,False,False
F phrygian,D lydian,"G#, C#, F#",3,9.79,common_tone,False,False
F phrygian,D mixolydian,"C, F#",2,8.86,distant_modulation,False,False
F phrygian,D locrian,"C, D#, F, G#, A#",5,5.64,common_tone,False,False
F phrygian,D harmonic_minor,"C#, A#, F",3,8.29,common_tone,False,False
F phrygian,D melodic_minor,"C#, F",2,8.86,distant_modulation,False,False
F phrygian,D# major,"C, D#, F, G#, A#",5,4.14,common_tone,False,False
F phrygian,D# minor,"C#, D#, F, F#, G#, A#",6,3.57,common_tone,False,False
F phrygian,D# dorian,"C, C#, D#, F, F#, G#, A#",7,3.0,common_tone,False,False
F phrygian,D# phrygian,"C#, D#, F#, G#, A#",5,3.14,closely_related,False,False
F phrygian,D# lydian,"C, A#, D#, F",4,4.71,common_tone,False,False
F phrygian,D# mixolydian,"C, C#, D#, F, G#, A#",6,3.57,common_tone,False,False
F phrygian,D# locrian,"G#, C#, D#, F#",4,6.21,common_tone,False,False
F phrygian,D# harmonic_minor,"D#, F, F#, G#, A#",5,4.14,common_tone,False,False
F phrygian,D# melodic_minor,"C, D#, F, F#, G#, A#",6,3.57,common_tone,False,False
F phrygian,E major,"G#, C#, D#, F#",4,6.21,common_tone,False,False
F phrygian,E minor,"C, F#",2,5.86,nearby_key,False,False
F phrygian,E dorian,"C#, F#",2,7.36,nearby_key,False,False
F phrygian,E phrygian,"C, F",2,3.86,nearby_key,False,False
F phrygian,E lydian,"C#, D#, F#, G#, A#",5,5.64,common_tone,False,False
F phrygian,E mixolydian,"G#, C#, F#",3,6.79,common_tone,False,False
F phrygian,E locrian,"C, A#, F",3,3.79,common_tone,False,False
F phrygian,E harmonic_minor,"C, D#, F#",3,5.29,common_tone,False,False
F phrygian,E melodic_minor,"C#, D#, F#",3,6.79,common_tone,False,False
F phrygian,F major,"C, A#, F",3,2.29,common_tone,False,False
F phrygian,F minor,"C, C#, D#, F, G#, A#",6,0.57,common_tone,False,False
F phrygian,F dorian,"C, D#, F, G#, A#",5,1.14,common_tone,False,False
F phrygian,F lydian,"C, F",2,2.86,nearby_key,False,False
F phrygian,F mixolydian,"C, A#, D#, F",4,1.71,common_tone,False,False
F phrygian,F locrian,"C#, D#, F, F#, G#, A#",6,2.07,common_tone,False,False
F phrygian,F harmonic_minor,"C, C#, F, G#, A#",5,1.14,common_tone,False,False
F phrygian,F melodic_minor,"C, G#, A#, F",4,1.71,common_tone,False,False
F phrygian,F# major,"C#, D#, F, F#, G#, A#",6,2.07,common_tone,False,False
F phrygian,F# minor,"G#, C#, F#",3,3.79,common_tone,False,False
F phrygian,F# dorian,"G#, C#, D#, F#",4,3.21,common_tone,False,False
F phrygian,F# phrygian,"C#, F#",2,3.86,nearby_key,False,False
F phrygian,F# lydian,"C, C#, D#, F, F#, G#, A#",7,1.5,common_tone,False,False
F phrygian,F# mixolydian,"C#, D#, F#, G#, A#",5,2.64,common_tone,False,False
F phrygian,F# locrian,"C, F#",2,4.36,nearby_key,False,False
F phrygian,F# harmonic_minor,"G#, C#, F, F#",4,3.21,common_tone,False,False
F phrygian,F# melodic_minor,"C#, D#, F, F#, G#",5,2.64,common_tone,False,False
F phrygian,G major,"C, F#",2,7.36,nearby_key,False,False
F phrygian,G minor,"C, A#, D#, F",4,4.71,common_tone,False,False
F phrygian,G dorian,"C, A#, F",3,5.29,common_tone,False,False
F phrygian,G phrygian,"C, D#, F, G#, A#",5,3.14,closely_related,False,False
F phrygian,G lydian,"C#, F#",2,8.86,nearby_key,False,False
F phrygian,G mixolydian,"C, F",2,5.86,nearby_key,False,False
F phrygian,G locrian,"C, C#, D#, F, G#, A#",6,3.57,common_tone,False,False
F phrygian,G harmonic_minor,"C, A#, D#, F#",4,6.21,common_tone,False,False
F phrygian,G melodic_minor,"C, A#, F#",3,6.79,common_tone,False,False
F phrygian,G# major,"C, C#, D#, F, G#, A#",6,5.07,common_tone,False,False
F phrygian,G# minor,"C#, D#, F#, G#, A#",5,5.64,common_tone,False,False
F phrygian,G# dorian,"C#, D#, F, F#, G#, A#",6,5.07,common_tone,False,False
F phrygian,G# phrygian,"G#, C#, D#, F#",4,4.71,closely_related,False,False
F phrygian,G# lydian,"C, D#, F, G#, A#",5,5.64,common_tone,False,False
F phrygian,G# mixolydian,"C, C#, D#, F, F#, G#, A#",7,4.5,common_tone,False,False
F phrygian,G# locrian,"G#, C#, F#",3,8.29,common_tone,False,False
F phrygian,G# harmonic_minor,"G#, C#, A#, D#",4,6.21,common_tone,False,False
F phrygian,G# melodic_minor,"C#, D#, F, G#, A#",5,5.64,common_tone,False,False
F phrygian,A major,"G#, C#, F#",3,11.29,common_tone,False,False
F phrygian,A minor,"C, F",2,8.86,distant_modulation,False,False
F phrygian,A dorian,"C, F#",2,10.36,distant_modulation,False,False
F phrygian,A phrygian,"C, A#, F",3,6.29,common_tone,False,False
F phrygian,A lydian,"G#, C#, D#, F#",4,10.71,common_tone,False,False
F phrygian,A mixolydian,"C#, F#",2,11.86,distant_modulation,False,False
F phrygian,A locrian,"C, A#, D#, F",4,7.71,common_tone,False,False
F phrygian,A harmonic_minor,"C, G#, F",3,8.29,common_tone,False,False
F phrygian,A melodic_minor,"C, G#, F#",3,9.79,common_tone,False,False
F phrygian,A# major,"C, A#, D#, F",4,9.21,common_tone,False,False
F phrygian,A# minor,"C, C#, D#, F, F#, G#, A#",7,7.5,common_tone,False,False
F phrygian,A# dorian,"C, C#, D#, F, G#, A#",6,8.07,common_tone,False,False
F phrygian,A# phrygian,"C#, D#, F, F#, G#, A#",6,5.57,diatonic_common_tone,False,False
F phrygian,A# lydian,"C, A#, F",3,9.79,common_tone,False,False
F phrygian,A# mixolydian,"C, D#, F, G#, A#",5,8.64,common_tone,False,False
F phrygian,A# locrian,"C#, D#, F#, G#, A#",5,10.14,common_tone,False,False
F phrygian,A# harmonic_minor,"C, C#, D#, F, F#, A#",6,8.07,common_tone,False,False
F phrygian,A# melodic_minor,"C, C#, D#, F, A#",5,8.64,common_tone,False,False
F phrygian,B major,"C#, D#, F#, G#, A#",5,11.64,common_tone,False,False
F phrygian,B minor,"C#, F#",2,13.36,distant_modulation,False,False
F phrygian,B dorian,"G#, C#, F#",3,12.79,common_tone,False,False
F phrygian,B phrygian,"C, F#",2,8.86,distant_modulation,False,False
F phrygian,B lydian,"C#, D#, F, F#, G#, A#",6,9.57,common_tone,False,False
F phrygian,B mixolydian,"G#, C#, D#, F#",4,12.21,common_tone,False,False
F phrygian,B locrian,"C, F",2,11.86,distant_modulation,False,False
F phrygian,B harmonic_minor,"C#, A#, F#",3,12.79,common_tone,False,False
F phrygian,B melodic_minor,"G#, C#, A#, F#",4,12.21,common_tone,False,False
F lydian,C major,"C, D, E, F, G, A, B",7,7.5,common_tone,False,False
F lydian,C minor,"C, D, F, G",4,9.21,common_tone,False,False
F lydian,C dorian,"C, D, F, G, A",5,8.64,common_tone,False,False
F lydian,C phrygian,"C, F, G",3,9.79,common_tone,False,False
F lydian,C lydian,"C, D, E, G, A, B",6,5.57,diatonic_common_tone,False,False
F lydian,C mixolydian,"C, D, E, F, G, A",6,8.07,common_tone,False,False
F lydian,C locrian,"C, F",2,10.36,distant_modulation,False,False
F lydian,C harmonic_minor,"C, D, F, G, B",5,8.64,common_tone,False,False
F lydian,C melodic_minor,"C, D, F, G, A, B",6,8.07,common_tone,False,False
F lydian,C# major,"C, F",2,8.86,distant_modulation,False,False
F lydian,C# minor,"A, B, E",3,11.29,common_tone,False,False
F lydian,C# dorian,"B, E",2,11.86,distant_modulation,False,False
F lydian,C# phrygian,"A, D, B, E",4,10.71,common_tone,False,False
F lydian,C# lydian,"C, F, G",3,6.29,common_tone,False,False
F lydian,C# mixolydian,"B, F",2,10.36,distant_modulation,False,False
F lydian,C# locrian,"D, E, G, A, B",5,8.64,common_tone,False,False
F lydian,C# harmonic_minor,"C, A, E",3,9.79,common_tone,False,False
F lydian,C# melodic_minor,"C, E",2,10.36,distant_modulation,False,False
F lydian,D major,"D, E, G, A, B",5,5.64,common_tone,False,False
F lydian,D minor,"C, D, E, F, G, A",6,5.07,common_tone,False,False
F lydian,D dorian,"C, D, E, F, G, A, B",7,4.5,common_tone,False,False
F lydian,D phrygian,"C, D, F, G, A",5,5.64,common_tone,False,False
F lydian,D lydian,"A, D, B, E",4,4.71,closely_related,False,False
F lydian,D mixolydian,"C, D, E, G, A, B",6,5.07,common_tone,False,False
F lydian,D locrian,"C, D, F, G",4,6.21,common_tone,False,False
F lydian,D harmonic_minor,"D, E, F, G, A",5,5.64,common_tone,False,False
F lydian,D melodic_minor,"D, E, F, G, A, B",6,5.07,common_tone,False,False
F lydian,D# major,"C, D, F, G",4,4.71,common_tone,False,False
F lydian,D# minor,"B, F",2,7.36,nearby_key,False,False
F lydian,D# dorian,"C, F",2,5.86,nearby_key,False,False
F lydian,D# phrygian,"B, E",2,8.86,nearby_key,False,False
F lydian,D# lydian,"C, D, F, G, A",5,3.14,closely_related,False,False
F lydian,D# mixolydian,"C, F, G",3,5.29,common_tone,False,False
F lydian,D# locrian,"A, B, E",3,6.79,common_tone,False,False
F lydian,D# harmonic_minor,"D, B, F",3,6.79,common_tone,False,False
F lydian,D# melodic_minor,"C, D, F",3,5.29,common_tone,False,False
F lydian,E major,"A, B, E",3,3.79,common_tone,False,False
F lydian,E minor,"C, D, E, G, A, B",6,2.07,common_tone,False,False
F lydian,E dorian,"D, E, G, A, B",5,2.64,common_tone,False,False
F lydian,E phrygian,"C, D, E, F, G, A, B",7,1.5,common_tone,False,False
F lydian,E lydian,"B, E",2,3.86,nearby_key,False,False
F lydian,E mixolydian,"A, D, B, E",4,3.21,common_tone,False,False
F lydian,E locrian,"C, D, E, F, G, A",6,2.07,common_tone,False,False
F lydian,E harmonic_minor,"C, E, G, A, B",5,2.64,common_tone,False,False
F lydian,E melodic_minor,"A, B, E, G",4,3.21,common_tone,False,False
F lydian,F major,"C, D, E, F, G, A",6,0.57,common_tone,False,False
F lydian,F minor,"C, F, G",3,2.29,common_tone,False,False
F lydian,F dorian,"C, D, F, G",4,1.71,common_tone,False,False
F lydian,F phrygian,"C, F",2,2.86,nearby_key,False,False
F lydian,F mixolydian,"C, D, F, G, A",5,1.14,common_tone,False,False
F lydian,F locrian,"B, F",2,2.86,nearby_key,False,False
F lydian,F harmonic_minor,"C, E, F, G",4,1.71,common_tone,False,False
F lydian,F melodic_minor,"C, D, E, F, G",5,1.14,common_tone,False,False
F lydian,F# major,"B, F",2,5.86,nearby_key,False,False
F lydian,F# minor,"A, D, B, E",4,6.21,common_tone,False,False
F lydian,F# dorian,"A, B, E",3,6.79,common_tone,False,False
F lydian,F# phrygian,"D, E, G, A, B",5,5.64,common_tone,False,False
F lydian,F# lydian,"C, F",2,3.86,nearby_key,False,False
F lydian,F# mixolydian,"B, E",2,7.36,nearby_key,False,False
F lydian,F# locrian,"C, D, E, G, A, B",6,3.57,common_tone,False,False
F lydian,F# harmonic_minor,"A, D, B, F",4,4.71,common_tone,False,False
F lydian,F# melodic_minor,"A, B, F",3,5.29,common_tone,False,False
F lydian,G major,"C, D, E, G, A, B",6,3.57,common_tone,False,False
F lydian,G minor,"C, D, F, G, A",5,4.14,common_tone,False,False
F lydian,G dorian,"C, D, E, F, G, A",6,3.57,common_tone,False,False
F lydian,G phrygian,"C, D, F, G",4,4.71,common_tone,False,False
F lydian,G lydian,"D, E, G, A, B",5,3.14,closely_related,False,False
F lydian,G mixolydian,"C, D, E, F, G, A, B",7,3.0,common_tone,False,False
F lydian,G locrian,"C, F, G",3,5.29,common_tone,False,False
F lydian,G harmonic_minor,"C, A, D, G",4,4.71,common_tone,False,False
F lydian,G melodic_minor,"C, D, E, G, A",5,4.14,common_tone,False,False
F lydian,G# major,"C, F, G",3,6.79,common_tone,False,False
F lydian,G# minor,"B, E",2,10.36,distant_modulation,False,False
F lydian,G# dorian,"B, F",2,8.86,distant_modulation,False,False
F lydian,G# phrygian,"A, B, E",3,9.79,common_tone,False,False
F lydian,G# lydian,"C, D, F, G",4,4.71,closely_related,False,False
F lydian,G# mixolydian,"C, F",2,7.36,distant_modulation,False,False
F lydian,G# locrian,"A, D, B, E",4,7.71,common_tone,False,False
F lydian,G# harmonic_minor,"B, E, G",3,9.79,common_tone,False,False
F lydian,G# melodic_minor,"B, F, G",3,8.29,common_tone,False,False
F lydian,A major,"A, D, B, E",4,7.71,common_tone,False,False
F lydian,A minor,"C, D, E, F, G, A, B",7,6.0,common_tone,False,False
F lydian,A dorian,"C, D, E, G, A, B",6,6.57,common_tone,False,False
F lydian,A phrygian,"C, D, E, F, G, A",6,6.57,common_tone,False,False
F lydian,A lydian,"A, B, E",3,6.29,common_tone,False,False
F lydian,A mixolydian,"D, E, G, A, B",5,7.14,common_tone,False,False
F lydian,A locrian,"C, D, F, G, A",5,7.14,common_tone,False,False
F lydian,A harmonic_minor,"C, D, E, F, A, B",6,6.57,common_tone,False,False
F lydian,A melodic_minor,"C, D, E, A, B",5,7.14,common_tone,False,False
F lydian,A# major,"C, D, F, G, A",5,8.64,common_tone,False,False
F lydian,A# minor,"C, F",2,10.36,distant_modulation,False,False
F lydian,A# dorian,"C, F, G",3,9.79,common_tone,False,False
F lydian,A# phrygian,"B, F",2,11.86,distant_modulation,False,False
F lydian,A# lydian,"C, D, E, F, G, A",6,5.57,diatonic_common_tone,False,False
F lydian,A# mixolydian,"C, D, F, G",4,9.21,common_tone,False,False
F lydian,A# locrian,"B, E",2,11.86,distant_modulation,False,False
F lydian,A# harmonic_minor,"C, A, F",3,9.79,common_tone,False,False
F lydian,A# melodic_minor,"C, A, F, G",4,9.21,common_tone,False,False
F lydian,B major,"B, E",2,13.36,distant_modulation,False,False
F lydian,B minor,"D, E, G, A, B",5,11.64,common_tone,False,False
F lydian,B dorian,"A, D, B, E",4,12.21,common_tone,False,False
F lydian,B phrygian,"C, D, E, G, A, B",6,9.57,common_tone,False,False
F lydian,B lydian,"B, F",2,8.86,distant_modulation,False,False
F lydian,B mixolydian,"A, B, E",3,12.79,common_tone,False,False
F lydian,B locrian,"C, D, E, F, G, A, B",7,9.0,common_tone,False,False
F lydian,B harmonic_minor,"D, B, E, G",4,12.21,common_tone,False,False
F lydian,B melodic_minor,"D, B, E",3,12.79,common_tone,False,False
F mixolydian,C major,"C, D, F, G, A",5,8.64,common_tone,False,False
F mixolydian,C minor,"C, D, D#, F, G, A#",6,8.07,common_tone,False,False
F mixolydian,C dorian,"C, D, D#, F, G, A, A#",7,7.5,common_tone,False,False
F mixolydian,C phrygian,"C, D#, F, G, A#",5,8.64,common_tone,False,False
F mixolydian,C lydian,"C, A, D, G",4,9.21,common_tone,False,False
F mixolydian,C mixolydian,"C, D, F, G, A, A#",6,5.57,diatonic_common_tone,False,False
F mixolydian,C locrian,"C, A#, D#, F",4,9.21,common_tone,False,False
F mixolydian,C harmonic_minor,"C, D, D#, F, G",5,8.64,common_tone,False,False
F mixolydian,C melodic_minor,"C, D, D#, F, G, A",6,8.07,common_tone,False,False
F mixolydian,C# major,"C, A#, D#, F",4,7.71,common_tone,False,False
F mixolydian,C# minor,"A, D#",2,11.86,distant_modulation,False,False
F mixolydian,C# dorian,"A#, D#",2,11.86,distant_modulation,False,False
F mixolydian,C# phrygian,"A, D",2,11.86,distant_modulation,False,False
F mixolydian,C# lydian,"C, D#, F, G, A#",5,7.14,common_tone,False,False
F mixolydian,C# mixolydian,"A#, D#, F",3,7.79,common_tone,False,False
F mixolydian,C# locrian,"A, D, G",3,9.79,common_tone,False,False
F mixolydian,C# harmonic_minor,"C, A, D#",3,9.79,common_tone,False,False
F mixolydian,C# melodic_minor,"C, A#, D#",3,9.79,common_tone,False,False
F mixolydian,D major,"A, D, G",3,6.79,common_tone,False,False
F mixolydian,D minor,"C, D, F, G, A, A#",6,5.07,common_tone,False,False
F mixolydian,D dorian,"C, D, F, G, A",5,5.64,common_tone,False,False
F mixolydian,D phrygian,"C, D, D#, F, G, A, A#",7,4.5,common_tone,False,False
F mixolydian,D lydian,"A, D",2,7.36,distant_modulation,False,False
F mixolydian,D mixolydian,"C, A, D, G",4,4.71,closely_related,False,False
F mixolydian,D locrian,"C, D, D#, F, G, A#",6,5.07,common_tone,False,False
F mixolydian,D harmonic_minor,"D, F, G, A, A#",5,5.64,common_tone,False,False
F mixolydian,D melodic_minor,"A, D, F, G",4,6.21,common_tone,False,False
F mixolydian,D# major,"C, D, D#, F, G, A#",6,3.57,common_tone,False,False
F mixolydian,D# minor,"A#, D#, F",3,5.29,common_tone,False,False
F mixolydian,D# dorian,"C, A#, D#, F",4,4.71,common_tone,False,False
F mixolydian,D# phrygian,"A#, D#",2,5.86,nearby_key,False,False
F mixolydian,D# lydian,"C, D, D#, F, G, A, A#",7,3.0,common_tone,False,False
F mixolydian,D# mixolydian,"C, D#, F, G, A#",5,3.14,closely_related,False,False
F mixolydian,D# locrian,"A, D#",2,5.86,nearby_key,False,False
F mixolydian,D# harmonic_minor,"A#, D, D#, F",4,4.71,common_tone,False,False
F mixolydian,D# melodic_minor,"C, D, D#, F, A#",5,4.14,common_tone,False,False
F mixolydian,E major,"A, D#",2,7.36,nearby_key,False,False
F mixolydian,E minor,"C, A, D, G",4,4.71,common_tone,False,False
F mixolydian,E dorian,"A, D, G",3,6.79,common_tone,False,False
F mixolydian,E phrygian,"C, D, F, G, A",5,2.64,common_tone,False,False
F mixolydian,E lydian,"A#, D#",2,7.36,nearby_key,False,False
F mixolydian,E mixolydian,"A, D",2,6.86,nearby_key,False,False
F mixolydian,E locrian,"C, D, F, G, A, A#",6,2.07,common_tone,False,False
F mixolydian,E harmonic_minor,"C, A, D#, G",4,4.71,common_tone,False,False
F mixolydian,E melodic_minor,"A, D#, G",3,6.79,common_tone,False,False
F mixolydian,F major,"C, D, F, G, A, A#",6,0.57,common_tone,False,False
F mixolydian,F minor,"C, D#, F, G, A#",5,1.14,common_tone,False,False
F mixolydian,F dorian,"C, D, D#, F, G, A#",6,0.57,common_tone,False,False
F mixolydian,F phrygian,"C, A#, D#, F",4,1.71,common_tone,False,False
F mixolydian,F lydian,"C, D, F, G, A",5,1.14,common_tone,False,False
F mixolydian,F locrian,"A#, D#, F",3,3.79,common_tone,False,False
F mixolydian,F harmonic_minor,"C, A#, F, G",4,1.71,common_tone,False,False
F mixolydian,F melodic_minor,"C, D, F, G, A#",5,1.14,common_tone,False,False
F mixolydian,F# major,"A#, D#, F",3,5.29,common_tone,False,False
F mixolydian,F# minor,"A, D",2,7.36,nearby_key,False,False
F mixolydian,F# dorian,"A, D#",2,7.36,nearby_key,False,False
F mixolydian,F# phrygian,"A, D, G",3,6.79,common_tone,False,False
F mixolydian,F# lydian,"C, A#, D#, F",4,3.21,common_tone,False,False
F mixolydian,F# mixolydian,"A#, D#",2,6.86,nearby_key,False,False
F mixolydian,F# locrian,"C, A, D, G",4,4.71,common_tone,False,False
F mixolydian,F# harmonic_minor,"A, D, F",3,5.29,common_tone,False,False
F mixolydian,F# melodic_minor,"A, D#, F",3,5.29,common_tone,False,False
F mixolydian,G major,"C, A, D, G",4,4.71,common_tone,False,False
F mixolydian,G minor,"C, D, D#, F, G, A, A#",7,3.0,common_tone,False,False
F mixolydian,G dorian,"C, D, F, G, A, A#",6,3.57,common_tone,False,False
F mixolydian,G phrygian,"C, D, D#, F, G, A#",6,3.57,common_tone,False,False
F mixolydian,G lydian,"A, D, G",3,5.29,common_tone,False,False
F mixolydian,G mixolydian,"C, D, F, G, A",5,3.14,closely_related,False,False
F mixolydian,G locrian,"C, D#, F, G, A#",5,4.14,common_tone,False,False
F mixolydian,G harmonic_minor,"C, D, D#, G, A, A#",6,3.57,common_tone,False,False
F mixolydian,G melodic_minor,"C, D, G, A, A#",5,4.14,common_tone,False,False
F mixolydian,G# major,"C, D#, F, G, A#",5,5.64,common_tone,False,False
F mixolydian,G# minor,"A#, D#",2,8.86,distant_modulation,False,False
F mixolydian,G# dorian,"A#, D#, F",3,6.79,common_tone,False,False
F mixolydian,G# phrygian,"A, D#",2,8.86,distant_modulation,False,False
F mixolydian,G# lydian,"C, D, D#, F, G, A#",6,5.07,common_tone,False,False
F mixolydian,G# mixolydian,"C, A#, D#, F",4,4.71,closely_related,False,False
F mixolydian,G# locrian,"A, D",2,8.86,distant_modulation,False,False
F mixolydian,G# harmonic_minor,"A#, D#, G",3,8.29,common_tone,False,False
F mixolydian,G# melodic_minor,"A#, D#, F, G",4,6.21,common_tone,False,False
F mixolydian,A major,"A, D",2,10.36,distant_modulation,False,False
F mixolydian,A minor,"C, D, F, G, A",5,7.14,common_tone,False,False
F mixolydian,A dorian,"C, A, D, G",4,7.71,common_tone,False,False
F mixolydian,A phrygian,"C, D, F, G, A, A#",6,6.57,common_tone,False,False
F mixolydian,A lydian,"A, D#",2,10.36,distant_modulation,False,False
F mixolydian,A mixolydian,"A, D, G",3,7.79,common_tone,False,False
F mixolydian,A locrian,"C, D, D#, F, G, A, A#",7,6.0,common_tone,False,False
F mixolydian,A harmonic_minor,"C, A, D, F",4,7.71,common_tone,False,False
F mixolydian,A melodic_minor,"C, A, D",3,8.29,common_tone,False,False
F mixolydian,A# major,"C, D, D#, F, G, A, A#",7,7.5,common_tone,False,False
F mixolydian,A# minor,"C, A#, D#, F",4,9.21,common_tone,False,False
F mixolydian,A# dorian,"C, D#, F, G, A#",5,8.64,common_tone,False,False
F mixolydian,A# phrygian,"A#, D#, F",3,9.79,common_tone,False,False
F mixolydian,A# lydian,"C, D, F, G, A, A#",6,8.07,common_tone,False,False
F mixolydian,A# mixolydian,"C, D, D#, F, G, A#",6,5.57,diatonic_common_tone,False,False
F mixolydian,A# locrian,"A#, D#",2,11.86,distant_modulation,False,False
F mixolydian,A# harmonic_minor,"C, D#, F, A, A#",5,8.64,common_tone,False,False
F mixolydian,A# melodic_minor,"C, D#, F, G, A, A#",6,8.07,common_tone,False,False
F mixolydian,B major,"A#, D#",2,14.86,distant_modulation,False,False
F mixolydian,B minor,"A, D, G",3,14.29,common_tone,False,False
F mixolydian,B dorian,"A, D",2,14.86,distant_modulation,False,False
F mixolydian,B phrygian,"C, A, D, G",4,12.21,common_tone,False,False
F mixolydian,B lydian,"A#, D#, F",3,12.79,common_tone,False,False
F mixolydian,B mixolydian,"A, D#",2,11.86,distant_modulation,False,False
F mixolydian,B locrian,"C, D, F, G, A",5,10.14,common_tone,False,False
F mixolydian,B harmonic_minor,"D, A#, G",3,14.29,common_tone,False,False
F mixolydian,B melodic_minor,"D, A#",2,14.86,distant_modulation,False,False
F locrian,C major,"B, F",2,10.36,distant_modulation,False,False
F locrian,C minor,"G#, A#, D#, F",4,10.71,common_tone,False,False
F locrian,C dorian,"A#, D#, F",3,11.29,common_tone,False,False
F locrian,C phrygian,"C#, D#, F, G#, A#",5,10.14,common_tone,False,False
F locrian,C lydian,"B, F#",2,11.86,distant_modulation,False,False
F locrian,C mixolydian,"A#, F",2,11.86,distant_modulation,False,False
F locrian,C locrian,"C#, D#, F, F#, G#, A#",6,5.57,diatonic_common_tone,False,False
F locrian,C harmonic_minor,"G#, B, D#, F",4,9.21,common_tone,False,False
F locrian,C melodic_minor,"B, D#, F",3,9.79,common_tone,False,False
F locrian,C# major,"C#, D#, F, F#, G#, A#",6,6.57,common_tone,False,False
F locrian,C# minor,"C#, D#, F#, G#, B",5,7.14,common_tone,False,False
F locrian,C# dorian,"C#, D#, F#, G#, A#, B",6,6.57,common_tone,False,False
F locrian,C# phrygian,"G#, C#, B, F#",4,7.71,common_tone,False,False
F locrian,C# lydian,"C#, D#, F, G#, A#",5,7.14,common_tone,False,False
F locrian,C# mixolydian,"C#, D#, F, F#, G#, A#, B",7,6.0,common_tone,False,False
F locrian,C# locrian,"C#, B, F#",3,6.29,common_tone,False,False
F locrian,C# harmonic_minor,"G#, C#, D#, F#",4,7.71,common_tone,False,False
F locrian,C# melodic_minor,"C#, D#, F#, G#, A#",5,7.14,common_tone,False,False
F locrian,D major,"C#, B, F#",3,8.29,common_tone,False,False
F locrian,D minor,"A#, F",2,8.86,distant_modulation,False,False
F locrian,D dorian,"B, F",2,7.36,distant_modulation,False,False
F locrian,D phrygian,"A#, D#, F",3,8.29,common_tone,False,False
F locrian,D lydian,"G#, C#, B, F#",4,7.71,common_tone,False,False
F locrian,D mixolydian,"B, F#",2,8.86,distant_modulation,False,False
F locrian,D locrian,"G#, A#, D#, F",4,4.71,closely_related,False,False
F locrian,D harmonic_minor,"C#, A#, F",3,8.29,common_tone,False,False
F locrian,D melodic_minor,"C#, B, F",3,6.79,common_tone,False,False
F locrian,D# major,"G#, A#, D#, F",4,4.71,common_tone,False,False
F locrian,D# minor,"C#, D#, F, F#, G#, A#, B",7,3.0,common_tone,False,False
F locrian,D# dorian,"C#, D#, F, F#, G#, A#",6,3.57,common_tone,False,False
F locrian,D# phrygian,"C#, D#, F#, G#, A#, B",6,3.57,common_tone,False,False
F locrian,D# lydian,"A#, D#, F",3,5.29,common_tone,False,False
F locrian,D# mixolydian,"C#, D#, F, G#, A#",5,4.14,common_tone,False,False
F locrian,D# locrian,"C#, D#, F#, G#, B",5,3.14,closely_related,False,False
F locrian,D# harmonic_minor,"D#, F, F#, G#, A#, B",6,3.57,common_tone,False,False
F locrian,D# melodic_minor,"D#, F, F#, G#, A#",5,4.14,common_tone,False,False
F locrian,E major,"C#, D#, F#, G#, B",5,4.14,common_tone,False,False
F locrian,E minor,"B, F#",2,5.86,nearby_key,False,False
F locrian,E dorian,"C#, B, F#",3,5.29,common_tone,False,False
F locrian,E phrygian,"B, F",2,4.36,nearby_key,False,False
F locrian,E lydian,"C#, D#, F#, G#, A#, B",6,3.57,common_tone,False,False
F locrian,E mixolydian,"G#, C#, B, F#",4,4.71,common_tone,False,False
F locrian,E locrian,"A#, F",2,3.86,nearby_key,False,False
F locrian,E harmonic_minor,"B, D#, F#",3,5.29,common_tone,False,False
F locrian,E melodic_minor,"B, C#, D#, F#",4,4.71,common_tone,False,False
F locrian,F major,"A#, F",2,4.36,nearby_key,False,False
F locrian,F minor,"C#, D#, F, G#, A#",5,2.64,common_tone,False,False
F locrian,F dorian,"G#, A#, D#, F",4,3.21,common_tone,False,False
F locrian,F phrygian,"C#, D#, F, F#, G#, A#",6,2.07,common_tone,False,False
F locrian,F lydian,"B, F",2,2.86,nearby_key,False,False
F locrian,F mixolydian,"A#, D#, F",3,3.79,common_tone,False,False
F locrian,F harmonic_minor,"G#, C#, A#, F",4,3.21,common_tone,False,False
F locrian,F melodic_minor,"G#, A#, F",3,3.79,common_tone,False,False
F locrian,F# major,"C#, D#, F, F#, G#, A#, B",7,1.5,common_tone,False,False
F locrian,F# minor,"G#, C#, B, F#",4,3.21,common_tone,False,False
F locrian,F# dorian,"C#, D#, F#, G#, B",5,2.64,common_tone,False,False
F locrian,F# phrygian,"C#, B, F#",3,3.79,common_tone,False,False
F locrian,F# lydian,"C#, D#, F, F#, G#, A#",6,2.07,common_tone,False,False
F locrian,F# mixolydian,"C#, D#, F#, G#, A#, B",6,2.07,common_tone,False,False
F locrian,F# locrian,"B, F#",2,3.86,nearby_key,False,False
F locrian,F# harmonic_minor,"C#, F, F#, G#, B",5,2.64,common_tone,False,False
F locrian,F# melodic_minor,"C#, D#, F, F#, G#, B",6,2.07,common_tone,False,False
F locrian,G major,"B, F#",2,7.36,nearby_key,False,False
F locrian,G minor,"A#, D#, F",3,6.79,common_tone,False,False
F locrian,G dorian,"A#, F",2,7.36,nearby_key,False,False
F locrian,G phrygian,"G#, A#, D#, F",4,6.21,common_tone,False,False
F locrian,G lydian,"C#, B, F#",3,6.79,common_tone,False,False
F locrian,G mixolydian,"B, F",2,5.86,nearby_key,False,False
F locrian,G locrian,"C#, D#, F, G#, A#",5,3.14,closely_related,False,False
F locrian,G harmonic_minor,"A#, D#, F#",3,8.29,common_tone,False,False
F locrian,G melodic_minor,"A#, F#",2,8.86,nearby_key,False,False
F locrian,G# major,"C#, D#, F, G#, A#",5,5.64,common_tone,False,False
F locrian,G# minor,"C#, D#, F#, G#, A#, B",6,5.07,common_tone,False,False
F locrian,G# dorian,"C#, D#, F, F#, G#, A#, B",7,4.5,common_tone,False,False
F locrian,G# phrygian,"C#, D#, F#, G#, B",5,5.64,common_tone,False,False
F locrian,G# lydian,"G#, A#, D#, F",4,6.21,common_tone,False,False
F locrian,G# mixolydian,"C#, D#, F, F#, G#, A#",6,5.07,common_tone,False,False
F locrian,G# locrian,"G#, C#, B, F#",4,4.71,closely_related,False,False
F locrian,G# harmonic_minor,"C#, D#, G#, A#, B",5,5.64,common_tone,False,False
F locrian,G# melodic_minor,"C#, D#, F, G#, A#, B",6,5.07,common_tone,False,False
F locrian,A major,"G#, C#, B, F#",4,9.21,common_tone,False,False
F locrian,A minor,"B, F",2,8.86,distant_modulation,False,False
F locrian,A dorian,"B, F#",2,10.36,distant_modulation,False,False
F locrian,A phrygian,"A#, F",2,10.36,distant_modulation,False,False
F locrian,A lydian,"C#, D#, F#, G#, B",5,8.64,common_tone,False,False
F locrian,A mixolydian,"C#, B, F#",3,9.79,common_tone,False,False
F locrian,A locrian,"A#, D#, F",3,6.29,common_tone,False,False
F locrian,A harmonic_minor,"G#, B, F",3,8.29,common_tone,False,False
F locrian,A melodic_minor,"G#, B, F#",3,9.79,common_tone,False,False
F locrian,A# major,"A#, D#, F",3,9.79,common_tone,False,False
F locrian,A# minor,"C#, D#, F, F#, G#, A#",6,8.07,common_tone,False,False
F locrian,A# dorian,"C#, D#, F, G#, A#",5,8.64,common_tone,False,False
F locrian,A# phrygian,"C#, D#, F, F#, G#, A#, B",7,7.5,common_tone,False,False
F locrian,A# lydian,"A#, F",2,10.36,distant_modulation,False,False
F locrian,A# mixolydian,"G#, A#, D#, F",4,9.21,common_tone,False,False
F locrian,A# locrian,"C#, D#, F#, G#, A#, B",6,5.57,diatonic_common_tone,False,False
F locrian,A# harmonic_minor,"C#, D#, F, F#, A#",5,8.64,common_tone,False,False
F locrian,A# melodic_minor,"C#, A#, D#, F",4,9.21,common_tone,False,False
F locrian,B major,"C#, D#, F#, G#, A#, B",6,9.57,common_tone,False,False
F locrian,B minor,"C#, B, F#",3,11.29,common_tone,False,False
F locrian,B dorian,"G#, C#, B, F#",4,10.71,common_tone,False,False
F locrian,B phrygian,"B, F#",2,11.86,distant_modulation,False,False
F locrian,B lydian,"C#, D#, F, F#, G#, A#, B",7,9.0,common_tone,False,False
F locrian,B mixolydian,"C#, D#, F#, G#, B",5,10.14,common_tone,False,False
F locrian,B locrian,"B, F",2,8.86,distant_modulation,False,False
F locrian,B harmonic_minor,"C#, A#, B, F#",4,10.71,common_tone,False,False
F locrian,B melodic_minor,"C#, F#, G#, A#, B",5,10.14,common_tone,False,False
F harmonic_minor,C major,"C, E, F, G",4,9.21,common_tone,False,False
F harmonic_minor,C minor,"C, F, G, G#, A#",5,8.64,common_tone,False,False
F harmonic_minor,C dorian,"C, A#, F, G",4,9.21,common_tone,False,False
F harmonic_minor,C phrygian,"C, C#, F, G, G#, A#",6,8.07,common_tone,False,False
F harmonic_minor,C lydian,"C, E, G",3,9.79,common_tone,False,False
F harmonic_minor,C mixolydian,"C, E, F, G, A#",5,8.64,common_tone,False,False
F harmonic_minor,C locrian,"C, C#, F, G#, A#",5,8.64,common_tone,False,False
F harmonic_minor,C harmonic_minor,"C, G#, F, G",4,6.71,closely_related,False,False
F harmonic_minor,C melodic_minor,"C, F, G",3,9.79,common_tone,False,False
F harmonic_minor,C# major,"C, C#, F, G#, A#",5,7.14,common_tone,False,False
F harmonic_minor,C# minor,"G#, C#, E",3,8.29,common_tone,False,False
F harmonic_minor,C# dorian,"G#, C#, A#, E",4,7.71,common_tone,False,False
F harmonic_minor,C# phrygian,"G#, C#, E",3,8.29,common_tone,False,False
F harmonic_minor,C# lydian,"C, C#, F, G, G#, A#",6,6.57,common_tone,False,False
F harmonic_minor,C# mixolydian,"G#, C#, A#, F",4,7.71,common_tone,False,False
F harmonic_minor,C# locrian,"C#, E, G",3,8.29,common_tone,False,False
F harmonic_minor,C# harmonic_minor,"C, C#, E, G#",4,5.71,closely_related,False,False
F harmonic_minor,C# melodic_minor,"C, C#, E, G#, A#",5,7.14,common_tone,False,False
F harmonic_minor,D major,"C#, E, G",3,9.79,common_tone,False,False
F harmonic_minor,D minor,"C, E, F, G, A#",5,5.64,common_tone,False,False
F harmonic_minor,D dorian,"C, E, F, G",4,6.21,common_tone,False,False
F harmonic_minor,D phrygian,"C, A#, F, G",4,6.21,common_tone,False,False
F harmonic_minor,D lydian,"G#, C#, E",3,9.79,common_tone,False,False
F harmonic_minor,D mixolydian,"C, E, G",3,8.29,common_tone,False,False
F harmonic_minor,D locrian,"C, F, G, G#, A#",5,5.64,common_tone,False,False
F harmonic_minor,D harmonic_minor,"C#, E, F, G, A#",5,5.64,closely_related,False,False
F harmonic_minor,D melodic_minor,"C#, E, F, G",4,7.71,common_tone,False,False
F harmonic_minor,D# major,"C, F, G, G#, A#",5,4.14,common_tone,False,False
F harmonic_minor,D# minor,"G#, C#, A#, F",4,4.71,common_tone,False,False
F harmonic_minor,D# dorian,"C, C#, F, G#, A#",5,4.14,common_tone,False,False
F harmonic_minor,D# phrygian,"G#, C#, A#, E",4,6.21,common_tone,False,False
F harmonic_minor,D# lydian,"C, A#, F, G",4,4.71,common_tone,False,False
F harmonic_minor,D# mixolydian,"C, C#, F, G, G#, A#",6,3.57,common_tone,False,False
F harmonic_minor,D# locrian,"G#, C#, E",3,8.29,common_tone,False,False
F harmonic_minor,D# harmonic_minor,"G#, A#, F",3,4.29,common_tone,False,False
F harmonic_minor,D# melodic_minor,"C, G#, A#, F",4,4.71,common_tone,False,False
F harmonic_minor,E major,"G#, C#, E",3,5.29,common_tone,False,False
F harmonic_minor,E minor,"C, E, G",3,3.79,common_tone,False,False
F harmonic_minor,E dorian,"C#, E, G",3,5.29,common_tone,False,False
F harmonic_minor,E phrygian,"C, E, F, G",4,3.21,common_tone,False,False
F harmonic_minor,E lydian,"G#, C#, A#, E",4,4.71,common_tone,False,False
F harmonic_minor,E mixolydian,"G#, C#, E",3,5.29,common_tone,False,False
F harmonic_minor,E locrian,"C, E, F, G, A#",5,2.64,common_tone,False,False
F harmonic_minor,E harmonic_minor,"C, E, G",3,3.29,common_tone,False,False
F harmonic_minor,E melodic_minor,"C#, E, G",3,5.29,common_tone,False,False
F harmonic_minor,F major,"C, E, F, G, A#",5,1.14,common_tone,False,False
F harmonic_minor,F minor,"C, C#, F, G, G#, A#",6,0.57,common_tone,False,False
F harmonic_minor,F dorian,"C, F, G, G#, A#",5,1.14,common_tone,False,False
F harmonic_minor,F phrygian,"C, C#, F, G#, A#",5,1.14,common_tone,False,False
F harmonic_minor,F lydian,"C, E, F, G",4,1.71,common_tone,False,False
F harmonic_minor,F mixolydian,"C, A#, F, G",4,1.71,common_tone,False,False
F harmonic_minor,F locrian,"G#, C#, A#, F",4,3.21,common_tone,False,False
F harmonic_minor,F melodic_minor,"C, E, F, G, G#, A#",6,0.57,common_tone,False,False
F harmonic_minor,F# major,"G#, C#, A#, F",4,3.21,common_tone,False,False
F harmonic_minor,F# minor,"G#, C#, E",3,5.29,common_tone,False,False
F harmonic_minor,F# dorian,"G#, C#, E",3,5.29,common_tone,False,False
F harmonic_minor,F# phrygian,"C#, E, G",3,5.29,common_tone,False,False
F harmonic_minor,F# lydian,"C, C#, F, G#, A#",5,2.64,common_tone,False,False
F harmonic_minor,F# mixolydian,"G#, C#, A#, E",4,4.71,common_tone,False,False
F harmonic_minor,F# locrian,"C, E, G",3,5.29,common_tone,False,False
F harmonic_minor,F# harmonic_minor,"G#, C#, F",3,3.29,common_tone,False,False
F harmonic_minor,F# melodic_minor,"G#, C#, F",3,3.79,common_tone,False,False
F harmonic_minor,G major,"C, E, G",3,5.29,common_tone,False,False
F harmonic_minor,G minor,"C, A#, F, G",4,4.71,common_tone,False,False
F harmonic_minor,G dorian,"C, E, F, G, A#",5,4.14,common_tone,False,False
F harmonic_minor,G phrygian,"C, F, G, G#, A#",5,4.14,common_tone,False,False
F harmonic_minor,G lydian,"C#, E, G",3,6.79,common_tone,False,False
F harmonic_minor,G mixolydian,"C, E, F, G",4,4.71,common_tone,False,False
F harmonic_minor,G locrian,"C, C#, F, G, G#, A#",6,3.57,common_tone,False,False
F harmonic_minor,G harmonic_minor,"C, A#, G",3,4.29,common_tone,False,False
F harmonic_minor,G melodic_minor,"C, A#, E, G",4,4.71,common_tone,False,False
F harmonic_minor,G# major,"C, C#, F, G, G#, A#",6,5.07,common_tone,False,False
F harmonic_minor,G# minor,"G#, C#, A#, E",4,7.71,common_tone,False,False
F harmonic_minor,G# dorian,"G#, C#, A#, F",4,6.21,common_tone,False,False
F harmonic_minor,G# phrygian,"G#, C#, E",3,8.29,common_tone,False,False
F harmonic_minor,G# lydian,"C, F, G, G#, A#",5,5.64,common_tone,False,False
F harmonic_minor,G# mixolydian,"C, C#, F, G#, A#",5,5.64,common_tone,False,False
F harmonic_minor,G# locrian,"G#, C#, E",3,8.29,common_tone,False,False
F harmonic_minor,G# harmonic_minor,"C#, E, G, G#, A#",5,5.64,closely_related,False,False
F harmonic_minor,G# melodic_minor,"C#, F, G, G#, A#",5,5.64,common_tone,False,False
F harmonic_minor,A major,"G#, C#, E",3,9.79,common_tone,False,False
F harmonic_minor,A minor,"C, E, F, G",4,7.71,common_tone,False,False
F harmonic_minor,A dorian,"C, E, G",3,8.29,common_tone,False,False
F harmonic_minor,A phrygian,"C, E, F, G, A#",5,7.14,common_tone,False,False
F harmonic_minor,A lydian,"G#, C#, E",3,9.79,common_tone,False,False
F harmonic_minor,A mixolydian,"C#, E, G",3,9.79,common_tone,False,False
F harmonic_minor,A locrian,"C, A#, F, G",4,7.71,common_tone,False,False
F harmonic_minor,A harmonic_minor,"C, G#, E, F",4,5.71,closely_related,False,False
F harmonic_minor,A melodic_minor,"C, G#, E",3,8.29,common_tone,False,False
F harmonic_minor,A# major,"C, A#, F, G",4,9.21,common_tone,False,False
F harmonic_minor,A# minor,"C, C#, F, G#, A#",5,8.64,common_tone,False,False
F harmonic_minor,A# dorian,"C, C#, F, G, G#, A#",6,8.07,common_tone,False,False
F harmonic_minor,A# phrygian,"G#, C#, A#, F",4,9.21,common_tone,False,False
F harmonic_minor,A# lydian,"C, E, F, G, A#",5,8.64,common_tone,False,False
F harmonic_minor,A# mixolydian,"C, F, G, G#, A#",5,8.64,common_tone,False,False
F harmonic_minor,A# locrian,"G#, C#, A#, E",4,9.21,common_tone,False,False
F harmonic_minor,A# harmonic_minor,"C, C#, A#, F",4,6.71,closely_related,False,False
F harmonic_minor,A# melodic_minor,"C, C#, F, G, A#",5,8.64,common_tone,False,False
F harmonic_minor,B major,"G#, C#, A#, E",4,13.71,common_tone,False,False
F harmonic_minor,B minor,"C#, E, G",3,14.29,common_tone,False,False
F harmonic_minor,B dorian,"G#, C#, E",3,14.29,common_tone,False,False
F harmonic_minor,B phrygian,"C, E, G",3,12.79,common_tone,False,False
F harmonic_minor,B lydian,"G#, C#, A#, F",4,12.21,common_tone,False,False
F harmonic_minor,B mixolydian,"G#, C#, E",3,14.29,common_tone,False,False
F harmonic_minor,B locrian,"C, E, F, G",4,10.71,common_tone,False,False
F harmonic_minor,B harmonic_minor,"C#, A#, E, G",4,10.71,closely_related,False,False
F harmonic_minor,B melodic_minor,"G#, C#, A#, E",4,13.71,common_tone,False,False
F melodic_minor,C major,"C, D, E, F, G",5,8.64,common_tone,False,False
F melodic_minor,C minor,"C, D, F, G, G#, A#",6,8.07,common_tone,False,False
F melodic_minor,C dorian,"C, D, F, G, A#",5,8.64,common_tone,False,False
F melodic_minor,C phrygian,"C, F, G, G#, A#",5,8.64,common_tone,False,False
F melodic_minor,C lydian,"C, D, E, G",4,9.21,common_tone,False,False
F melodic_minor,C mixolydian,"C, D, E, F, G, A#",6,8.07,common_tone,False,False
F melodic_minor,C locrian,"C, G#, A#, F",4,9.21,common_tone,False,False
F melodic_minor,C harmonic_minor,"C, D, F, G, G#",5,8.64,common_tone,False,False
F melodic_minor,C melodic_minor,"C, D, F, G",4,6.71,closely_related,False,False
F melodic_minor,C# major,"C, G#, A#, F",4,7.71,common_tone,False,False
F melodic_minor,C# minor,"G#, E",2,10.36,distant_modulation,False,False
F melodic_minor,C# dorian,"G#, A#, E",3,9.79,common_tone,False,False
F melodic_minor,C# phrygian,"G#, D, E",3,9.79,common_tone,False,False
F melodic_minor,C# lydian,"C, F, G, G#, A#",5,7.14,common_tone,False,False
F melodic_minor,C# mixolydian,"G#, A#, F",3,8.29,common_tone,False,False
F melodic_minor,C# locrian,"D, E, G",3,9.79,common_tone,False,False
F melodic_minor,C# harmonic_minor,"C, G#, E",3,8.29,common_tone,False,False
F melodic_minor,C# melodic_minor,"C, G#, A#, E",4,5.71,closely_related,False,False
F melodic_minor,D major,"D, E, G",3,8.29,common_tone,False,False
F melodic_minor,D minor,"C, D, E, F, G, A#",6,5.07,common_tone,False,False
F melodic_minor,D dorian,"C, D, E, F, G",5,5.64,common_tone,False,False
F melodic_minor,D phrygian,"C, D, F, G, A#",5,5.64,common_tone,False,False
F melodic_minor,D lydian,"G#, D, E",3,8.29,common_tone,False,False
F melodic_minor,D mixolydian,"C, D, E, G",4,6.21,common_tone,False,False
F melodic_minor,D locrian,"C, D, F, G, G#, A#",6,5.07,common_tone,False,False
F melodic_minor,D harmonic_minor,"D, E, F, G, A#",5,5.64,common_tone,False,False
F melodic_minor,D melodic_minor,"D, E, F, G",4,4.71,closely_related,False,False
F melodic_minor,D# major,"C, D, F, G, G#, A#",6,3.57,common_tone,False,False
F melodic_minor,D# minor,"G#, A#, F",3,5.29,common_tone,False,False
F melodic_minor,D# dorian,"C, G#, A#, F",4,4.71,common_tone,False,False
F melodic_minor,D# phrygian,"G#, A#, E",3,6.79,common_tone,False,False
F melodic_minor,D# lydian,"C, D, F, G, A#",5,4.14,common_tone,False,False
F melodic_minor,D# mixolydian,"C, F, G, G#, A#",5,4.14,common_tone,False,False
F melodic_minor,D# locrian,"G#, E",2,8.86,nearby_key,False,False
F melodic_minor,D# harmonic_minor,"G#, D, A#, F",4,4.71,common_tone,False,False
F melodic_minor,D# melodic_minor,"C, D, F, G#, A#",5,3.14,closely_related,False,False
F melodic_minor,E major,"G#, E",2,5.86,nearby_key,False,False
F melodic_minor,E minor,"C, D, E, G",4,3.21,common_tone,False,False
F melodic_minor,E dorian,"D, E, G",3,5.29,common_tone,False,False
F melodic_minor,E phrygian,"C, D, E, F, G",5,2.64,common_tone,False,False
F melodic_minor,E lydian,"G#, A#, E",3,5.29,common_tone,False,False
F melodic_minor,E mixolydian,"G#, D, E",3,5.29,common_tone,False,False
F melodic_minor,E locrian,"C, D, E, F, G, A#",6,2.07,common_tone,False,False
F melodic_minor,E harmonic_minor,"C, E, G",3,3.79,common_tone,False,False
F melodic_minor,E melodic_minor,"E, G",2,5.36,nearby_key,False,False
F melodic_minor,F major,"C, D, E, F, G, A#",6,0.57,common_tone,False,False
F melodic_minor,F minor,"C, F, G, G#, A#",5,1.14,common_tone,False,False
F melodic_minor,F dorian,"C, D, F, G, G#, A#",6,0.57,common_tone,False,False
F melodic_minor,F phrygian,"C, G#, A#, F",4,1.71,common_tone,False,False
F melodic_minor,F lydian,"C, D, E, F, G",5,1.14,common_tone,False,False
F melodic_minor,F mixolydian,"C, D, F, G, A#",5,1.14,common_tone,False,False
F melodic_minor,F locrian,"G#, A#, F",3,3.79,common_tone,False,False
F melodic_minor,F harmonic_minor,"C, E, F, G, G#, A#",6,0.57,common_tone,False,False
F melodic_minor,F# major,"G#, A#, F",3,5.29,common_tone,False,False
F melodic_minor,F# minor,"G#, D, E",3,6.79,common_tone,False,False
F melodic_minor,F# dorian,"G#, E",2,7.36,nearby_key,False,False
F melodic_minor,F# phrygian,"D, E, G",3,6.79,common_tone,False,False
F melodic_minor,F# lydian,"C, G#, A#, F",4,3.21,common_tone,False,False
F melodic_minor,F# mixolydian,"G#, A#, E",3,6.79,common_tone,False,False
F melodic_minor,F# locrian,"C, D, E, G",4,4.71,common_tone,False,False
F melodic_minor,F# harmonic_minor,"G#, D, F",3,5.29,common_tone,False,False
F melodic_minor,F# melodic_minor,"G#, F",2,5.36,nearby_key,False,False
F melodic_minor,G major,"C, D, E, G",4,4.71,common_tone,False,False
F melodic_minor,G minor,"C, D, F, G, A#",5,4.14,common_tone,False,False
F melodic_minor,G dorian,"C, D, E, F, G, A#",6,3.57,common_tone,False,False
F melodic_minor,G phrygian,"C, D, F, G, G#, A#",6,3.57,common_tone,False,False
F melodic_minor,G lydian,"D, E, G",3,5.29,common_tone,False,False
F melodic_minor,G mixolydian,"C, D, E, F, G",5,4.14,common_tone,False,False
F melodic_minor,G locrian,"C, F, G, G#, A#",5,4.14,common_tone,False,False
F melodic_minor,G harmonic_minor,"C, D, A#, G",4,4.71,common_tone,False,False
F melodic_minor,G melodic_minor,"C, D, E, G, A#",5,3.14,closely_related,False,False
F melodic_minor,G# major,"C, F, G, G#, A#",5,5.64,common_tone,False,False
F melodic_minor,G# minor,"G#, A#, E",3,8.29,common_tone,False,False
F melodic_minor,G# dorian,"G#, A#, F",3,6.79,common_tone,False,False
F melodic_minor,G# phrygian,"G#, E",2,8.86,distant_modulation,False,False
F melodic_minor,G# lydian,"C, D, F, G, G#, A#",6,5.07,common_tone,False,False
F melodic_minor,G# mixolydian,"C, G#, A#, F",4,6.21,common_tone,False,False
F melodic_minor,G# locrian,"G#, D, E",3,6.79,common_tone,False,False
F melodic_minor,G# harmonic_minor,"G#, A#, E, G",4,7.71,common_tone,False,False
F melodic_minor,G# melodic_minor,"G#, A#, F, G",4,4.71,closely_related,False,False
F melodic_minor,A major,"G#, D, E",3,9.79,common_tone,False,False
F melodic_minor,A minor,"C, D, E, F, G",5,7.14,common_tone,False,False
F melodic_minor,A dorian,"C, D, E, G",4,7.71,common_tone,False,False
F melodic_minor,A phrygian,"C, D, E, F, G, A#",6,6.57,common_tone,False,False
F melodic_minor,A lydian,"G#, E",2,10.36,distant_modulation,False,False
F melodic_minor,A mixolydian,"D, E, G",3,9.79,common_tone,False,False
F melodic_minor,A locrian,"C, D, F, G, A#",5,7.14,common_tone,False,False
F melodic_minor,A harmonic_minor,"C, D, E, F, G#",5,7.14,common_tone,False,False
F melodic_minor,A melodic_minor,"C, G#, D, E",4,5.71,closely_related,False,False
F melodic_minor,A# major,"C, D, F, G, A#",5,8.64,common_tone,False,False
F melodic_minor,A# minor,"C, G#, A#, F",4,9.21,common_tone,False,False
F melodic_minor,A# dorian,"C, F, G, G#, A#",5,8.64,common_tone,False,False
F melodic_minor,A# phrygian,"G#, A#, F",3,9.79,common_tone,False,False
F melodic_minor,A# lydian,"C, D, E, F, G, A#",6,8.07,common_tone,False,False
F melodic_minor,A# mixolydian,"C, D, F, G, G#, A#",6,8.07,common_tone,False,False
F melodic_minor,A# locrian,"G#, A#, E",3,9.79,common_tone,False,False
F melodic_minor,A# harmonic_minor,"C, A#, F",3,9.79,common_tone,False,False
F melodic_minor,A# melodic_minor,"C, A#, F, G",4,6.71,closely_related,False,False
F melodic_minor,B major,"G#, A#, E",3,14.29,common_tone,False,False
F melodic_minor,B minor,"D, E, G",3,14.29,common_tone,False,False
F melodic_minor,B dorian,"G#, D, E",3,14.29,common_tone,False,False
F melodic_minor,B phrygian,"C, D, E, G",4,12.21,common_tone,False,False
F melodic_minor,B lydian,"G#, A#, F",3,12.79,common_tone,False,False
F melodic_minor,B mixolydian,"G#, E",2,14.86,distant_modulation,False,False
F melodic_minor,B locrian,"C, D, E, F, G",5,10.14,common_tone,False,False
F melodic_minor,B harmonic_minor,"D, A#, E, G",4,13.71,common_tone,False,False
F melodic_minor,B melodic_minor,"G#, D, A#, E",4,10.71,closely_related,False,False
F# major,C major,"B, F",2,11.86,distant_modulation,False,False
F# major,C minor,"G#, A#, D#, F",4,13.71,common_tone,False,False
F# major,C dorian,"A#, D#, F",3,14.29,common_tone,False,False
F# major,C phrygian,"C#, D#, F, G#, A#",5,11.64,common_tone,False,False
F# major,C lydian,"B, F#",2,13.36,distant_modulation,False,False
F# major,C mixolydian,"A#, F",2,14.86,distant_modulation,False,False
F# major,C locrian,"C#, D#, F, F#, G#, A#",6,9.57,common_tone,False,False
F# major,C harmonic_minor,"G#, B, D#, F",4,13.71,common_tone,False,False
F# major,C melodic_minor,"B, D#, F",3,14.29,common_tone,False,False
F# major,C# major,"C#, D#, F, F#, G#, A#",6,5.57,diatonic_common_tone,False,False
F# major,C# minor,"C#, D#, F#, G#, B",5,8.64,common_tone,False,False
F# major,C# dorian,"C#, D#, F#, G#, A#, B",6,8.07,common_tone,False,False
F# major,C# phrygian,"G#, C#, B, F#",4,9.21,common_tone,False,False
F# major,C# lydian,"C#, D#, F, G#, A#",5,8.64,common_tone,False,False
F# major,C# mixolydian,"C#, D#, F, F#, G#, A#, B",7,7.5,common_tone,False,False
F# major,C# locrian,"C#, B, F#",3,9.79,common_tone,False,False
F# major,C# harmonic_minor,"G#, C#, D#, F#",4,9.21,common_tone,False,False
F# major,C# melodic_minor,"C#, D#, F#, G#, A#",5,8.64,common_tone,False,False
F# major,D major,"C#, B, F#",3,6.29,common_tone,False,False
F# major,D minor,"A#, F",2,11.86,distant_modulation,False,False
F# major,D dorian,"B, F",2,11.86,distant_modulation,False,False
F# major,D phrygian,"A#, D#, F",3,11.29,common_tone,False,False
F# major,D lydian,"G#, C#, B, F#",4,7.71,common_tone,False,False
F# major,D mixolydian,"B, F#",2,10.36,distant_modulation,False,False
F# major,D locrian,"G#, A#, D#, F",4,9.21,common_tone,False,False
F# major,D harmonic_minor,"C#, A#, F",3,9.79,common_tone,False,False
F# major,D melodic_minor,"C#, B, F",3,9.79,common_tone,False,False
F# major,D# major,"G#, A#, D#, F",4,4.71,closely_related,False,False
F# major,D# minor,"C#, D#, F, F#, G#, A#, B",7,4.5,common_tone,False,False
F# major,D# dorian,"C#, D#, F, F#, G#, A#",6,5.07,common_tone,False,False
F# major,D# phrygian,"C#, D#, F#, G#, A#, B",6,5.07,common_tone,False,False
F# major,D# lydian,"A#, D#, F",3,6.79,common_tone,False,False
F# major,D# mixolydian,"C#, D#, F, G#, A#",5,5.64,common_tone,False,False
F# major,D# locrian,"C#, D#, F#, G#, B",5,5.64,common_tone,False,False
F# major,D# harmonic_minor,"D#, F, F#, G#, A#, B",6,5.07,common_tone,False,False
F# major,D# melodic_minor,"D#, F, F#, G#, A#",5,5.64,common_tone,False,False
F# major,E major,"C#, D#, F#, G#, B",5,3.14,closely_related,False,False
F# major,E minor,"B, F#",2,5.86,nearby_key,False,False
F# major,E dorian,"C#, B, F#",3,5.29,common_tone,False,False
F# major,E phrygian,"B, F",2,7.36,nearby_key,False,False
F# major,E lydian,"C#, D#, F#, G#, A#, B",6,3.57,common_tone,False,False
F# major,E mixolydian,"G#, C#, B, F#",4,4.71,common_tone,False,False
F# major,E locrian,"A#, F",2,7.36,nearby_key,False,False
F# major,E harmonic_minor,"B, D#, F#",3,5.29,common_tone,False,False
F# major,E melodic_minor,"B, C#, D#, F#",4,4.71,common_tone,False,False
F# major,F major,"A#, F",2,5.36,nearby_key,False,False
F# major,F minor,"C#, D#, F, G#, A#",5,2.64,common_tone,False,False
F# major,F dorian,"G#, A#, D#, F",4,4.71,common_tone,False,False
F# major,F phrygian,"C#, D#, F, F#, G#, A#",6,2.07,common_tone,False,False
F# major,F lydian,"B, F",2,5.86,nearby_key,False,False
F# major,F mixolydian,"A#, D#, F",3,5.29,common_tone,False,False
F# major,F locrian,"C#, D#, F, F#, G#, A#, B",7,1.5,common_tone,False,False
F# major,F harmonic_minor,"G#, C#, A#, F",4,3.21,common_tone,False,False
F# major,F melodic_minor,"G#, A#, F",3,5.29,common_tone,False,False
F# major,F# minor,"G#, C#, B, F#",4,1.71,common_tone,False,False
F# major,F# dorian,"C#, D#, F#, G#, B",5,1.14,common_tone,False,False
F# major,F# phrygian,"C#, B, F#",3,2.29,common_tone,False,False
F# major,F# lydian,"C#, D#, F, F#, G#, A#",6,0.57,common_tone,False,False
F# major,F# mixolydian,"C#, D#, F#, G#, A#, B",6,0.57,common_tone,False,False
F# major,F# locrian,"B, F#",2,4.36,nearby_key,False,False
F# major,F# harmonic_minor,"C#, F, F#, G#, B",5,1.14,common_tone,False,False
F# major,F# melodic_minor,"C#, D#, F, F#, G#, B",6,0.57,common_tone,False,False
F# major,G major,"B, F#",2,5.36,nearby_key,False,False
F# major,G minor,"A#, D#, F",3,6.79,common_tone,False,False
F# major,G dorian,"A#, F",2,7.36,nearby_key,False,False
F# major,G phrygian,"G#, A#, D#, F",4,6.21,common_tone,False,False
F# major,G lydian,"C#, B, F#",3,3.79,common_tone,False,False
F# major,G mixolydian,"B, F",2,7.36,nearby_key,False,False
F# major,G locrian,"C#, D#, F, G#, A#",5,4.14,common_tone,False,False
F# major,G harmonic_minor,"A#, D#, F#",3,5.29,common_tone,False,False
F# major,G melodic_minor,"A#, F#",2,5.86,nearby_key,False,False
F# major,G# major,"C#, D#, F, G#, A#",5,3.14,closely_related,False,False
F# major,G# minor,"C#, D#, F#, G#, A#, B",6,3.57,common_tone,False,False
F# major,G# dorian,"C#, D#, F, F#, G#, A#, B",7,3.0,common_tone,False,False
F# major,G# phrygian,"C#, D#, F#, G#, B",5,4.14,common_tone,False,False
F# major,G# lydian,"G#, A#, D#, F",4,4.71,common_tone,False,False
F# major,G# mixolydian,"C#, D#, F, F#, G#, A#",6,3.57,common_tone,False,False
F# major,G# locrian,"G#, C#, B, F#",4,4.71,common_tone,False,False
F# major,G# harmonic_minor,"C#, D#, G#, A#, B",5,4.14,common_tone,False,False
F# major,G# melodic_minor,"C#, D#, F, G#, A#, B",6,3.57,common_tone,False,False
F# major,A major,"G#, C#, B, F#",4,4.71,closely_related,False,False
F# major,A minor,"B, F",2,10.36,distant_modulation,False,False
F# major,A dorian,"B, F#",2,8.86,distant_modulation,False,False
F# major,A phrygian,"A#, F",2,10.36,distant_modulation,False,False
F# major,A lydian,"C#, D#, F#, G#, B",5,5.64,common_tone,False,False
F# major,A mixolydian,"C#, B, F#",3,6.79,common_tone,False,False
F# major,A locrian,"A#, D#, F",3,8.29,common_tone,False,False
F# major,A harmonic_minor,"G#, B, F",3,9.79,common_tone,False,False
F# major,A melodic_minor,"G#, B, F#",3,8.29,common_tone,False,False
F# major,A# major,"A#, D#, F",3,6.29,common_tone,False,False
F# major,A# minor,"C#, D#, F, F#, G#, A#",6,6.57,common_tone,False,False
F# major,A# dorian,"C#, D#, F, G#, A#",5,7.14,common_tone,False,False
F# major,A# phrygian,"C#, D#, F, F#, G#, A#, B",7,6.0,common_tone,False,False
F# major,A# lydian,"A#, F",2,8.86,distant_modulation,False,False
F# major,A# mixolydian,"G#, A#, D#, F",4,7.71,common_tone,False,False
F# major,A# locrian,"C#, D#, F#, G#, A#, B",6,6.57,common_tone,False,False
F# major,A# harmonic_minor,"C#, D#, F, F#, A#",5,7.14,common_tone,False,False
F# major,A# melodic_minor,"C#, A#, D#, F",4,7.71,common_tone,False,False
F# major,B major,"C#, D#, F#, G#, A#, B",6,5.57,diatonic_common_tone,False,False
F# major,B minor,"C#, B, F#",3,9.79,common_tone,False,False
F# major,B dorian,"G#, C#, B, F#",4,9.21,common_tone,False,False
F# major,B phrygian,"B, F#",2,10.36,distant_modulation,False,False
F# major,B lydian,"C#, D#, F, F#, G#, A#, B",7,7.5,common_tone,False,False
F# major,B mixolydian,"C#, D#, F#, G#, B",5,8.64,common_tone,False,False
F# major,B locrian,"B, F",2,10.36,distant_modulation,False,False
F# major,B harmonic_minor,"C#, A#, B, F#",4,9.21,common_tone,False,False
F# major,B melodic_minor,"C#, F#, G#, A#, B",5,8.64,common_tone,False,False
F# minor,C major,"A, D, B, E",4,13.71,common_tone,False,False
F# minor,C minor,"G#, D",2,11.86,distant_modulation,False,False
F# minor,C dorian,"A, D",2,14.86,distant_modulation,False,False
F# minor,C phrygian,"G#, C#",2,13.36,distant_modulation,False,False
F# minor,C lydian,"D, E, F#, A, B",5,11.64,common_tone,False,False
F# minor,C mixolydian,"A, D, E",3,14.29,common_tone,False,False
F# minor,C locrian,"G#, C#, F#",3,11.29,common_tone,False,False
F# minor,C harmonic_minor,"G#, D, B",3,14.29,common_tone,False,False
F# minor,C melodic_minor,"A, D, B",3,14.29,common_tone,False,False
F# minor,C# major,"G#, C#, F#",3,9.79,common_tone,False,False
F# minor,C# minor,"C#, E, F#, G#, A, B",6,5.57,diatonic_common_tone,False,False
F# minor,C# dorian,"C#, E, F#, G#, B",5,8.64,common_tone,False,False
F# minor,C# phrygian,"C#, D, E, F#, G#, A, B",7,7.5,common_tone,False,False
F# minor,C# lydian,"G#, C#",2,10.36,distant_modulation,False,False
F# minor,C# mixolydian,"G#, C#, B, F#",4,9.21,common_tone,False,False
F# minor,C# locrian,"C#, D, E, F#, A, B",6,8.07,common_tone,False,False
F# minor,C# harmonic_minor,"C#, E, F#, G#, A",5,8.64,common_tone,False,False
F# minor,C# melodic_minor,"G#, C#, E, F#",4,9.21,common_tone,False,False
F# minor,D major,"C#, D, E, F#, A, B",6,6.57,common_tone,False,False
F# minor,D minor,"A, D, E",3,6.29,common_tone,False,False
F# minor,D dorian,"A, D, B, E",4,7.71,common_tone,False,False
F# minor,D phrygian,"A, D",2,8.86,distant_modulation,False,False
F# minor,D lydian,"C#, D, E, F#, G#, A, B",7,6.0,common_tone,False,False
F# minor,D mixolydian,"D, E, F#, A, B",5,7.14,common_tone,False,False
F# minor,D locrian,"G#, D",2,8.86,distant_modulation,False,False
F# minor,D harmonic_minor,"C#, D, E, A",4,7.71,common_tone,False,False
F# minor,D melodic_minor,"C#, D, E, A, B",5,7.14,common_tone,False,False
F# minor,D# major,"G#, D",2,10.36,distant_modulation,False,False
F# minor,D# minor,"G#, C#, B, F#",4,4.71,closely_related,False,False
F# minor,D# dorian,"G#, C#, F#",3,6.79,common_tone,False,False
F# minor,D# phrygian,"C#, E, F#, G#, B",5,5.64,common_tone,False,False
F# minor,D# lydian,"A, D",2,10.36,distant_modulation,False,False
F# minor,D# mixolydian,"G#, C#",2,8.86,distant_modulation,False,False
F# minor,D# locrian,"C#, E, F#, G#, A, B",6,5.07,common_tone,False,False
F# minor,D# harmonic_minor,"G#, D, B, F#",4,7.71,common_tone,False,False
F# minor,D# melodic_minor,"G#, D, F#",3,8.29,common_tone,False,False
F# minor,E major,"C#, E, F#, G#, A, B",6,3.57,common_tone,False,False
F# minor,E minor,"D, E, F#, A, B",5,3.14,closely_related,False,False
F# minor,E dorian,"C#, D, E, F#, A, B",6,3.57,common_tone,False,False
F# minor,E phrygian,"A, D, B, E",4,4.71,common_tone,False,False
F# minor,E lydian,"C#, E, F#, G#, B",5,4.14,common_tone,False,False
F# minor,E mixolydian,"C#, D, E, F#, G#, A, B",7,3.0,common_tone,False,False
F# minor,E locrian,"A, D, E",3,6.79,common_tone,False,False
F# minor,E harmonic_minor,"A, B, E, F#",4,4.71,common_tone,False,False
F# minor,E melodic_minor,"C#, E, F#, A, B",5,4.14,common_tone,False,False
F# minor,F major,"A, D, E",3,6.79,common_tone,False,False
F# minor,F minor,"G#, C#",2,5.36,nearby_key,False,False
F# minor,F dorian,"G#, D",2,7.36,nearby_key,False,False
F# minor,F phrygian,"G#, C#, F#",3,3.79,common_tone,False,False
F# minor,F lydian,"A, D, B, E",4,6.21,common_tone,False,False
F# minor,F mixolydian,"A, D",2,7.36,nearby_key,False,False
F# minor,F locrian,"G#, C#, B, F#",4,3.21,common_tone,False,False
F# minor,F harmonic_minor,"G#, C#, E",3,5.29,common_tone,False,False
F# minor,F melodic_minor,"G#, D, E",3,6.79,common_tone,False,False
F# minor,F# major,"G#, C#, B, F#",4,1.71,common_tone,False,False
F# minor,F# dorian,"C#, E, F#, G#, A, B",6,0.57,common_tone,False,False
F# minor,F# phrygian,"C#, D, E, F#, A, B",6,0.57,common_tone,False,False
F# minor,F# lydian,"G#, C#, F#",3,2.29,common_tone,False,False
F# minor,F# mixolydian,"C#, E, F#, G#, B",5,1.14,common_tone,False,False
F# minor,F# locrian,"D, E, F#, A, B",5,2.64,common_tone,False,False
F# minor,F# harmonic_minor,"C#, D, F#, G#, A, B",6,0.57,common_tone,False,False
F# minor,F# melodic_minor,"C#, F#, G#, A, B",5,1.14,common_tone,False,False
F# minor,G major,"D, E, F#, A, B",5,2.64,common_tone,False,False
F# minor,G minor,"A, D",2,5.36,nearby_key,False,False
F# minor,G dorian,"A, D, E",3,5.29,common_tone,False,False
F# minor,G phrygian,"G#, D",2,5.86,nearby_key,False,False
F# minor,G lydian,"C#, D, E, F#, A, B",6,2.07,common_tone,False,False
F# minor,G mixolydian,"A, D, B, E",4,4.71,common_tone,False,False
F# minor,G locrian,"G#, C#",2,5.86,nearby_key,False,False
F# minor,G harmonic_minor,"A, D, F#",3,3.79,common_tone,False,False
F# minor,G melodic_minor,"A, D, E, F#",4,3.21,common_tone,False,False
F# minor,G# major,"G#, C#",2,5.86,nearby_key,False,False
F# minor,G# minor,"C#, E, F#, G#, B",5,3.14,closely_related,False,False
F# minor,G# dorian,"G#, C#, B, F#",4,4.71,common_tone,False,False
F# minor,G# phrygian,"C#, E, F#, G#, A, B",6,3.57,common_tone,False,False
F# minor,G# lydian,"G#, D",2,7.36,nearby_key,False,False
F# minor,G# mixolydian,"G#, C#, F#",3,5.29,common_tone,False,False
F# minor,G# locrian,"C#, D, E, F#, G#, A, B",7,3.0,common_tone,False,False
F# minor,G# harmonic_minor,"G#, C#, B, E",4,4.71,common_tone,False,False
F# minor,G# melodic_minor,"G#, C#, B",3,5.29,common_tone,False,False
F# minor,A major,"C#, D, E, F#, G#, A, B",7,4.5,common_tone,False,False
F# minor,A minor,"A, D, B, E",4,4.71,closely_related,False,False
F# minor,A dorian,"D, E, F#, A, B",5,5.64,common_tone,False,False
F# minor,A phrygian,"A, D, E",3,6.79,common_tone,False,False
F# minor,A lydian,"C#, E, F#, G#, A, B",6,5.07,common_tone,False,False
F# minor,A mixolydian,"C#, D, E, F#, A, B",6,5.07,common_tone,False,False
F# minor,A locrian,"A, D",2,8.86,distant_modulation,False,False
F# minor,A harmonic_minor,"D, E, G#, A, B",5,5.64,common_tone,False,False
F# minor,A melodic_minor,"D, E, F#, G#, A, B",6,5.07,common_tone,False,False
F# minor,A# major,"A, D",2,11.86,distant_modulation,False,False
F# minor,A# minor,"G#, C#, F#",3,6.29,common_tone,False,False
F# minor,A# dorian,"G#, C#",2,10.36,distant_modulation,False,False
F# minor,A# phrygian,"G#, C#, B, F#",4,7.71,common_tone,False,False
F# minor,A# lydian,"A, D, E",3,11.29,common_tone,False,False
F# minor,A# mixolydian,"G#, D",2,11.86,distant_modulation,False,False
F# minor,A# locrian,"C#, E, F#, G#, B",5,7.14,common_tone,False,False
F# minor,A# harmonic_minor,"C#, F#, A",3,8.29,common_tone,False,False
F# minor,A# melodic_minor,"C#, A",2,10.36,distant_modulation,False,False
F# minor,B major,"C#, E, F#, G#, B",5,8.64,common_tone,False,False
F# minor,B minor,"C#, D, E, F#, A, B",6,5.57,diatonic_common_tone,False,False
F# minor,B dorian,"C#, D, E, F#, G#, A, B",7,7.5,common_tone,False,False
F# minor,B phrygian,"D, E, F#, A, B",5,8.64,common_tone,False,False
F# minor,B lydian,"G#, C#, B, F#",4,9.21,common_tone,False,False
F# minor,B mixolydian,"C#, E, F#, G#, A, B",6,8.07,common_tone,False,False
F# minor,B locrian,"A, D, B, E",4,10.71,common_tone,False,False
F# minor,B harmonic_minor,"C#, D, E, F#, B",5,8.64,common_tone,False,False
F# minor,B melodic_minor,"C#, D, E, F#, G#, B",6,8.07,common_tone,False,False
F# dorian,C major,"A, B, E",3,14.29,common_tone,False,False
F# dorian,C minor,"G#, D#",2,14.86,distant_modulation,False,False
F# dorian,C dorian,"A, D#",2,11.86,distant_modulation,False,False
F# dorian,C phrygian,"G#, C#, D#",3,12.79,common_tone,False,False
F# dorian,C lydian,"A, B, E, F#",4,12.21,common_tone,False,False
F# dorian,C mixolydian,"A, E",2,14.86,distant_modulation,False,False
F# dorian,C locrian,"G#, C#, D#, F#",4,10.71,common_tone,False,False
F# dorian,C harmonic_minor,"G#, B, D#",3,14.29,common_tone,False,False
F# dorian,C melodic_minor,"B, A, D#",3,14.29,common_tone,False,False
F# dorian,C# major,"G#, C#, D#, F#",4,9.21,common_tone,False,False
F# dorian,C# minor,"C#, D#, E, F#, G#, A, B",7,7.5,common_tone,False,False
F# dorian,C# dorian,"C#, D#, E, F#, G#, B",6,5.57,diatonic_common_tone,False,False
F# dorian,C# phrygian,"C#, E, F#, G#, A, B",6,8.07,common_tone,False,False
F# dorian,C# lydian,"G#, C#, D#",3,9.79,common_tone,False,False
F# dorian,C# mixolydian,"C#, D#, F#, G#, B",5,8.64,common_tone,False,False
F# dorian,C# locrian,"C#, E, F#, A, B",5,8.64,common_tone,False,False
F# dorian,C# harmonic_minor,"C#, D#, E, F#, G#, A",6,8.07,common_tone,False,False
F# dorian,C# melodic_minor,"C#, D#, E, F#, G#",5,8.64,common_tone,False,False
F# dorian,D major,"C#, E, F#, A, B",5,7.14,common_tone,False,False
F# dorian,D minor,"A, E",2,10.36,distant_modulation,False,False
F# dorian,D dorian,"A, B, E",3,7.79,common_tone,False,False
F# dorian,D phrygian,"A, D#",2,10.36,distant_modulation,False,False
F# dorian,D lydian,"C#, E, F#, G#, A, B",6,6.57,common_tone,False,False
F# dorian,D mixolydian,"A, B, E, F#",4,7.71,common_tone,False,False
F# dorian,D locrian,"G#, D#",2,10.36,distant_modulation,False,False
F# dorian,D harmonic_minor,"C#, E, A",3,8.29,common_tone,False,False
F# dorian,D melodic_minor,"C#, B, E, A",4,7.71,common_tone,False,False
F# dorian,D# major,"G#, D#",2,8.86,distant_modulation,False,False
F# dorian,D# minor,"C#, D#, F#, G#, B",5,5.64,common_tone,False,False
F# dorian,D# dorian,"G#, C#, D#, F#",4,4.71,closely_related,False,False
F# dorian,D# phrygian,"C#, D#, E, F#, G#, B",6,5.07,common_tone,False,False
F# dorian,D# lydian,"A, D#",2,8.86,distant_modulation,False,False
F# dorian,D# mixolydian,"G#, C#, D#",3,6.79,common_tone,False,False
F# dorian,D# locrian,"C#, D#, E, F#, G#, A, B",7,4.5,common_tone,False,False
F# dorian,D# harmonic_minor,"G#, B, D#, F#",4,6.21,common_tone,False,False
F# dorian,D# melodic_minor,"G#, D#, F#",3,6.79,common_tone,False,False
F# dorian,E major,"C#, D#, E, F#, G#, A, B",7,3.0,common_tone,False,False
F# dorian,E minor,"A, B, E, F#",4,4.71,common_tone,False,False
F# dorian,E dorian,"C#, E, F#, A, B",5,3.14,closely_related,False,False
F# dorian,E phrygian,"A, B, E",3,5.29,common_tone,False,False
F# dorian,E lydian,"C#, D#, E, F#, G#, B",6,3.57,common_tone,False,False
F# dorian,E mixolydian,"C#, E, F#, G#, A, B",6,3.57,common_tone,False,False
F# dorian,E locrian,"A, E",2,7.36,nearby_key,False,False
F# dorian,E harmonic_minor,"D#, E, F#, A, B",5,4.14,common_tone,False,False
F# dorian,E melodic_minor,"C#, D#, E, F#, A, B",6,3.57,common_tone,False,False
F# dorian,F major,"A, E",2,7.36,nearby_key,False,False
F# dorian,F minor,"G#, C#, D#",3,5.29,common_tone,False,False
F# dorian,F dorian,"G#, D#",2,6.86,nearby_key,False,False
F# dorian,F phrygian,"G#, C#, D#, F#",4,3.21,common_tone,False,False
F# dorian,F lydian,"A, B, E",3,6.79,common_tone,False,False
F# dorian,F mixolydian,"A, D#",2,7.36,nearby_key,False,False
F# dorian,F locrian,"C#, D#, F#, G#, B",5,2.64,common_tone,False,False
F# dorian,F harmonic_minor,"G#, C#, E",3,5.29,common_tone,False,False
F# dorian,F melodic_minor,"G#, E",2,7.36,nearby_key,False,False
F# dorian,F# major,"C#, D#, F#, G#, B",5,1.14,common_tone,False,False
F# dorian,F# minor,"C#, E, F#, G#, A, B",6,0.57,common_tone,False,False
F# dorian,F# phrygian,"C#, E, F#, A, B",5,1.14,common_tone,False,False
F# dorian,F# lydian,"G#, C#, D#, F#",4,1.71,common_tone,False,False
F# dorian,F# mixolydian,"C#, D#, E, F#, G#, B",6,0.57,common_tone,False,False
F# dorian,F# locrian,"A, B, E, F#",4,3.21,common_tone,False,False
F# dorian,F# harmonic_minor,"C#, F#, G#, A, B",5,1.14,common_tone,False,False
F# dorian,F# melodic_minor,"C#, D#, F#, G#, A, B",6,0.57,common_tone,False,False
F# dorian,G major,"A, B, E, F#",4,4.71,common_tone,False,False
F# dorian,G minor,"A, D#",2,7.36,nearby_key,False,False
F# dorian,G dorian,"A, E",2,6.86,nearby_key,False,False
F# dorian,G phrygian,"G#, D#",2,7.36,nearby_key,False,False
F# dorian,G lydian,"C#, E, F#, A, B",5,2.64,common_tone,False,False
F# dorian,G mixolydian,"A, B, E",3,6.79,common_tone,False,False
F# dorian,G locrian,"G#, C#, D#",3,5.29,common_tone,False,False
F# dorian,G harmonic_minor,"A, D#, F#",3,5.29,common_tone,False,False
F# dorian,G melodic_minor,"A, E, F#",3,5.29,common_tone,False,False
F# dorian,G# major,"G#, C#, D#",3,5.29,common_tone,False,False
F# dorian,G# minor,"C#, D#, E, F#, G#, B",6,3.57,common_tone,False,False
F# dorian,G# dorian,"C#, D#, F#, G#, B",5,3.14,closely_related,False,False
F# dorian,G# phrygian,"C#, D#, E, F#, G#, A, B",7,3.0,common_tone,False,False
F# dorian,G# lydian,"G#, D#",2,5.86,nearby_key,False,False
F# dorian,G# mixolydian,"G#, C#, D#, F#",4,4.71,common_tone,False,False
F# dorian,G# locrian,"C#, E, F#, G#, A, B",6,3.57,common_tone,False,False
F# dorian,G# harmonic_minor,"C#, D#, E, G#, B",5,4.14,common_tone,False,False
F# dorian,G# melodic_minor,"G#, C#, D#, B",4,4.71,common_tone,False,False
F# dorian,A major,"C#, E, F#, G#, A, B",6,5.07,common_tone,False,False
F# dorian,A minor,"A, B, E",3,6.79,common_tone,False,False
F# dorian,A dorian,"A, B, E, F#",4,4.71,closely_related,False,False
F# dorian,A phrygian,"A, E",2,7.36,distant_modulation,False,False
F# dorian,A lydian,"C#, D#, E, F#, G#, A, B",7,4.5,common_tone,False,False
F# dorian,A mixolydian,"C#, E, F#, A, B",5,5.64,common_tone,False,False
F# dorian,A locrian,"A, D#",2,7.36,distant_modulation,False,False
F# dorian,A harmonic_minor,"G#, A, B, E",4,6.21,common_tone,False,False
F# dorian,A melodic_minor,"E, F#, G#, A, B",5,5.64,common_tone,False,False
F# dorian,A# major,"A, D#",2,11.86,distant_modulation,False,False
F# dorian,A# minor,"G#, C#, D#, F#",4,7.71,common_tone,False,False
F# dorian,A# dorian,"G#, C#, D#",3,7.79,common_tone,False,False
F# dorian,A# phrygian,"C#, D#, F#, G#, B",5,7.14,common_tone,False,False
F# dorian,A# lydian,"A, E",2,11.86,distant_modulation,False,False
F# dorian,A# mixolydian,"G#, D#",2,11.86,distant_modulation,False,False
F# dorian,A# locrian,"C#, D#, E, F#, G#, B",6,6.57,common_tone,False,False
F# dorian,A# harmonic_minor,"C#, D#, F#, A",4,7.71,common_tone,False,False
F# dorian,A# melodic_minor,"C#, D#, A",3,9.79,common_tone,False,False
F# dorian,B major,"C#, D#, E, F#, G#, B",6,8.07,common_tone,False,False
F# dorian,B minor,"C#, E, F#, A, B",5,8.64,common_tone,False,False
F# dorian,B dorian,"C#, E, F#, G#, A, B",6,5.57,diatonic_common_tone,False,False
F# dorian,B phrygian,"A, B, E, F#",4,9.21,common_tone,False,False
F# dorian,B lydian,"C#, D#, F#, G#, B",5,8.64,common_tone,False,False
F# dorian,B mixolydian,"C#, D#, E, F#, G#, A, B",7,7.5,common_tone,False,False
F# dorian,B locrian,"A, B, E",3,11.29,common_tone,False,False
F# dorian,B harmonic_minor,"C#, B, E, F#",4,9.21,common_tone,False,False
F# dorian,B melodic_minor,"C#, E, F#, G#, B",5,8.64,common_tone,False,False
F# phrygian,C major,"D, E, G, A, B",5,11.64,common_tone,False,False
F# phrygian,C minor,"D, G",2,13.36,distant_modulation,False,False
F# phrygian,C dorian,"A, D, G",3,12.79,common_tone,False,False
F# phrygian,C phrygian,"C#, G",2,8.86,distant_modulation,False,False
F# phrygian,C lydian,"D, E, F#, G, A, B",6,9.57,common_tone,False,False
F# phrygian,C mixolydian,"A, D, E, G",4,12.21,common_tone,False,False
F# phrygian,C locrian,"C#, F#",2,11.86,distant_modulation,False,False
F# phrygian,C harmonic_minor,"D, B, G",3,12.79,common_tone,False,False
F# phrygian,C melodic_minor,"A, D, B, G",4,12.21,common_tone,False,False
F# phrygian,C# major,"C#, F#",2,10.36,distant_modulation,False,False
F# phrygian,C# minor,"C#, E, F#, A, B",5,8.64,common_tone,False,False
F# phrygian,C# dorian,"C#, B, E, F#",4,9.21,common_tone,False,False
F# phrygian,C# phrygian,"C#, D, E, F#, A, B",6,5.57,diatonic_common_tone,False,False
F# phrygian,C# lydian,"C#, G",2,11.86,distant_modulation,False,False
F# phrygian,C# mixolydian,"C#, B, F#",3,9.79,common_tone,False,False
F# phrygian,C# locrian,"C#, D, E, F#, G, A, B",7,7.5,common_tone,False,False
F# phrygian,C# harmonic_minor,"C#, E, F#, A",4,9.21,common_tone,False,False
F# phrygian,C# melodic_minor,"C#, E, F#",3,9.79,common_tone,False,False
F# phrygian,D major,"C#, D, E, F#, G, A, B",7,6.0,common_tone,False,False
F# phrygian,D minor,"A, D, E, G",4,7.71,common_tone,False,False
F# phrygian,D dorian,"D, E, G, A, B",5,7.14,common_tone,False,False
F# phrygian,D phrygian,"A, D, G",3,6.29,common_tone,False,False
F# phrygian,D lydian,"C#, D, E, F#, A, B",6,6.57,common_tone,False,False
F# phrygian,D mixolydian,"D, E, F#, G, A, B",6,6.57,common_tone,False,False
F# phrygian,D locrian,"D, G",2,10.36,distant_modulation,False,False
F# phrygian,D harmonic_minor,"C#, D, E, G, A",5,7.14,common_tone,False,False
F# phrygian,D melodic_minor,"C#, D, E, G, A, B",6,6.57,common_tone,False,False
F# phrygian,D# major,"D, G",2,10.36,distant_modulation,False,False
F# phrygian,D# minor,"C#, B, F#",3,6.79,common_tone,False,False
F# phrygian,D# dorian,"C#, F#",2,7.36,distant_modulation,False,False
F# phrygian,D# phrygian,"C#, B, E, F#",4,4.71,closely_related,False,False
F# phrygian,D# lydian,"A, D, G",3,9.79,common_tone,False,False
F# phrygian,D# mixolydian,"C#, G",2,8.86,distant_modulation,False,False
F# phrygian,D# locrian,"C#, E, F#, A, B",5,5.64,common_tone,False,False
F# phrygian,D# harmonic_minor,"D, B, F#",3,8.29,common_tone,False,False
F# phrygian,D# melodic_minor,"D, F#",2,8.86,distant_modulation,False,False
F# phrygian,E major,"C#, E, F#, A, B",5,4.14,common_tone,False,False
F# phrygian,E minor,"D, E, F#, G, A, B",6,3.57,common_tone,False,False
F# phrygian,E dorian,"C#, D, E, F#, G, A, B",7,3.0,common_tone,False,False
F# phrygian,E phrygian,"D, E, G, A, B",5,3.14,closely_related,False,False
F# phrygian,E lydian,"C#, B, E, F#",4,4.71,common_tone,False,False
F# phrygian,E mixolydian,"C#, D, E, F#, A, B",6,3.57,common_tone,False,False
F# phrygian,E locrian,"A, D, E, G",4,6.21,common_tone,False,False
F# phrygian,E harmonic_minor,"E, F#, G, A, B",5,4.14,common_tone,False,False
F# phrygian,E melodic_minor,"C#, E, F#, G, A, B",6,3.57,common_tone,False,False
F# phrygian,F major,"A, D, E, G",4,6.21,common_tone,False,False
F# phrygian,F minor,"C#, G",2,5.86,nearby_key,False,False
F# phrygian,F dorian,"D, G",2,7.36,nearby_key,False,False
F# phrygian,F phrygian,"C#, F#",2,3.86,nearby_key,False,False
F# phrygian,F lydian,"D, E, G, A, B",5,5.64,common_tone,False,False
F# phrygian,F mixolydian,"A, D, G",3,6.79,common_tone,False,False
F# phrygian,F locrian,"C#, B, F#",3,3.79,common_tone,False,False
F# phrygian,F harmonic_minor,"C#, E, G",3,5.29,common_tone,False,False
F# phrygian,F melodic_minor,"D, E, G",3,6.79,common_tone,False,False
F# phrygian,F# major,"C#, B, F#",3,2.29,common_tone,False,False
F# phrygian,F# minor,"C#, D, E, F#, A, B",6,0.57,common_tone,False,False
F# phrygian,F# dorian,"C#, E, F#, A, B",5,1.14,common_tone,False,False
F# phrygian,F# lydian,"C#, F#",2,2.86,nearby_key,False,False
F# phrygian,F# mixolydian,"C#, B, E, F#",4,1.71,common_tone,False,False
F# phrygian,F# locrian,"D, E, F#, G, A, B",6,2.07,common_tone,False,False
F# phrygian,F# harmonic_minor,"C#, D, F#, A, B",5,1.14,common_tone,False,False
F# phrygian,F# melodic_minor,"C#, B, F#, A",4,1.71,common_tone,False,False
F# phrygian,G major,"D, E, F#, G, A, B",6,2.07,common_tone,False,False
F# phrygian,G minor,"A, D, G",3,3.79,common_tone,False,False
F# phrygian,G dorian,"A, D, E, G",4,3.21,common_tone,False,False
F# phrygian,G phrygian,"D, G",2,3.86,nearby_key,False,False
F# phrygian,G lydian,"C#, D, E, F#, G, A, B",7,1.5,common_tone,False,False
F# phrygian,G mixolydian,"D, E, G, A, B",5,2.64,common_tone,False,False
F# phrygian,G locrian,"C#, G",2,4.36,nearby_key,False,False
F# phrygian,G harmonic_minor,"A, D, F#, G",4,3.21,common_tone,False,False
F# phrygian,G melodic_minor,"D, E, F#, G, A",5,2.64,common_tone,False,False
F# phrygian,G# major,"C#, G",2,7.36,nearby_key,False,False
F# phrygian,G# minor,"C#, B, E, F#",4,4.71,common_tone,False,False
F# phrygian,G# dorian,"C#, B, F#",3,5.29,common_tone,False,False
F# phrygian,G# phrygian,"C#, E, F#, A, B",5,3.14,closely_related,False,False
F# phrygian,G# lydian,"D, G",2,8.86,nearby_key,False,False
F# phrygian,G# mixolydian,"C#, F#",2,5.86,nearby_key,False,False
F# phrygian,G# locrian,"C#, D, E, F#, A, B",6,3.57,common_tone,False,False
F# phrygian,G# harmonic_minor,"C#, B, E, G",4,6.21,common_tone,False,False
F# phrygian,G# melodic_minor,"C#, B, G",3,6.79,common_tone,False,False
F# phrygian,A major,"C#, D, E, F#, A, B",6,5.07,common_tone,False,False
F# phrygian,A minor,"D, E, G, A, B",5,5.64,common_tone,False,False
F# phrygian,A dorian,"D, E, F#, G, A, B",6,5.07,common_tone,False,False
F# phrygian,A phrygian,"A, D, E, G",4,4.71,closely_related,False,False
F# phrygian,A lydian,"C#, E, F#, A, B",5,5.64,common_tone,False,False
F# phrygian,A mixolydian,"C#, D, E, F#, G, A, B",7,4.5,common_tone,False,False
F# phrygian,A locrian,"A, D, G",3,8.29,common_tone,False,False
F# phrygian,A harmonic_minor,"A, D, B, E",4,6.21,common_tone,False,False
F# phrygian,A melodic_minor,"D, E, F#, A, B",5,5.64,common_tone,False,False
F# phrygian,A# major,"A, D, G",3,11.29,common_tone,False,False
F# phrygian,A# minor,"C#, F#",2,8.86,distant_modulation,False,False
F# phrygian,A# dorian,"C#, G",2,10.36,distant_modulation,False,False
F# phrygian,A# phrygian,"C#, B, F#",3,6.29,common_tone,False,False
F# phrygian,A# lydian,"A, D, E, G",4,10.71,common_tone,False,False
F# phrygian,A# mixolydian,"D, G",2,11.86,distant_modulation,False,False
F# phrygian,A# locrian,"C#, B, E, F#",4,7.71,common_tone,False,False
F# phrygian,A# harmonic_minor,"C#, F#, A",3,8.29,common_tone,False,False
F# phrygian,A# melodic_minor,"C#, A, G",3,9.79,common_tone,False,False
F# phrygian,B major,"C#, B, E, F#",4,9.21,common_tone,False,False
F# phrygian,B minor,"C#, D, E, F#, G, A, B",7,7.5,common_tone,False,False
F# phrygian,B dorian,"C#, D, E, F#, A, B",6,8.07,common_tone,False,False
F# phrygian,B phrygian,"D, E, F#, G, A, B",6,5.57,diatonic_common_tone,False,False
F# phrygian,B lydian,"C#, B, F#",3,9.79,common_tone,False,False
F# phrygian,B mixolydian,"C#, E, F#, A, B",5,8.64,common_tone,False,False
F# phrygian,B locrian,"D, E, G, A, B",5,10.14,common_tone,False,False
F# phrygian,B harmonic_minor,"C#, D, E, F#, G, B",6,8.07,common_tone,False,False
F# phrygian,B melodic_minor,"C#, D, E, F#, B",5,8.64,common_tone,False,False
F# lydian,C major,"C, F",2,13.36,distant_modulation,False,False
F# lydian,C minor,"C, D#, F, G#, A#",5,11.64,common_tone,False,False
F# lydian,C dorian,"C, A#, D#, F",4,12.21,common_tone,False,False
F# lydian,C phrygian,"C, C#, D#, F, G#, A#",6,9.57,common_tone,False,False
F# lydian,C lydian,"C, F#",2,8.86,distant_modulation,False,False
F# lydian,C mixolydian,"C, A#, F",3,12.79,common_tone,False,False
F# lydian,C locrian,"C, C#, D#, F, F#, G#, A#",7,9.0,common_tone,False,False
F# lydian,C harmonic_minor,"C, G#, D#, F",4,12.21,common_tone,False,False
F# lydian,C melodic_minor,"C, D#, F",3,12.79,common_tone,False,False
F# lydian,C# major,"C, C#, D#, F, F#, G#, A#",7,7.5,common_tone,False,False
F# lydian,C# minor,"G#, C#, D#, F#",4,9.21,common_tone,False,False
F# lydian,C# dorian,"C#, D#, F#, G#, A#",5,8.64,common_tone,False,False
F# lydian,C# phrygian,"G#, C#, F#",3,9.79,common_tone,False,False
F# lydian,C# lydian,"C, C#, D#, F, G#, A#",6,5.57,diatonic_common_tone,False,False
F# lydian,C# mixolydian,"C#, D#, F, F#, G#, A#",6,8.07,common_tone,False,False
F# lydian,C# locrian,"C#, F#",2,10.36,distant_modulation,False,False
F# lydian,C# harmonic_minor,"C, C#, D#, F#, G#",5,8.64,common_tone,False,False
F# lydian,C# melodic_minor,"C, C#, D#, F#, G#, A#",6,8.07,common_tone,False,False
F# lydian,D major,"C#, F#",2,8.86,distant_modulation,False,False
F# lydian,D minor,"C, A#, F",3,11.29,common_tone,False,False
F# lydian,D dorian,"C, F",2,11.86,distant_modulation,False,False
F# lydian,D phrygian,"C, A#, D#, F",4,10.71,common_tone,False,False
F# lydian,D lydian,"G#, C#, F#",3,6.29,common_tone,False,False
F# lydian,D mixolydian,"C, F#",2,10.36,distant_modulation,False,False
F# lydian,D locrian,"C, D#, F, G#, A#",5,8.64,common_tone,False,False
F# lydian,D harmonic_minor,"C#, A#, F",3,9.79,common_tone,False,False
F# lydian,D melodic_minor,"C#, F",2,10.36,distant_modulation,False,False
F# lydian,D# major,"C, D#, F, G#, A#",5,5.64,common_tone,False,False
F# lydian,D# minor,"C#, D#, F, F#, G#, A#",6,5.07,common_tone,False,False
F# lydian,D# dorian,"C, C#, D#, F, F#, G#, A#",7,4.5,common_tone,False,False
F# lydian,D# phrygian,"C#, D#, F#, G#, A#",5,5.64,common_tone,False,False
F# lydian,D# lydian,"C, A#, D#, F",4,4.71,closely_related,False,False
F# lydian,D# mixolydian,"C, C#, D#, F, G#, A#",6,5.07,common_tone,False,False
F# lydian,D# locrian,"G#, C#, D#, F#",4,6.21,common_tone,False,False
F# lydian,D# harmonic_minor,"D#, F, F#, G#, A#",5,5.64,common_tone,False,False
F# lydian,D# melodic_minor,"C, D#, F, F#, G#, A#",6,5.07,common_tone,False,False
F# lydian,E major,"G#, C#, D#, F#",4,4.71,common_tone,False,False
F# lydian,E minor,"C, F#",2,7.36,nearby_key,False,False
F# lydian,E dorian,"C#, F#",2,5.86,nearby_key,False,False
F# lydian,E phrygian,"C, F",2,8.86,nearby_key,False,False
F# lydian,E lydian,"C#, D#, F#, G#, A#",5,3.14,closely_related,False,False
F# lydian,E mixolydian,"G#, C#, F#",3,5.29,common_tone,False,False
F# lydian,E locrian,"C, A#, F",3,6.79,common_tone,False,False
F# lydian,E harmonic_minor,"C, D#, F#",3,6.79,common_tone,False,False
F# lydian,E melodic_minor,"C#, D#, F#",3,5.29,common_tone,False,False
F# lydian,F major,"C, A#, F",3,3.79,common_tone,False,False
F# lydian,F minor,"C, C#, D#, F, G#, A#",6,2.07,common_tone,False,False
F# lydian,F dorian,"C, D#, F, G#, A#",5,2.64,common_tone,False,False
F# lydian,F phrygian,"C, C#, D#, F, F#, G#, A#",7,1.5,common_tone,False,False
F# lydian,F lydian,"C, F",2,3.86,nearby_key,False,False
F# lydian,F mixolydian,"C, A#, D#, F",4,3.21,common_tone,False,False
F# lydian,F locrian,"C#, D#, F, F#, G#, A#",6,2.07,common_tone,False,False
F# lydian,F harmonic_minor,"C, C#, F, G#, A#",5,2.64,common_tone,False,False
F# lydian,F melodic_minor,"C, G#, A#, F",4,3.21,common_tone,False,False
F# lydian,F# major,"C#, D#, F, F#, G#, A#",6,0.57,common_tone,False,False
F# lydian,F# minor,"G#, C#, F#",3,2.29,common_tone,False,False
F# lydian,F# dorian,"G#, C#, D#, F#",4,1.71,common_tone,False,False
F# lydian,F# phrygian,"C#, F#",2,2.86,nearby_key,False,False
F# lydian,F# mixolydian,"C#, D#, F#, G#, A#",5,1.14,common_tone,False,False
F# lydian,F# locrian,"C, F#",2,2.86,nearby_key,False,False
F# lydian,F# harmonic_minor,"G#, C#, F, F#",4,1.71,common_tone,False,False
F# lydian,F# melodic_minor,"C#, D#, F, F#, G#",5,1.14,common_tone,False,False
F# lydian,G major,"C, F#",2,5.86,nearby_key,False,False
F# lydian,G minor,"C, A#, D#, F",4,6.21,common_tone,False,False
F# lydian,G dorian,"C, A#, F",3,6.79,common_tone,False,False
F# lydian,G phrygian,"C, D#, F, G#, A#",5,5.64,common_tone,False,False
F# lydian,G lydian,"C#, F#",2,3.86,nearby_key,False,False
F# lydian,G mixolydian,"C, F",2,7.36,nearby_key,False,False
F# lydian,G locrian,"C, C#, D#, F, G#, A#",6,3.57,common_tone,False,False
F# lydian,G harmonic_minor,"C, A#, D#, F#",4,4.71,common_tone,False,False
F# lydian,G melodic_minor,"C, A#, F#",3,5.29,common_tone,False,False
F# lydian,G# major,"C, C#, D#, F, G#, A#",6,3.57,common_tone,False,False
F# lydian,G# minor,"C#, D#, F#, G#, A#",5,4.14,common_tone,False,False
F# lydian,G# dorian,"C#, D#, F, F#, G#, A#",6,3.57,common_tone,False,False
F# lydian,G# phrygian,"G#, C#, D#, F#",4,4.71,common_tone,False,False
F# lydian,G# lydian,"C, D#, F, G#, A#",5,3.14,closely_related,False,False
F# lydian,G# mixolydian,"C, C#, D#, F, F#, G#, A#",7,3.0,common_tone,False,False
F# lydian,G# locrian,"G#, C#, F#",3,5.29,common_tone,False,False
F# lydian,G# harmonic_minor,"G#, C#, A#, D#",4,4.71,common_tone,False,False
F# lydian,G# melodic_minor,"C#, D#, F, G#, A#",5,4.14,common_tone,False,False
F# lydian,A major,"G#, C#, F#",3,6.79,common_tone,False,False
F# lydian,A minor,"C, F",2,10.36,distant_modulation,False,False
F# lydian,A dorian,"C, F#",2,8.86,distant_modulation,False,False
F# lydian,A phrygian,"C, A#, F",3,9.79,common_tone,False,False
F# lydian,A lydian,"G#, C#, D#, F#",4,4.71,closely_related,False,False
F# lydian,A mixolydian,"C#, F#",2,7.36,distant_modulation,False,False
F# lydian,A locrian,"C, A#, D#, F",4,7.71,common_tone,False,False
F# lydian,A harmonic_minor,"C, G#, F",3,9.79,common_tone,False,False
F# lydian,A melodic_minor,"C, G#, F#",3,8.29,common_tone,False,False
F# lydian,A# major,"C, A#, D#, F",4,7.71,common_tone,False,False
F# lydian,A# minor,"C, C#, D#, F, F#, G#, A#",7,6.0,common_tone,False,False
F# lydian,A# dorian,"C, C#, D#, F, G#, A#",6,6.57,common_tone,False,False
F# lydian,A# phrygian,"C#, D#, F, F#, G#, A#",6,6.57,common_tone,False,False
F# lydian,A# lydian,"C, A#, F",3,6.29,common_tone,False,False
F# lydian,A# mixolydian,"C, D#, F, G#, A#",5,7.14,common_tone,False,False
F# lydian,A# locrian,"C#, D#, F#, G#, A#",5,7.14,common_tone,False,False
F# lydian,A# harmonic_minor,"C, C#, D#, F, F#, A#",6,6.57,common_tone,False,False
F# lydian,A# melodic_minor,"C, C#, D#, F, A#",5,7.14,common_tone,False,False
F# lydian,B major,"C#, D#, F#, G#, A#",5,8.64,common_tone,False,False
F# lydian,B minor,"C#, F#",2,10.36,distant_modulation,False,False
F# lydian,B dorian,"G#, C#, F#",3,9.79,common_tone,False,False
F# lydian,B phrygian,"C, F#",2,11.86,distant_modulation,False,False
F# lydian,B lydian,"C#, D#, F, F#, G#, A#",6,5.57,diatonic_common_tone,False,False
F# lydian,B mixolydian,"G#, C#, D#, F#",4,9.21,common_tone,False,False
F# lydian,B locrian,"C, F",2,11.86,distant_modulation,False,False
F# lydian,B harmonic_minor,"C#, A#, F#",3,9.79,common_tone,False,False
F# lydian,B melodic_minor,"G#, C#, A#, F#",4,9.21,common_tone,False,False
F# mixolydian,C major,"B, E",2,14.86,distant_modulation,False,False
F# mixolydian,C minor,"G#, A#, D#",3,14.29,common_tone,False,False
F# mixolydian,C dorian,"A#, D#",2,14.86,distant_modulation,False,False
F# mixolydian,C phrygian,"G#, C#, A#, D#",4,12.21,common_tone,False,False
F# mixolydian,C lydian,"B, E, F#",3,12.79,common_tone,False,False
F# mixolydian,C mixolydian,"A#, E",2,11.86,distant_modulation,False,False
F# mixolydian,C locrian,"C#, D#, F#, G#, A#",5,10.14,common_tone,False,False
F# mixolydian,C harmonic_minor,"G#, B, D#",3,14.29,common_tone,False,False
F# mixolydian,C melodic_minor,"B, D#",2,14.86,distant_modulation,False,False
F# mixolydian,C# major,"C#, D#, F#, G#, A#",5,8.64,common_tone,False,False
F# mixolydian,C# minor,"C#, D#, E, F#, G#, B",6,8.07,common_tone,False,False
F# mixolydian,C# dorian,"C#, D#, E, F#, G#, A#, B",7,7.5,common_tone,False,False
F# mixolydian,C# phrygian,"C#, E, F#, G#, B",5,8.64,common_tone,False,False
F# mixolydian,C# lydian,"G#, C#, A#, D#",4,9.21,common_tone,False,False
F# mixolydian,C# mixolydian,"C#, D#, F#, G#, A#, B",6,5.57,diatonic_common_tone,False,False
F# mixolydian,C# locrian,"C#, B, E, F#",4,9.21,common_tone,False,False
F# mixolydian,C# harmonic_minor,"C#, D#, E, F#, G#",5,8.64,common_tone,False,False
F# mixolydian,C# melodic_minor,"C#, D#, E, F#, G#, A#",6,8.07,common_tone,False,False
F# mixolydian,D major,"C#, B, E, F#",4,7.71,common_tone,False,False
F# mixolydian,D minor,"A#, E",2,11.86,distant_modulation,False,False
F# mixolydian,D dorian,"B, E",2,11.86,distant_modulation,False,False
F# mixolydian,D phrygian,"A#, D#",2,11.86,distant_modulation,False,False
F# mixolydian,D lydian,"C#, E, F#, G#, B",5,7.14,common_tone,False,False
F# mixolydian,D mixolydian,"B, E, F#",3,7.79,common_tone,False,False
F# mixolydian,D locrian,"G#, A#, D#",3,9.79,common_tone,False,False
F# mixolydian,D harmonic_minor,"C#, A#, E",3,9.79,common_tone,False,False
F# mixolydian,D melodic_minor,"C#, B, E",3,9.79,common_tone,False,False
F# mixolydian,D# major,"G#, A#, D#",3,6.79,common_tone,False,False
F# mixolydian,D# minor,"C#, D#, F#, G#, A#, B",6,5.07,common_tone,False,False
F# mixolydian,D# dorian,"C#, D#, F#, G#, A#",5,5.64,common_tone,False,False
F# mixolydian,D# phrygian,"C#, D#, E, F#, G#, A#, B",7,4.5,common_tone,False,False
F# mixolydian,D# lydian,"A#, D#",2,7.36,distant_modulation,False,False
F# mixolydian,D# mixolydian,"G#, C#, A#, D#",4,4.71,closely_related,False,False
F# mixolydian,D# locrian,"C#, D#, E, F#, G#, B",6,5.07,common_tone,False,False
F# mixolydian,D# harmonic_minor,"D#, F#, G#, A#, B",5,5.64,common_tone,False,False
F# mixolydian,D# melodic_minor,"G#, A#, D#, F#",4,6.21,common_tone,False,False
F# mixolydian,E major,"C#, D#, E, F#, G#, B",6,3.57,common_tone,False,False
F# mixolydian,E minor,"B, E, F#",3,5.29,common_tone,False,False
F# mixolydian,E dorian,"C#, B, E, F#",4,4.71,common_tone,False,False
F# mixolydian,E phrygian,"B, E",2,5.86,nearby_key,False,False
F# mixolydian,E lydian,"C#, D#, E, F#, G#, A#, B",7,3.0,common_tone,False,False
F# mixolydian,E mixolydian,"C#, E, F#, G#, B",5,3.14,closely_related,False,False
F# mixolydian,E locrian,"A#, E",2,5.86,nearby_key,False,False
F# mixolydian,E harmonic_minor,"B, D#, E, F#",4,4.71,common_tone,False,False
F# mixolydian,E melodic_minor,"C#, D#, E, F#, B",5,4.14,common_tone,False,False
F# mixolydian,F major,"A#, E",2,7.36,nearby_key,False,False
F# mixolydian,F minor,"G#, C#, A#, D#",4,4.71,common_tone,False,False
F# mixolydian,F dorian,"G#, A#, D#",3,6.79,common_tone,False,False
F# mixolydian,F phrygian,"C#, D#, F#, G#, A#",5,2.64,common_tone,False,False
F# mixolydian,F lydian,"B, E",2,7.36,nearby_key,False,False
F# mixolydian,F mixolydian,"A#, D#",2,6.86,nearby_key,False,False
F# mixolydian,F locrian,"C#, D#, F#, G#, A#, B",6,2.07,common_tone,False,False
F# mixolydian,F harmonic_minor,"G#, C#, A#, E",4,4.71,common_tone,False,False
F# mixolydian,F melodic_minor,"G#, A#, E",3,6.79,common_tone,False,False
F# mixolydian,F# major,"C#, D#, F#, G#, A#, B",6,0.57,common_tone,False,False
F# mixolydian,F# minor,"C#, E, F#, G#, B",5,1.14,common_tone,False,False
F# mixolydian,F# dorian,"C#, D#, E, F#, G#, B",6,0.57,common_tone,False,False
F# mixolydian,F# phrygian,"C#, B, E, F#",4,1.71,common_tone,False,False
F# mixolydian,F# lydian,"C#, D#, F#, G#, A#",5,1.14,common_tone,False,False
F# mixolydian,F# locrian,"B, E, F#",3,3.79,common_tone,False,False
F# mixolydian,F# harmonic_minor,"G#, C#, B, F#",4,1.71,common_tone,False,False
F# mixolydian,F# melodic_minor,"C#, D#, F#, G#, B",5,1.14,common_tone,False,False
F# mixolydian,G major,"B, E, F#",3,5.29,common_tone,False,False
F# mixolydian,G minor,"A#, D#",2,7.36,nearby_key,False,False
F# mixolydian,G dorian,"A#, E",2,7.36,nearby_key,False,False
F# mixolydian,G phrygian,"G#, A#, D#",3,6.79,common_tone,False,False
F# mixolydian,G lydian,"C#, B, E, F#",4,3.21,common_tone,False,False
F# mixolydian,G mixolydian,"B, E",2,6.86,nearby_key,False,False
F# mixolydian,G locrian,"G#, C#, A#, D#",4,4.71,common_tone,False,False
F# mixolydian,G harmonic_minor,"A#, D#, F#",3,5.29,common_tone,False,False
F# mixolydian,G melodic_minor,"A#, E, F#",3,5.29,common_tone,False,False
F# mixolydian,G# major,"G#, C#, A#, D#",4,4.71,common_tone,False,False
F# mixolydian,G# minor,"C#, D#, E, F#, G#, A#, B",7,3.0,common_tone,False,False
F# mixolydian,G# dorian,"C#, D#, F#, G#, A#, B",6,3.57,common_tone,False,False
F# mixolydian,G# phrygian,"C#, D#, E, F#, G#, B",6,3.57,common_tone,False,False
F# mixolydian,G# lydian,"G#, A#, D#",3,5.29,common_tone,False,False
F# mixolydian,G# mixolydian,"C#, D#, F#, G#, A#",5,3.14,closely_related,False,False
F# mixolydian,G# locrian,"C#, E, F#, G#, B",5,4.14,common_tone,False,False
F# mixolydian,G# harmonic_minor,"C#, D#, E, G#, A#, B",6,3.57,common_tone,False,False
F# mixolydian,G# melodic_minor,"C#, D#, G#, A#, B",5,4.14,common_tone,False,False
F# mixolydian,A major,"C#, E, F#, G#, B",5,5.64,common_tone,False,False
F# mixolydian,A minor,"B, E",2,8.86,distant_modulation,False,False
F# mixolydian,A dorian,"B, E, F#",3,6.79,common_tone,False,False
F# mixolydian,A phrygian,"A#, E",2,8.86,distant_modulation,False,False
F# mixolydian,A lydian,"C#, D#, E, F#, G#, B",6,5.07,common_tone,False,False
F# mixolydian,A mixolydian,"C#, B, E, F#",4,4.71,closely_related,False,False
F# mixolydian,A locrian,"A#, D#",2,8.86,distant_modulation,False,False
F# mixolydian,A harmonic_minor,"G#, B, E",3,8.29,common_tone,False,False
F# mixolydian,A melodic_minor,"G#, B, E, F#",4,6.21,common_tone,False,False
F# mixolydian,A# major,"A#, D#",2,10.36,distant_modulation,False,False
F# mixolydian,A# minor,"C#, D#, F#, G#, A#",5,7.14,common_tone,False,False
F# mixolydian,A# dorian,"G#, C#, A#, D#",4,7.71,common_tone,False,False
F# mixolydian,A# phrygian,"C#, D#, F#, G#, A#, B",6,6.57,common_tone,False,False
F# mixolydian,A# lydian,"A#, E",2,10.36,distant_modulation,False,False
F# mixolydian,A# mixolydian,"G#, A#, D#",3,7.79,common_tone,False,False
F# mixolydian,A# locrian,"C#, D#, E, F#, G#, A#, B",7,6.0,common_tone,False,False
F# mixolydian,A# harmonic_minor,"C#, A#, D#, F#",4,7.71,common_tone,False,False
F# mixolydian,A# melodic_minor,"C#, A#, D#",3,8.29,common_tone,False,False
F# mixolydian,B major,"C#, D#, E, F#, G#, A#, B",7,7.5,common_tone,False,False
F# mixolydian,B minor,"C#, B, E, F#",4,9.21,common_tone,False,False
F# mixolydian,B dorian,"C#, E, F#, G#, B",5,8.64,common_tone,False,False
F# mixolydian,B phrygian,"B, E, F#",3,9.79,common_tone,False,False
F# mixolydian,B lydian,"C#, D#, F#, G#, A#, B",6,8.07,common_tone,False,False
F# mixolydian,B mixolydian,"C#, D#, E, F#, G#, B",6,5.57,diatonic_common_tone,False,False
F# mixolydian,B locrian,"B, E",2,11.86,distant_modulation,False,False
F# mixolydian,B harmonic_minor,"C#, E, F#, A#, B",5,8.64,common_tone,False,False
F# mixolydian,B melodic_minor,"C#, E, F#, G#, A#, B",6,8.07,common_tone,False,False
F# locrian,C major,"C, D, E, G, A, B",6,9.57,common_tone,False,False
F# locrian,C minor,"C, D, G",3,11.29,common_tone,False,False
F# locrian,C dorian,"C, A, D, G",4,10.71,common_tone,False,False
F# locrian,C phrygian,"C, G",2,11.86,distant_modulation,False,False
F# locrian,C lydian,"C, D, E, F#, G, A, B",7,9.0,common_tone,False,False
F# locrian,C mixolydian,"C, D, E, G, A",5,10.14,common_tone,False,False
F# locrian,C locrian,"C, F#",2,8.86,distant_modulation,False,False
F# locrian,C harmonic_minor,"C, D, B, G",4,10.71,common_tone,False,False
F# locrian,C melodic_minor,"C, D, G, A, B",5,10.14,common_tone,False,False
F# locrian,C# major,"C, F#",2,10.36,distant_modulation,False,False
F# locrian,C# minor,"A, B, E, F#",4,10.71,common_tone,False,False
F# locrian,C# dorian,"B, E, F#",3,11.29,common_tone,False,False
F# locrian,C# phrygian,"D, E, F#, A, B",5,10.14,common_tone,False,False
F# locrian,C# lydian,"C, G",2,11.86,distant_modulation,False,False
F# locrian,C# mixolydian,"B, F#",2,11.86,distant_modulation,False,False
F# locrian,C# locrian,"D, E, F#, G, A, B",6,5.57,diatonic_common_tone,False,False
F# locrian,C# harmonic_minor,"C, A, E, F#",4,9.21,common_tone,False,False
F# locrian,C# melodic_minor,"C, E, F#",3,9.79,common_tone,False,False
F# locrian,D major,"D, E, F#, G, A, B",6,6.57,common_tone,False,False
F# locrian,D minor,"C, D, E, G, A",5,7.14,common_tone,False,False
F# locrian,D dorian,"C, D, E, G, A, B",6,6.57,common_tone,False,False
F# locrian,D phrygian,"C, A, D, G",4,7.71,common_tone,False,False
F# locrian,D lydian,"D, E, F#, A, B",5,7.14,common_tone,False,False
F# locrian,D mixolydian,"C, D, E, F#, G, A, B",7,6.0,common_tone,False,False
F# locrian,D locrian,"C, D, G",3,6.29,common_tone,False,False
F# locrian,D harmonic_minor,"A, D, E, G",4,7.71,common_tone,False,False
F# locrian,D melodic_minor,"D, E, G, A, B",5,7.14,common_tone,False,False
F# locrian,D# major,"C, D, G",3,8.29,common_tone,False,False
F# locrian,D# minor,"B, F#",2,8.86,distant_modulation,False,False
F# locrian,D# dorian,"C, F#",2,7.36,distant_modulation,False,False
F# locrian,D# phrygian,"B, E, F#",3,8.29,common_tone,False,False
F# locrian,D# lydian,"C, A, D, G",4,7.71,common_tone,False,False
F# locrian,D# mixolydian,"C, G",2,8.86,distant_modulation,False,False
F# locrian,D# locrian,"A, B, E, F#",4,4.71,closely_related,False,False
F# locrian,D# harmonic_minor,"D, B, F#",3,8.29,common_tone,False,False
F# locrian,D# melodic_minor,"C, D, F#",3,6.79,common_tone,False,False
F# locrian,E major,"A, B, E, F#",4,4.71,common_tone,False,False
F# locrian,E minor,"C, D, E, F#, G, A, B",7,3.0,common_tone,False,False
F# locrian,E dorian,"D, E, F#, G, A, B",6,3.57,common_tone,False,False
F# locrian,E phrygian,"C, D, E, G, A, B",6,3.57,common_tone,False,False
F# locrian,E lydian,"B, E, F#",3,5.29,common_tone,False,False
F# locrian,E mixolydian,"D, E, F#, A, B",5,4.14,common_tone,False,False
F# locrian,E locrian,"C, D, E, G, A",5,3.14,closely_related,False,False
F# locrian,E harmonic_minor,"C, E, F#, G, A, B",6,3.57,common_tone,False,False
F# locrian,E melodic_minor,"E, F#, G, A, B",5,4.14,common_tone,False,False
F# locrian,F major,"C, D, E, G, A",5,4.14,common_tone,False,False
F# locrian,F minor,"C, G",2,5.86,nearby_key,False,False
F# locrian,F dorian,"C, D, G",3,5.29,common_tone,False,False
F# locrian,F phrygian,"C, F#",2,4.36,nearby_key,False,False
F# locrian,F lydian,"C, D, E, G, A, B",6,3.57,common_tone,False,False
F# locrian,F mixolydian,"C, A, D, G",4,4.71,common_tone,False,False
F# locrian,F locrian,"B, F#",2,3.86,nearby_key,False,False
F# locrian,F harmonic_minor,"C, E, G",3,5.29,common_tone,False,False
F# locrian,F melodic_minor,"C, D, E, G",4,4.71,common_tone,False,False
F# locrian,F# major,"B, F#",2,4.36,nearby_key,False,False
F# locrian,F# minor,"D, E, F#, A, B",5,2.64,common_tone,False,False
F# locrian,F# dorian,"A, B, E, F#",4,3.21,common_tone,False,False
F# locrian,F# phrygian,"D, E, F#, G, A, B",6,2.07,common_tone,False,False
F# locrian,F# lydian,"C, F#",2,2.86,nearby_key,False,False
F# locrian,F# mixolydian,"B, E, F#",3,3.79,common_tone,False,False
F# locrian,F# harmonic_minor,"A, D, B, F#",4,3.21,common_tone,False,False
F# locrian,F# melodic_minor,"A, B, F#",3,3.79,common_tone,False,False
F# locrian,G major,"C, D, E, F#, G, A, B",7,1.5,common_tone,False,False
F# locrian,G minor,"C, A, D, G",4,3.21,common_tone,False,False
F# locrian,G dorian,"C, D, E, G, A",5,2.64,common_tone,False,False
F# locrian,G phrygian,"C, D, G",3,3.79,common_tone,False,False
F# locrian,G lydian,"D, E, F#, G, A, B",6,2.07,common_tone,False,False
F# locrian,G mixolydian,"C, D, E, G, A, B",6,2.07,common_tone,False,False
F# locrian,G locrian,"C, G",2,3.86,nearby_key,False,False
F# locrian,G harmonic_minor,"C, D, F#, G, A",5,2.64,common_tone,False,False
F# locrian,G melodic_minor,"C, D, E, F#, G, A",6,2.07,common_tone,False,False
F# locrian,G# major,"C, G",2,7.36,nearby_key,False,False
F# locrian,G# minor,"B, E, F#",3,6.79,common_tone,False,False
F# locrian,G# dorian,"B, F#",2,7.36,nearby_key,False,False
F# locrian,G# phrygian,"A, B, E, F#",4,6.21,common_tone,False,False
F# locrian,G# lydian,"C, D, G",3,6.79,common_tone,False,False
F# locrian,G# mixolydian,"C, F#",2,5.86,nearby_key,False,False
F# locrian,G# locrian,"D, E, F#, A, B",5,3.14,closely_related,False,False
F# locrian,G# harmonic_minor,"B, E, G",3,8.29,common_tone,False,False
F# locrian,G# melodic_minor,"B, G",2,8.86,nearby_key,False,False
F# locrian,A major,"D, E, F#, A, B",5,5.64,common_tone,False,False
F# locrian,A minor,"C, D, E, G, A, B",6,5.07,common_tone,False,False
F# locrian,A dorian,"C, D, E, F#, G, A, B",7,4.5,common_tone,False,False
F# locrian,A phrygian,"C, D, E, G, A",5,5.64,common_tone,False,False
F# locrian,A lydian,"A, B, E, F#",4,6.21,common_tone,False,False
F# locrian,A mixolydian,"D, E, F#, G, A, B",6,5.07,common_tone,False,False
F# locrian,A locrian,"C, A, D, G",4,4.71,closely_related,False,False
F# locrian,A harmonic_minor,"C, D, E, A, B",5,5.64,common_tone,False,False
F# locrian,A melodic_minor,"C, D, E, F#, A, B",6,5.07,common_tone,False,False
F# locrian,A# major,"C, A, D, G",4,9.21,common_tone,False,False
F# locrian,A# minor,"C, F#",2,8.86,distant_modulation,False,False
F# locrian,A# dorian,"C, G",2,10.36,distant_modulation,False,False
F# locrian,A# phrygian,"B, F#",2,10.36,distant_modulation,False,False
F# locrian,A# lydian,"C, D, E, G, A",5,8.64,common_tone,False,False
F# locrian,A# mixolydian,"C, D, G",3,9.79,common_tone,False,False
F# locrian,A# locrian,"B, E, F#",3,6.29,common_tone,False,False
F# locrian,A# harmonic_minor,"C, A, F#",3,8.29,common_tone,False,False
F# locrian,A# melodic_minor,"C, A, G",3,9.79,common_tone,False,False
F# locrian,B major,"B, E, F#",3,9.79,common_tone,False,False
F# locrian,B minor,"D, E, F#, G, A, B",6,8.07,common_tone,False,False
F# locrian,B dorian,"D, E, F#, A, B",5,8.64,common_tone,False,False
F# locrian,B phrygian,"C, D, E, F#, G, A, B",7,7.5,common_tone,False,False
F# locrian,B lydian,"B, F#",2,10.36,distant_modulation,False,False
F# locrian,B mixolydian,"A, B, E, F#",4,9.21,common_tone,False,False
F# locrian,B locrian,"C, D, E, G, A, B",6,5.57,diatonic_common_tone,False,False
F# locrian,B harmonic_minor,"D, E, F#, G, B",5,8.64,common_tone,False,False
F# locrian,B melodic_minor,"D, B, E, F#",4,9.21,common_tone,False,False
F# harmonic_minor,C major,"A, D, B, F",4,13.71,common_tone,False,False
F# harmonic_minor,C minor,"G#, D, F",3,14.29,common_tone,False,False
F# harmonic_minor,C dorian,"A, D, F",3,14.29,common_tone,False,False
F# harmonic_minor,C phrygian,"G#, C#, F",3,12.79,common_tone,False,False
F# harmonic_minor,C lydian,"A, D, B, F#",4,12.21,common_tone,False,False
F# harmonic_minor,C mixolydian,"A, D, F",3,14.29,common_tone,False,False
F# harmonic_minor,C locrian,"G#, C#, F, F#",4,10.71,common_tone,False,False
F# harmonic_minor,C harmonic_minor,"G#, D, B, F",4,10.71,closely_related,False,False
F# harmonic_minor,C melodic_minor,"A, D, B, F",4,13.71,common_tone,False,False
F# harmonic_minor,C# major,"G#, C#, F, F#",4,9.21,common_tone,False,False
F# harmonic_minor,C# minor,"C#, F#, G#, A, B",5,8.64,common_tone,False,False
F# harmonic_minor,C# dorian,"G#, C#, B, F#",4,9.21,common_tone,False,False
F# harmonic_minor,C# phrygian,"C#, D, F#, G#, A, B",6,8.07,common_tone,False,False
F# harmonic_minor,C# lydian,"G#, C#, F",3,9.79,common_tone,False,False
F# harmonic_minor,C# mixolydian,"C#, F, F#, G#, B",5,8.64,common_tone,False,False
F# harmonic_minor,C# locrian,"C#, D, F#, A, B",5,8.64,common_tone,False,False
F# harmonic_minor,C# harmonic_minor,"G#, C#, F#, A",4,6.71,closely_related,False,False
F# harmonic_minor,C# melodic_minor,"G#, C#, F#",3,9.79,common_tone,False,False
F# harmonic_minor,D major,"C#, D, F#, A, B",5,7.14,common_tone,False,False
F# harmonic_minor,D minor,"A, D, F",3,8.29,common_tone,False,False
F# harmonic_minor,D dorian,"A, D, B, F",4,7.71,common_tone,False,False
F# harmonic_minor,D phrygian,"A, D, F",3,8.29,common_tone,False,False
F# harmonic_minor,D lydian,"C#, D, F#, G#, A, B",6,6.57,common_tone,False,False
F# harmonic_minor,D mixolydian,"A, D, B, F#",4,7.71,common_tone,False,False
F# harmonic_minor,D locrian,"G#, D, F",3,8.29,common_tone,False,False
F# harmonic_minor,D harmonic_minor,"C#, D, F, A",4,5.71,closely_related,False,False
F# harmonic_minor,D melodic_minor,"C#, D, F, A, B",5,7.14,common_tone,False,False
F# harmonic_minor,D# major,"G#, D, F",3,9.79,common_tone,False,False
F# harmonic_minor,D# minor,"C#, F, F#, G#, B",5,5.64,common_tone,False,False
F# harmonic_minor,D# dorian,"G#, C#, F, F#",4,6.21,common_tone,False,False
F# harmonic_minor,D# phrygian,"G#, C#, B, F#",4,6.21,common_tone,False,False
F# harmonic_minor,D# lydian,"A, D, F",3,9.79,common_tone,False,False
F# harmonic_minor,D# mixolydian,"G#, C#, F",3,8.29,common_tone,False,False
F# harmonic_minor,D# locrian,"C#, F#, G#, A, B",5,5.64,common_tone,False,False
F# harmonic_minor,D# harmonic_minor,"D, F, F#, G#, B",5,5.64,closely_related,False,False
F# harmonic_minor,D# melodic_minor,"G#, D, F, F#",4,7.71,common_tone,False,False
F# harmonic_minor,E major,"C#, F#, G#, A, B",5,4.14,common_tone,False,False
F# harmonic_minor,E minor,"A, D, B, F#",4,4.71,common_tone,False,False
F# harmonic_minor,E dorian,"C#, D, F#, A, B",5,4.14,common_tone,False,False
F# harmonic_minor,E phrygian,"A, D, B, F",4,6.21,common_tone,False,False
F# harmonic_minor,E lydian,"G#, C#, B, F#",4,4.71,common_tone,False,False
F# harmonic_minor,E mixolydian,"C#, D, F#, G#, A, B",6,3.57,common_tone,False,False
F# harmonic_minor,E locrian,"A, D, F",3,8.29,common_tone,False,False
F# harmonic_minor,E harmonic_minor,"A, B, F#",3,4.29,common_tone,False,False
F# harmonic_minor,E melodic_minor,"C#, B, F#, A",4,4.71,common_tone,False,False
F# harmonic_minor,F major,"A, D, F",3,5.29,common_tone,False,False
F# harmonic_minor,F minor,"G#, C#, F",3,3.79,common_tone,False,False
F# harmonic_minor,F dorian,"G#, D, F",3,5.29,common_tone,False,False
F# harmonic_minor,F phrygian,"G#, C#, F, F#",4,3.21,common_tone,False,False
F# harmonic_minor,F lydian,"A, D, B, F",4,4.71,common_tone,False,False
F# harmonic_minor,F mixolydian,"A, D, F",3,5.29,common_tone,False,False
F# harmonic_minor,F locrian,"C#, F, F#, G#, B",5,2.64,common_tone,False,False
F# harmonic_minor,F harmonic_minor,"G#, C#, F",3,3.29,common_tone,False,False
F# harmonic_minor,F melodic_minor,"G#, D, F",3,5.29,common_tone,False,False
F# harmonic_minor,F# major,"C#, F, F#, G#, B",5,1.14,common_tone,False,False
F# harmonic_minor,F# minor,"C#, D, F#, G#, A, B",6,0.57,common_tone,False,False
F# harmonic_minor,F# dorian,"C#, F#, G#, A, B",5,1.14,common_tone,False,False
F# harmonic_minor,F# phrygian,"C#, D, F#, A, B",5,1.14,common_tone,False,False
F# harmonic_minor,F# lydian,"G#, C#, F, F#",4,1.71,common_tone,False,False
F# harmonic_minor,F# mixolydian,"G#, C#, B, F#",4,1.71,common_tone,False,False
F# harmonic_minor,F# locrian,"A, D, B, F#",4,3.21,common_tone,False,False
F# harmonic_minor,F# melodic_minor,"C#, F, F#, G#, A, B",6,0.57,common_tone,False,False
F# harmonic_minor,G major,"A, D, B, F#",4,3.21,common_tone,False,False
F# harmonic_minor,G minor,"A, D, F",3,5.29,common_tone,False,False
F# harmonic_minor,G dorian,"A, D, F",3,5.29,common_tone,False,False
F# harmonic_minor,G phrygian,"G#, D, F",3,5.29,common_tone,False,False
F# harmonic_minor,G lydian,"C#, D, F#, A, B",5,2.64,common_tone,False,False
F# harmonic_minor,G mixolydian,"A, D, B, F",4,4.71,common_tone,False,False
F# harmonic_minor,G locrian,"G#, C#, F",3,5.29,common_tone,False,False
F# harmonic_minor,G harmonic_minor,"A, D, F#",3,3.29,common_tone,False,False
F# harmonic_minor,G melodic_minor,"A, D, F#",3,3.79,common_tone,False,False
F# harmonic_minor,G# major,"G#, C#, F",3,5.29,common_tone,False,False
F# harmonic_minor,G# minor,"G#, C#, B, F#",4,4.71,common_tone,False,False
F# harmonic_minor,G# dorian,"C#, F, F#, G#, B",5,4.14,common_tone,False,False
F# harmonic_minor,G# phrygian,"C#, F#, G#, A, B",5,4.14,common_tone,False,False
F# harmonic_minor,G# lydian,"G#, D, F",3,6.79,common_tone,False,False
F# harmonic_minor,G# mixolydian,"G#, C#, F, F#",4,4.71,common_tone,False,False
F# harmonic_minor,G# locrian,"C#, D, F#, G#, A, B",6,3.57,common_tone,False,False
F# harmonic_minor,G# harmonic_minor,"G#, C#, B",3,4.29,common_tone,False,False
F# harmonic_minor,G# melodic_minor,"G#, C#, B, F",4,4.71,common_tone,False,False
F# harmonic_minor,A major,"C#, D, F#, G#, A, B",6,5.07,common_tone,False,False
F# harmonic_minor,A minor,"A, D, B, F",4,7.71,common_tone,False,False
F# harmonic_minor,A dorian,"A, D, B, F#",4,6.21,common_tone,False,False
F# harmonic_minor,A phrygian,"A, D, F",3,8.29,common_tone,False,False
F# harmonic_minor,A lydian,"C#, F#, G#, A, B",5,5.64,common_tone,False,False
F# harmonic_minor,A mixolydian,"C#, D, F#, A, B",5,5.64,common_tone,False,False
F# harmonic_minor,A locrian,"A, D, F",3,8.29,common_tone,False,False
F# harmonic_minor,A harmonic_minor,"D, F, G#, A, B",5,5.64,closely_related,False,False
F# harmonic_minor,A melodic_minor,"D, F#, G#, A, B",5,5.64,common_tone,False,False
F# harmonic_minor,A# major,"A, D, F",3,9.79,common_tone,False,False
F# harmonic_minor,A# minor,"G#, C#, F, F#",4,7.71,common_tone,False,False
F# harmonic_minor,A# dorian,"G#, C#, F",3,8.29,common_tone,False,False
F# harmonic_minor,A# phrygian,"C#, F, F#, G#, B",5,7.14,common_tone,False,False
F# harmonic_minor,A# lydian,"A, D, F",3,9.79,common_tone,False,False
F# harmonic_minor,A# mixolydian,"G#, D, F",3,9.79,common_tone,False,False
F# harmonic_minor,A# locrian,"G#, C#, B, F#",4,7.71,common_tone,False,False
F# harmonic_minor,A# harmonic_minor,"C#, F, F#, A",4,5.71,closely_related,False,False
F# harmonic_minor,A# melodic_minor,"C#, F, A",3,8.29,common_tone,False,False
F# harmonic_minor,B major,"G#, C#, B, F#",4,9.21,common_tone,False,False
F# harmonic_minor,B minor,"C#, D, F#, A, B",5,8.64,common_tone,False,False
F# harmonic_minor,B dorian,"C#, D, F#, G#, A, B",6,8.07,common_tone,False,False
F# harmonic_minor,B phrygian,"A, D, B, F#",4,9.21,common_tone,False,False
F# harmonic_minor,B lydian,"C#, F, F#, G#, B",5,8.64,common_tone,False,False
F# harmonic_minor,B mixolydian,"C#, F#, G#, A, B",5,8.64,common_tone,False,False
F# harmonic_minor,B locrian,"A, D, B, F",4,9.21,common_tone,False,False
F# harmonic_minor,B harmonic_minor,"C#, D, B, F#",4,6.71,closely_related,False,False
F# harmonic_minor,B melodic_minor,"C#, D, F#, G#, B",5,8.64,common_tone,False,False
F# melodic_minor,C major,"A, B, F",3,14.29,common_tone,False,False
F# melodic_minor,C minor,"G#, D#, F",3,14.29,common_tone,False,False
F# melodic_minor,C dorian,"A, D#, F",3,14.29,common_tone,False,False
F# melodic_minor,C phrygian,"G#, C#, D#, F",4,12.21,common_tone,False,False
F# melodic_minor,C lydian,"A, B, F#",3,12.79,common_tone,False,False
F# melodic_minor,C mixolydian,"A, F",2,14.86,distant_modulation,False,False
F# melodic_minor,C locrian,"C#, D#, F, F#, G#",5,10.14,common_tone,False,False
F# melodic_minor,C harmonic_minor,"G#, B, D#, F",4,13.71,common_tone,False,False
F# melodic_minor,C melodic_minor,"B, A, D#, F",4,10.71,closely_related,False,False
F# melodic_minor,C# major,"C#, D#, F, F#, G#",5,8.64,common_tone,False,False
F# melodic_minor,C# minor,"C#, D#, F#, G#, A, B",6,8.07,common_tone,False,False
F# melodic_minor,C# dorian,"C#, D#, F#, G#, B",5,8.64,common_tone,False,False
F# melodic_minor,C# phrygian,"C#, F#, G#, A, B",5,8.64,common_tone,False,False
F# melodic_minor,C# lydian,"G#, C#, D#, F",4,9.21,common_tone,False,False
F# melodic_minor,C# mixolydian,"C#, D#, F, F#, G#, B",6,8.07,common_tone,False,False
F# melodic_minor,C# locrian,"C#, B, F#, A",4,9.21,common_tone,False,False
F# melodic_minor,C# harmonic_minor,"C#, D#, F#, G#, A",5,8.64,common_tone,False,False
F# melodic_minor,C# melodic_minor,"G#, C#, D#, F#",4,6.71,closely_related,False,False
F# melodic_minor,D major,"C#, B, F#, A",4,7.71,common_tone,False,False
F# melodic_minor,D minor,"A, F",2,10.36,distant_modulation,False,False
F# melodic_minor,D dorian,"A, B, F",3,9.79,common_tone,False,False
F# melodic_minor,D phrygian,"A, D#, F",3,9.79,common_tone,False,False
F# melodic_minor,D lydian,"C#, F#, G#, A, B",5,7.14,common_tone,False,False
F# melodic_minor,D mixolydian,"A, B, F#",3,8.29,common_tone,False,False
F# melodic_minor,D locrian,"G#, D#, F",3,9.79,common_tone,False,False
F# melodic_minor,D harmonic_minor,"C#, F, A",3,8.29,common_tone,False,False
F# melodic_minor,D melodic_minor,"C#, B, F, A",4,5.71,closely_related,False,False
F# melodic_minor,D# major,"G#, D#, F",3,8.29,common_tone,False,False
F# melodic_minor,D# minor,"C#, D#, F, F#, G#, B",6,5.07,common_tone,False,False
F# melodic_minor,D# dorian,"C#, D#, F, F#, G#",5,5.64,common_tone,False,False
F# melodic_minor,D# phrygian,"C#, D#, F#, G#, B",5,5.64,common_tone,False,False
F# melodic_minor,D# lydian,"A, D#, F",3,8.29,common_tone,False,False
F# melodic_minor,D# mixolydian,"G#, C#, D#, F",4,6.21,common_tone,False,False
F# melodic_minor,D# locrian,"C#, D#, F#, G#, A, B",6,5.07,common_tone,False,False
F# melodic_minor,D# harmonic_minor,"D#, F, F#, G#, B",5,5.64,common_tone,False,False
F# melodic_minor,D# melodic_minor,"G#, D#, F, F#",4,4.71,closely_related,False,False
F# melodic_minor,E major,"C#, D#, F#, G#, A, B",6,3.57,common_tone,False,False
F# melodic_minor,E minor,"A, B, F#",3,5.29,common_tone,False,False
F# melodic_minor,E dorian,"C#, B, F#, A",4,4.71,common_tone,False,False
F# melodic_minor,E phrygian,"A, B, F",3,6.79,common_tone,False,False
F# melodic_minor,E lydian,"C#, D#, F#, G#, B",5,4.14,common_tone,False,False
F# melodic_minor,E mixolydian,"C#, F#, G#, A, B",5,4.14,common_tone,False,False
F# melodic_minor,E locrian,"A, F",2,8.86,nearby_key,False,False
F# melodic_minor,E harmonic_minor,"B, A, D#, F#",4,4.71,common_tone,False,False
F# melodic_minor,E melodic_minor,"C#, D#, F#, A, B",5,3.14,closely_related,False,False
F# melodic_minor,F major,"A, F",2,5.86,nearby_key,False,False
F# melodic_minor,F minor,"G#, C#, D#, F",4,3.21,common_tone,False,False
F# melodic_minor,F dorian,"G#, D#, F",3,5.29,common_tone,False,False
F# melodic_minor,F phrygian,"C#, D#, F, F#, G#",5,2.64,common_tone,False,False
F# melodic_minor,F lydian,"A, B, F",3,5.29,common_tone,False,False
F# melodic_minor,F mixolydian,"A, D#, F",3,5.29,common_tone,False,False
F# melodic_minor,F locrian,"C#, D#, F, F#, G#, B",6,2.07,common_tone,False,False
F# melodic_minor,F harmonic_minor,"G#, C#, F",3,3.79,common_tone,False,False
F# melodic_minor,F melodic_minor,"G#, F",2,5.36,nearby_key,False,False
F# melodic_minor,F# major,"C#, D#, F, F#, G#, B",6,0.57,common_tone,False,False
F# melodic_minor,F# minor,"C#, F#, G#, A, B",5,1.14,common_tone,False,False
F# melodic_minor,F# dorian,"C#, D#, F#, G#, A, B",6,0.57,common_tone,False,False
F# melodic_minor,F# phrygian,"C#, B, F#, A",4,1.71,common_tone,False,False
F# melodic_minor,F# lydian,"C#, D#, F, F#, G#",5,1.14,common_tone,False,False
F# melodic_minor,F# mixolydian,"C#, D#, F#, G#, B",5,1.14,common_tone,False,False
F# melodic_minor,F# locrian,"A, B, F#",3,3.79,common_tone,False,False
F# melodic_minor,F# harmonic_minor,"C#, F, F#, G#, A, B",6,0.57,common_tone,False,False
F# melodic_minor,G major,"A, B, F#",3,5.29,common_tone,False,False
F# melodic_minor,G minor,"A, D#, F",3,6.79,common_tone,False,False
F# melodic_minor,G dorian,"A, F",2,7.36,nearby_key,False,False
F# melodic_minor,G phrygian,"G#, D#, F",3,6.79,common_tone,False,False
F# melodic_minor,G lydian,"C#, B, F#, A",4,3.21,common_tone,False,False
F# melodic_minor,G mixolydian,"A, B, F",3,6.79,common_tone,False,False
F# melodic_minor,G locrian,"G#, C#, D#, F",4,4.71,common_tone,False,False
F# melodic_minor,G harmonic_minor,"A, D#, F#",3,5.29,common_tone,False,False
F# melodic_minor,G melodic_minor,"A, F#",2,5.36,nearby_key,False,False
F# melodic_minor,G# major,"G#, C#, D#, F",4,4.71,common_tone,False,False
F# melodic_minor,G# minor,"C#, D#, F#, G#, B",5,4.14,common_tone,False,False
F# melodic_minor,G# dorian,"C#, D#, F, F#, G#, B",6,3.57,common_tone,False,False
F# melodic_minor,G# phrygian,"C#, D#, F#, G#, A, B",6,3.57,common_tone,False,False
F# melodic_minor,G# lydian,"G#, D#, F",3,5.29,common_tone,False,False
F# melodic_minor,G# mixolydian,"C#, D#, F, F#, G#",5,4.14,common_tone,False,False
F# melodic_minor,G# locrian,"C#, F#, G#, A, B",5,4.14,common_tone,False,False
F# melodic_minor,G# harmonic_minor,"G#, C#, D#, B",4,4.71,common_tone,False,False
F# melodic_minor,G# melodic_minor,"C#, D#, F, G#, B",5,3.14,closely_related,False,False
F# melodic_minor,A major,"C#, F#, G#, A, B",5,5.64,common_tone,False,False
F# melodic_minor,A minor,"A, B, F",3,8.29,common_tone,False,False
F# melodic_minor,A dorian,"A, B, F#",3,6.79,common_tone,False,False
F# melodic_minor,A phrygian,"A, F",2,8.86,distant_modulation,False,False
F# melodic_minor,A lydian,"C#, D#, F#, G#, A, B",6,5.07,common_tone,False,False
F# melodic_minor,A mixolydian,"C#, B, F#, A",4,6.21,common_tone,False,False
F# melodic_minor,A locrian,"A, D#, F",3,6.79,common_tone,False,False
F# melodic_minor,A harmonic_minor,"G#, A, B, F",4,7.71,common_tone,False,False
F# melodic_minor,A melodic_minor,"G#, A, B, F#",4,4.71,closely_related,False,False
F# melodic_minor,A# major,"A, D#, F",3,9.79,common_tone,False,False
F# melodic_minor,A# minor,"C#, D#, F, F#, G#",5,7.14,common_tone,False,False
F# melodic_minor,A# dorian,"G#, C#, D#, F",4,7.71,common_tone,False,False
F# melodic_minor,A# phrygian,"C#, D#, F, F#, G#, B",6,6.57,common_tone,False,False
F# melodic_minor,A# lydian,"A, F",2,10.36,distant_modulation,False,False
F# melodic_minor,A# mixolydian,"G#, D#, F",3,9.79,common_tone,False,False
F# melodic_minor,A# locrian,"C#, D#, F#, G#, B",5,7.14,common_tone,False,False
F# melodic_minor,A# harmonic_minor,"C#, D#, F, F#, A",5,7.14,common_tone,False,False
F# melodic_minor,A# melodic_minor,"C#, D#, F, A",4,5.71,closely_related,False,False
F# melodic_minor,B major,"C#, D#, F#, G#, B",5,8.64,common_tone,False,False
F# melodic_minor,B minor,"C#, B, F#, A",4,9.21,common_tone,False,False
F# melodic_minor,B dorian,"C#, F#, G#, A, B",5,8.64,common_tone,False,False
F# melodic_minor,B phrygian,"A, B, F#",3,9.79,common_tone,False,False
F# melodic_minor,B lydian,"C#, D#, F, F#, G#, B",6,8.07,common_tone,False,False
F# melodic_minor,B mixolydian,"C#, D#, F#, G#, A, B",6,8.07,common_tone,False,False
F# melodic_minor,B locrian,"A, B, F",3,9.79,common_tone,False,False
F# melodic_minor,B harmonic_minor,"C#, B, F#",3,9.79,common_tone,False,False
F# melodic_minor,B melodic_minor,"G#, C#, B, F#",4,6.71,closely_related,False,False
G major,C major,"C, D, E, G, A, B",6,5.57,diatonic_common_tone,False,False
G major,C minor,"C, D, G",3,9.79,common_tone,False,False
G major,C dorian,"C, A, D, G",4,9.21,common_tone,False,False
G major,C phrygian,"C, G",2,10.36,distant_modulation,False,False
G major,C lydian,"C, D, E, F#, G, A, B",7,7.5,common_tone,False,False
G major,C mixolydian,"C, D, E, G, A",5,8.64,common_tone,False,False
G major,C locrian,"C, F#",2,10.36,distant_modulation,False,False
G major,C harmonic_minor,"C, D, B, G",4,9.21,common_tone,False,False
G major,C melodic_minor,"C, D, G, A, B",5,8.64,common_tone,False,False
G major,C# major,"C, F#",2,11.86,distant_modulation,False,False
G major,C# minor,"A, B, E, F#",4,13.71,common_tone,False,False
G major,C# dorian,"B, E, F#",3,14.29,common_tone,False,False
G major,C# phrygian,"D, E, F#, A, B",5,11.64,common_tone,False,False
G major,C# lydian,"C, G",2,13.36,distant_modulation,False,False
G major,C# mixolydian,"B, F#",2,14.86,distant_modulation,False,False
G major,C# locrian,"D, E, F#, G, A, B",6,9.57,common_tone,False,False
G major,C# harmonic_minor,"C, A, E, F#",4,13.71,common_tone,False,False
G major,C# melodic_minor,"C, E, F#",3,14.29,common_tone,False,False
G major,D major,"D, E, F#, G, A, B",6,5.57,diatonic_common_tone,False,False
G major,D minor,"C, D, E, G, A",5,8.64,common_tone,False,False
G major,D dorian,"C, D, E, G, A, B",6,8.07,common_tone,False,False
G major,D phrygian,"C, A, D, G",4,9.21,common_tone,False,False
G major,D lydian,"D, E, F#, A, B",5,8.64,common_tone,False,False
G major,D mixolydian,"C, D, E, F#, G, A, B",7,7.5,common_tone,False,False
G major,D locrian,"C, D, G",3,9.79,common_tone,False,False
G major,D harmonic_minor,"A, D, E, G",4,9.21,common_tone,False,False
G major,D melodic_minor,"D, E, G, A, B",5,8.64,common_tone,False,False
G major,D# major,"C, D, G",3,6.29,common_tone,False,False
G major,D# minor,"B, F#",2,11.86,distant_modulation,False,False
G major,D# dorian,"C, F#",2,11.86,distant_modulation,False,False
G major,D# phrygian,"B, E, F#",3,11.29,common_tone,False,False
G major,D# lydian,"C, A, D, G",4,7.71,common_tone,False,False
G major,D# mixolydian,"C, G",2,10.36,distant_modulation,False,False
G major,D# locrian,"A, B, E, F#",4,9.21,common_tone,False,False
G major,D# harmonic_minor,"D, B, F#",3,9.79,common_tone,False,False
G major,D# melodic_minor,"C, D, F#",3,9.79,common_tone,False,False
G major,E major,"A, B, E, F#",4,4.71,closely_related,False,False
G major,E minor,"C, D, E, F#, G, A, B",7,4.5,common_tone,False,False
G major,E dorian,"D, E, F#, G, A, B",6,5.07,common_tone,False,False
G major,E phrygian,"C, D, E, G, A, B",6,5.07,common_tone,False,False
G major,E lydian,"B, E, F#",3,6.79,common_tone,False,False
G major,E mixolydian,"D, E, F#, A, B",5,5.64,common_tone,False,False
G major,E locrian,"C, D, E, G, A",5,5.64,common_tone,False,False
G major,E harmonic_minor,"C, E, F#, G, A, B",6,5.07,common_tone,False,False
G major,E melodic_minor,"E, F#, G, A, B",5,5.64,common_tone,False,False
G major,F major,"C, D, E, G, A",5,3.14,closely_related,False,False
G major,F minor,"C, G",2,5.86,nearby_key,False,False
G major,F dorian,"C, D, G",3,5.29,common_tone,False,False
G major,F phrygian,"C, F#",2,7.36,nearby_key,False,False
G major,F lydian,"C, D, E, G, A, B",6,3.57,common_tone,False,False
G major,F mixolydian,"C, A, D, G",4,4.71,common_tone,False,False
G major,F locrian,"B, F#",2,7.36,nearby_key,False,False
G major,F harmonic_minor,"C, E, G",3,5.29,common_tone,False,False
G major,F melodic_minor,"C, D, E, G",4,4.71,common_tone,False,False
G major,F# major,"B, F#",2,5.36,nearby_key,False,False
G major,F# minor,"D, E, F#, A, B",5,2.64,common_tone,False,False
G major,F# dorian,"A, B, E, F#",4,4.71,common_tone,False,False
G major,F# phrygian,"D, E, F#, G, A, B",6,2.07,common_tone,False,False
G major,F# lydian,"C, F#",2,5.86,nearby_key,False,False
G major,F# mixolydian,"B, E, F#",3,5.29,common_tone,False,False
G major,F# locrian,"C, D, E, F#, G, A, B",7,1.5,common_tone,False,False
G major,F# harmonic_minor,"A, D, B, F#",4,3.21,common_tone,False,False
G major,F# melodic_minor,"A, B, F#",3,5.29,common_tone,False,False
G major,G minor,"C, A, D, G",4,1.71,common_tone,False,False
G major,G dorian,"C, D, E, G, A",5,1.14,common_tone,False,False
G major,G phrygian,"C, D, G",3,2.29,common_tone,False,False
G major,G lydian,"D, E, F#, G, A, B",6,0.57,common_tone,False,False
G major,G mixolydian,"C, D, E, G, A, B",6,0.57,common_tone,False,False
G major,G locrian,"C, G",2,4.36,nearby_key,False,False
G major,G harmonic_minor,"C, D, F#, G, A",5,1.14,common_tone,False,False
G major,G melodic_minor,"C, D, E, F#, G, A",6,0.57,common_tone,False,False
G major,G# major,"C, G",2,5.36,nearby_key,False,False
G major,G# minor,"B, E, F#",3,6.79,common_tone,False,False
G major,G# dorian,"B, F#",2,7.36,nearby_key,False,False
G major,G# phrygian,"A, B, E, F#",4,6.21,common_tone,False,False
G major,G# lydian,"C, D, G",3,3.79,common_tone,False,False
G major,G# mixolydian,"C, F#",2,7.36,nearby_key,False,False
G major,G# locrian,"D, E, F#, A, B",5,4.14,common_tone,False,False
G major,G# harmonic_minor,"B, E, G",3,5.29,common_tone,False,False
G major,G# melodic_minor,"B, G",2,5.86,nearby_key,False,False
G major,A major,"D, E, F#, A, B",5,3.14,closely_related,False,False
G major,A minor,"C, D, E, G, A, B",6,3.57,common_tone,False,False
G major,A dorian,"C, D, E, F#, G, A, B",7,3.0,common_tone,False,False
G major,A phrygian,"C, D, E, G, A",5,4.14,common_tone,False,False
G major,A lydian,"A, B, E, F#",4,4.71,common_tone,False,False
G major,A mixolydian,"D, E, F#, G, A, B",6,3.57,common_tone,False,False
G major,A locrian,"C, A, D, G",4,4.71,common_tone,False,False
G major,A harmonic_minor,"C, D, E, A, B",5,4.14,common_tone,False,False
G major,A melodic_minor,"C, D, E, F#, A, B",6,3.57,common_tone,False,False
G major,A# major,"C, A, D, G",4,4.71,closely_related,False,False
G major,A# minor,"C, F#",2,10.36,distant_modulation,False,False
G major,A# dorian,"C, G",2,8.86,distant_modulation,False,False
G major,A# phrygian,"B, F#",2,10.36,distant_modulation,False,False
G major,A# lydian,"C, D, E, G, A",5,5.64,common_tone,False,False
G major,A# mixolydian,"C, D, G",3,6.79,common_tone,False,False
G major,A# locrian,"B, E, F#",3,8.29,common_tone,False,False
G major,A# harmonic_minor,"C, A, F#",3,9.79,common_tone,False,False
G major,A# melodic_minor,"C, A, G",3,8.29,common_tone,False,False
G major,B major,"B, E, F#",3,6.29,common_tone,False,False
G major,B minor,"D, E, F#, G, A, B",6,6.57,common_tone,False,False
G major,B dorian,"D, E, F#, A, B",5,7.14,common_tone,False,False
G major,B phrygian,"C, D, E, F#, G, A, B",7,6.0,common_tone,False,False
G major,B lydian,"B, F#",2,8.86,distant_modulation,False,False
G major,B mixolydian,"A, B, E, F#",4,7.71,common_tone,False,False
G major,B locrian,"C, D, E, G, A, B",6,6.57,common_tone,False,False
G major,B harmonic_minor,"D, E, F#, G, B",5,7.14,common_tone,False,False
G major,B melodic_minor,"D, B, E, F#",4,7.71,common_tone,False,False
G minor,C major,"C, D, F, G, A",5,8.64,common_tone,False,False
G minor,C minor,"C, D, D#, F, G, A#",6,5.57,diatonic_common_tone,False,False
G minor,C dorian,"C, D, D#, F, G, A, A#",7,7.5,common_tone,False,False
G minor,C phrygian,"C, D#, F, G, A#",5,8.64,common_tone,False,False
G minor,C lydian,"C, A, D, G",4,9.21,common_tone,False,False
G minor,C mixolydian,"C, D, F, G, A, A#",6,8.07,common_tone,False,False
G minor,C locrian,"C, A#, D#, F",4,10.71,common_tone,False,False
G minor,C harmonic_minor,"C, D, D#, F, G",5,8.64,common_tone,False,False
G minor,C melodic_minor,"C, D, D#, F, G, A",6,8.07,common_tone,False,False
G minor,C# major,"C, A#, D#, F",4,13.71,common_tone,False,False
G minor,C# minor,"A, D#",2,11.86,distant_modulation,False,False
G minor,C# dorian,"A#, D#",2,14.86,distant_modulation,False,False
G minor,C# phrygian,"A, D",2,13.36,distant_modulation,False,False
G minor,C# lydian,"C, D#, F, G, A#",5,11.64,common_tone,False,False
G minor,C# mixolydian,"A#, D#, F",3,14.29,common_tone,False,False
G minor,C# locrian,"A, D, G",3,11.29,common_tone,False,False
G minor,C# harmonic_minor,"C, A, D#",3,14.29,common_tone,False,False
G minor,C# melodic_minor,"C, A#, D#",3,14.29,common_tone,False,False
G minor,D major,"A, D, G",3,9.79,common_tone,False,False
G minor,D minor,"C, D, F, G, A, A#",6,5.57,diatonic_common_tone,False,False
G minor,D dorian,"C, D, F, G, A",5,8.64,common_tone,False,False
G minor,D phrygian,"C, D, D#, F, G, A, A#",7,7.5,common_tone,False,False
G minor,D lydian,"A, D",2,10.36,distant_modulation,False,False
G minor,D mixolydian,"C, A, D, G",4,9.21,common_tone,False,False
G minor,D locrian,"C, D, D#, F, G, A#",6,8.07,common_tone,False,False
G minor,D harmonic_minor,"D, F, G, A, A#",5,8.64,common_tone,False,False
G minor,D melodic_minor,"A, D, F, G",4,9.21,common_tone,False,False
G minor,D# major,"C, D, D#, F, G, A#",6,6.57,common_tone,False,False
G minor,D# minor,"A#, D#, F",3,6.29,common_tone,False,False
G minor,D# dorian,"C, A#, D#, F",4,7.71,common_tone,False,False
G minor,D# phrygian,"A#, D#",2,8.86,distant_modulation,False,False
G minor,D# lydian,"C, D, D#, F, G, A, A#",7,6.0,common_tone,False,False
G minor,D# mixolydian,"C, D#, F, G, A#",5,7.14,common_tone,False,False
G minor,D# locrian,"A, D#",2,8.86,distant_modulation,False,False
G minor,D# harmonic_minor,"A#, D, D#, F",4,7.71,common_tone,False,False
G minor,D# melodic_minor,"C, D, D#, F, A#",5,7.14,common_tone,False,False
G minor,E major,"A, D#",2,10.36,distant_modulation,False,False
G minor,E minor,"C, A, D, G",4,4.71,closely_related,False,False
G minor,E dorian,"A, D, G",3,6.79,common_tone,False,False
G minor,E phrygian,"C, D, F, G, A",5,5.64,common_tone,False,False
G minor,E lydian,"A#, D#",2,10.36,distant_modulation,False,False
G minor,E mixolydian,"A, D",2,8.86,distant_modulation,False,False
G minor,E locrian,"C, D, F, G, A, A#",6,5.07,common_tone,False,False
G minor,E harmonic_minor,"C, A, D#, G",4,7.71,common_tone,False,False
G minor,E melodic_minor,"A, D#, G",3,8.29,common_tone,False,False
G minor,F major,"C, D, F, G, A, A#",6,3.57,common_tone,False,False
G minor,F minor,"C, D#, F, G, A#",5,3.14,closely_related,False,False
G minor,F dorian,"C, D, D#, F, G, A#",6,3.57,common_tone,False,False
G minor,F phrygian,"C, A#, D#, F",4,4.71,common_tone,False,False
G minor,F lydian,"C, D, F, G, A",5,4.14,common_tone,False,False
G minor,F mixolydian,"C, D, D#, F, G, A, A#",7,3.0,common_tone,False,False
G minor,F locrian,"A#, D#, F",3,6.79,common_tone,False,False
G minor,F harmonic_minor,"C, A#, F, G",4,4.71,common_tone,False,False
G minor,F melodic_minor,"C, D, F, G, A#",5,4.14,common_tone,False,False
G minor,F# major,"A#, D#, F",3,6.79,common_tone,False,False
G minor,F# minor,"A, D",2,5.36,nearby_key,False,False
G minor,F# dorian,"A, D#",2,7.36,nearby_key,False,False
G minor,F# phrygian,"A, D, G",3,3.79,common_tone,False,False
G minor,F# lydian,"C, A#, D#, F",4,6.21,common_tone,False,False
G minor,F# mixolydian,"A#, D#",2,7.36,nearby_key,False,False
G minor,F# locrian,"C, A, D, G",4,3.21,common_tone,False,False
G minor,F# harmonic_minor,"A, D, F",3,5.29,common_tone,False,False
G minor,F# melodic_minor,"A, D#, F",3,6.79,common_tone,False,False
G minor,G major,"C, A, D, G",4,1.71,common_tone,False,False
G minor,G dorian,"C, D, F, G, A, A#",6,0.57,common_tone,False,False
G minor,G phrygian,"C, D, D#, F, G, A#",6,0.57,common_tone,False,False
G minor,G lydian,"A, D, G",3,2.29,common_tone,False,False
G minor,G mixolydian,"C, D, F, G, A",5,1.14,common_tone,False,False
G minor,G locrian,"C, D#, F, G, A#",5,2.64,common_tone,False,False
G minor,G harmonic_minor,"C, D, D#, G, A, A#",6,0.57,common_tone,False,False
G minor,G melodic_minor,"C, D, G, A, A#",5,1.14,common_tone,False,False
G minor,G# major,"C, D#, F, G, A#",5,2.64,common_tone,False,False
G minor,G# minor,"A#, D#",2,5.36,nearby_key,False,False
G minor,G# dorian,"A#, D#, F",3,5.29,common_tone,False,False
G minor,G# phrygian,"A, D#",2,5.86,nearby_key,False,False
G minor,G# lydian,"C, D, D#, F, G, A#",6,2.07,common_tone,False,False
G minor,G# mixolydian,"C, A#, D#, F",4,4.71,common_tone,False,False
G minor,G# locrian,"A, D",2,5.86,nearby_key,False,False
G minor,G# harmonic_minor,"A#, D#, G",3,3.79,common_tone,False,False
G minor,G# melodic_minor,"A#, D#, F, G",4,3.21,common_tone,False,False
G minor,A major,"A, D",2,5.86,nearby_key,False,False
G minor,A minor,"C, D, F, G, A",5,3.14,closely_related,False,False
G minor,A dorian,"C, A, D, G",4,4.71,common_tone,False,False
G minor,A phrygian,"C, D, F, G, A, A#",6,3.57,common_tone,False,False
G minor,A lydian,"A, D#",2,7.36,nearby_key,False,False
G minor,A mixolydian,"A, D, G",3,5.29,common_tone,False,False
G minor,A locrian,"C, D, D#, F, G, A, A#",7,3.0,common_tone,False,False
G minor,A harmonic_minor,"C, A, D, F",4,4.71,common_tone,False,False
G minor,A melodic_minor,"C, A, D",3,5.29,common_tone,False,False
G minor,A# major,"C, D, D#, F, G, A, A#",7,4.5,common_tone,False,False
G minor,A# minor,"C, A#, D#, F",4,4.71,closely_related,False,False
G minor,A# dorian,"C, D#, F, G, A#",5,5.64,common_tone,False,False
G minor,A# phrygian,"A#, D#, F",3,6.79,common_tone,False,False
G minor,A# lydian,"C, D, F, G, A, A#",6,5.07,common_tone,False,False
G minor,A# mixolydian,"C, D, D#, F, G, A#",6,5.07,common_tone,False,False
G minor,A# locrian,"A#, D#",2,8.86,distant_modulation,False,False
G minor,A# harmonic_minor,"C, D#, F, A, A#",5,5.64,common_tone,False,False
G minor,A# melodic_minor,"C, D#, F, G, A, A#",6,5.07,common_tone,False,False
G minor,B major,"A#, D#",2,11.86,distant_modulation,False,False
G minor,B minor,"A, D, G",3,6.29,common_tone,False,False
G minor,B dorian,"A, D",2,10.36,distant_modulation,False,False
G minor,B phrygian,"C, A, D, G",4,7.71,common_tone,False,False
G minor,B lydian,"A#, D#, F",3,11.29,common_tone,False,False
G minor,B mixolydian,"A, D#",2,11.86,distant_modulation,False,False
G minor,B locrian,"C, D, F, G, A",5,7.14,common_tone,False,False
G minor,B harmonic_minor,"D, A#, G",3,8.29,common_tone,False,False
G minor,B melodic_minor,"D, A#",2,10.36,distant_modulation,False,False
G dorian,C major,"C, D, E, F, G, A",6,8.07,common_tone,False,False
G dorian,C minor,"C, D, F, G, A#",5,8.64,common_tone,False,False
G dorian,C dorian,"C, D, F, G, A, A#",6,5.57,diatonic_common_tone,False,False
G dorian,C phrygian,"C, A#, F, G",4,9.21,common_tone,False,False
G dorian,C lydian,"C, D, E, G, A",5,8.64,common_tone,False,False
G dorian,C mixolydian,"C, D, E, F, G, A, A#",7,7.5,common_tone,False,False
G dorian,C locrian,"C, A#, F",3,11.29,common_tone,False,False
G dorian,C harmonic_minor,"C, D, F, G",4,9.21,common_tone,False,False
G dorian,C melodic_minor,"C, D, F, G, A",5,8.64,common_tone,False,False
G dorian,C# major,"C, A#, F",3,14.29,common_tone,False,False
G dorian,C# minor,"A, E",2,14.86,distant_modulation,False,False
G dorian,C# dorian,"A#, E",2,11.86,distant_modulation,False,False
G dorian,C# phrygian,"A, D, E",3,12.79,common_tone,False,False
G dorian,C# lydian,"C, A#, F, G",4,12.21,common_tone,False,False
G dorian,C# mixolydian,"A#, F",2,14.86,distant_modulation,False,False
G dorian,C# locrian,"A, D, E, G",4,10.71,common_tone,False,False
G dorian,C# harmonic_minor,"C, A, E",3,14.29,common_tone,False,False
G dorian,C# melodic_minor,"C, A#, E",3,14.29,common_tone,False,False
G dorian,D major,"A, D, E, G",4,9.21,common_tone,False,False
G dorian,D minor,"C, D, E, F, G, A, A#",7,7.5,common_tone,False,False
G dorian,D dorian,"C, D, E, F, G, A",6,5.57,diatonic_common_tone,False,False
G dorian,D phrygian,"C, D, F, G, A, A#",6,8.07,common_tone,False,False
G dorian,D lydian,"A, D, E",3,9.79,common_tone,False,False
G dorian,D mixolydian,"C, D, E, G, A",5,8.64,common_tone,False,False
G dorian,D locrian,"C, D, F, G, A#",5,8.64,common_tone,False,False
G dorian,D harmonic_minor,"D, E, F, G, A, A#",6,8.07,common_tone,False,False
G dorian,D melodic_minor,"D, E, F, G, A",5,8.64,common_tone,False,False
G dorian,D# major,"C, D, F, G, A#",5,7.14,common_tone,False,False
G dorian,D# minor,"A#, F",2,10.36,distant_modulation,False,False
G dorian,D# dorian,"C, A#, F",3,7.79,common_tone,False,False
G dorian,D# phrygian,"A#, E",2,10.36,distant_modulation,False,False
G dorian,D# lydian,"C, D, F, G, A, A#",6,6.57,common_tone,False,False
G dorian,D# mixolydian,"C, A#, F, G",4,7.71,common_tone,False,False
G dorian,D# locrian,"A, E",2,10.36,distant_modulation,False,False
G dorian,D# harmonic_minor,"D, A#, F",3,8.29,common_tone,False,False
G dorian,D# melodic_minor,"C, D, A#, F",4,7.71,common_tone,False,False
G dorian,E major,"A, E",2,8.86,distant_modulation,False,False
G dorian,E minor,"C, D, E, G, A",5,5.64,common_tone,False,False
G dorian,E dorian,"A, D, E, G",4,4.71,closely_related,False,False
G dorian,E phrygian,"C, D, E, F, G, A",6,5.07,common_tone,False,False
G dorian,E lydian,"A#, E",2,8.86,distant_modulation,False,False
G dorian,E mixolydian,"A, D, E",3,6.79,common_tone,False,False
G dorian,E locrian,"C, D, E, F, G, A, A#",7,4.5,common_tone,False,False
G dorian,E harmonic_minor,"C, A, E, G",4,6.21,common_tone,False,False
G dorian,E melodic_minor,"A, E, G",3,6.79,common_tone,False,False
G dorian,F major,"C, D, E, F, G, A, A#",7,3.0,common_tone,False,False
G dorian,F minor,"C, A#, F, G",4,4.71,common_tone,False,False
G dorian,F dorian,"C, D, F, G, A#",5,3.14,closely_related,False,False
G dorian,F phrygian,"C, A#, F",3,5.29,common_tone,False,False
G dorian,F lydian,"C, D, E, F, G, A",6,3.57,common_tone,False,False
G dorian,F mixolydian,"C, D, F, G, A, A#",6,3.57,common_tone,False,False
G dorian,F locrian,"A#, F",2,7.36,nearby_key,False,False
G dorian,F harmonic_minor,"C, E, F, G, A#",5,4.14,common_tone,False,False
G dorian,F melodic_minor,"C, D, E, F, G, A#",6,3.57,common_tone,False,False
G dorian,F# major,"A#, F",2,7.36,nearby_key,False,False
G dorian,F# minor,"A, D, E",3,5.29,common_tone,False,False
G dorian,F# dorian,"A, E",2,6.86,nearby_key,False,False
G dorian,F# phrygian,"A, D, E, G",4,3.21,common_tone,False,False
G dorian,F# lydian,"C, A#, F",3,6.79,common_tone,False,False
G dorian,F# mixolydian,"A#, E",2,7.36,nearby_key,False,False
G dorian,F# locrian,"C, D, E, G, A",5,2.64,common_tone,False,False
G dorian,F# harmonic_minor,"A, D, F",3,5.29,common_tone,False,False
G dorian,F# melodic_minor,"A, F",2,7.36,nearby_key,False,False
G dorian,G major,"C, D, E, G, A",5,1.14,common_tone,False,False
G dorian,G minor,"C, D, F, G, A, A#",6,0.57,common_tone,False,False
G dorian,G phrygian,"C, D, F, G, A#",5,1.14,common_tone,False,False
G dorian,G lydian,"A, D, E, G",4,1.71,common_tone,False,False
G dorian,G mixolydian,"C, D, E, F, G, A",6,0.57,common_tone,False,False
G dorian,G locrian,"C, A#, F, G",4,3.21,common_tone,False,False
G dorian,G harmonic_minor,"C, D, G, A, A#",5,1.14,common_tone,False,False
G dorian,G melodic_minor,"C, D, E, G, A, A#",6,0.57,common_tone,False,False
G dorian,G# major,"C, A#, F, G",4,4.71,common_tone,False,False
G dorian,G# minor,"A#, E",2,7.36,nearby_key,False,False
G dorian,G# dorian,"A#, F",2,6.86,nearby_key,False,False
G dorian,G# phrygian,"A, E",2,7.36,nearby_key,False,False
G dorian,G# lydian,"C, D, F, G, A#",5,2.64,common_tone,False,False
G dorian,G# mixolydian,"C, A#, F",3,6.79,common_tone,False,False
G dorian,G# locrian,"A, D, E",3,5.29,common_tone,False,False
G dorian,G# harmonic_minor,"A#, E, G",3,5.29,common_tone,False,False
G dorian,G# melodic_minor,"A#, F, G",3,5.29,common_tone,False,False
G dorian,A major,"A, D, E",3,5.29,common_tone,False,False
G dorian,A minor,"C, D, E, F, G, A",6,3.57,common_tone,False,False
G dorian,A dorian,"C, D, E, G, A",5,3.14,closely_related,False,False
G dorian,A phrygian,"C, D, E, F, G, A, A#",7,3.0,common_tone,False,False
G dorian,A lydian,"A, E",2,5.86,nearby_key,False,False
G dorian,A mixolydian,"A, D, E, G",4,4.71,common_tone,False,False
G dorian,A locrian,"C, D, F, G, A, A#",6,3.57,common_tone,False,False
G dorian,A harmonic_minor,"C, D, E, F, A",5,4.14,common_tone,False,False
G dorian,A melodic_minor,"C, A, D, E",4,4.71,common_tone,False,False
G dorian,A# major,"C, D, F, G, A, A#",6,5.07,common_tone,False,False
G dorian,A# minor,"C, A#, F",3,6.79,common_tone,False,False
G dorian,A# dorian,"C, A#, F, G",4,4.71,closely_related,False,False
G dorian,A# phrygian,"A#, F",2,7.36,distant_modulation,False,False
G dorian,A# lydian,"C, D, E, F, G, A, A#",7,4.5,common_tone,False,False
G dorian,A# mixolydian,"C, D, F, G, A#",5,5.64,common_tone,False,False
G dorian,A# locrian,"A#, E",2,7.36,distant_modulation,False,False
G dorian,A# harmonic_minor,"C, A, A#, F",4,6.21,common_tone,False,False
G dorian,A# melodic_minor,"C, F, G, A, A#",5,5.64,common_tone,False,False
G dorian,B major,"A#, E",2,11.86,distant_modulation,False,False
G dorian,B minor,"A, D, E, G",4,7.71,common_tone,False,False
G dorian,B dorian,"A, D, E",3,7.79,common_tone,False,False
G dorian,B phrygian,"C, D, E, G, A",5,7.14,common_tone,False,False
G dorian,B lydian,"A#, F",2,11.86,distant_modulation,False,False
G dorian,B mixolydian,"A, E",2,11.86,distant_modulation,False,False
G dorian,B locrian,"C, D, E, F, G, A",6,6.57,common_tone,False,False
G dorian,B harmonic_minor,"D, A#, E, G",4,7.71,common_tone,False,False
G dorian,B melodic_minor,"D, A#, E",3,9.79,common_tone,False,False
G phrygian,C major,"C, D, F, G",4,9.21,common_tone,False,False
G phrygian,C minor,"C, D, D#, F, G, G#, A#",7,7.5,common_tone,False,False
G phrygian,C dorian,"C, D, D#, F, G, A#",6,8.07,common_tone,False,False
G phrygian,C phrygian,"C, D#, F, G, G#, A#",6,5.57,diatonic_common_tone,False,False
G phrygian,C lydian,"C, D, G",3,9.79,common_tone,False,False
G phrygian,C mixolydian,"C, D, F, G, A#",5,8.64,common_tone,False,False
G phrygian,C locrian,"C, D#, F, G#, A#",5,10.14,common_tone,False,False
G phrygian,C harmonic_minor,"C, D, D#, F, G, G#",6,8.07,common_tone,False,False
G phrygian,C melodic_minor,"C, D, D#, F, G",5,8.64,common_tone,False,False
G phrygian,C# major,"C, D#, F, G#, A#",5,11.64,common_tone,False,False
G phrygian,C# minor,"G#, D#",2,13.36,distant_modulation,False,False
G phrygian,C# dorian,"G#, A#, D#",3,12.79,common_tone,False,False
G phrygian,C# phrygian,"G#, D",2,8.86,distant_modulation,False,False
G phrygian,C# lydian,"C, D#, F, G, G#, A#",6,9.57,common_tone,False,False
G phrygian,C# mixolydian,"G#, A#, D#, F",4,12.21,common_tone,False,False
G phrygian,C# locrian,"D, G",2,11.86,distant_modulation,False,False
G phrygian,C# harmonic_minor,"C, G#, D#",3,12.79,common_tone,False,False
G phrygian,C# melodic_minor,"C, G#, A#, D#",4,12.21,common_tone,False,False
G phrygian,D major,"D, G",2,10.36,distant_modulation,False,False
G phrygian,D minor,"C, D, F, G, A#",5,8.64,common_tone,False,False
G phrygian,D dorian,"C, D, F, G",4,9.21,common_tone,False,False
G phrygian,D phrygian,"C, D, D#, F, G, A#",6,5.57,diatonic_common_tone,False,False
G phrygian,D lydian,"G#, D",2,11.86,distant_modulation,False,False
G phrygian,D mixolydian,"C, D, G",3,9.79,common_tone,False,False
G phrygian,D locrian,"C, D, D#, F, G, G#, A#",7,7.5,common_tone,False,False
G phrygian,D harmonic_minor,"D, A#, F, G",4,9.21,common_tone,False,False
G phrygian,D melodic_minor,"D, F, G",3,9.79,common_tone,False,False
G phrygian,D# major,"C, D, D#, F, G, G#, A#",7,6.0,common_tone,False,False
G phrygian,D# minor,"G#, A#, D#, F",4,7.71,common_tone,False,False
G phrygian,D# dorian,"C, D#, F, G#, A#",5,7.14,common_tone,False,False
G phrygian,D# phrygian,"G#, A#, D#",3,6.29,common_tone,False,False
G phrygian,D# lydian,"C, D, D#, F, G, A#",6,6.57,common_tone,False,False
G phrygian,D# mixolydian,"C, D#, F, G, G#, A#",6,6.57,common_tone,False,False
G phrygian,D# locrian,"G#, D#",2,10.36,distant_modulation,False,False
G phrygian,D# harmonic_minor,"D, D#, F, G#, A#",5,7.14,common_tone,False,False
G phrygian,D# melodic_minor,"C, D, D#, F, G#, A#",6,6.57,common_tone,False,False
G phrygian,E major,"G#, D#",2,10.36,distant_modulation,False,False
G phrygian,E minor,"C, D, G",3,6.79,common_tone,False,False
G phrygian,E dorian,"D, G",2,7.36,distant_modulation,False,False
G phrygian,E phrygian,"C, D, F, G",4,4.71,closely_related,False,False
G phrygian,E lydian,"G#, A#, D#",3,9.79,common_tone,False,False
G phrygian,E mixolydian,"G#, D",2,8.86,distant_modulation,False,False
G phrygian,E locrian,"C, D, F, G, A#",5,5.64,common_tone,False,False
G phrygian,E harmonic_minor,"C, D#, G",3,8.29,common_tone,False,False
G phrygian,E melodic_minor,"D#, G",2,8.86,distant_modulation,False,False
G phrygian,F major,"C, D, F, G, A#",5,4.14,common_tone,False,False
G phrygian,F minor,"C, D#, F, G, G#, A#",6,3.57,common_tone,False,False
G phrygian,F dorian,"C, D, D#, F, G, G#, A#",7,3.0,common_tone,False,False
G phrygian,F phrygian,"C, D#, F, G#, A#",5,3.14,closely_related,False,False
G phrygian,F lydian,"C, D, F, G",4,4.71,common_tone,False,False
G phrygian,F mixolydian,"C, D, D#, F, G, A#",6,3.57,common_tone,False,False
G phrygian,F locrian,"G#, A#, D#, F",4,6.21,common_tone,False,False
G phrygian,F harmonic_minor,"C, F, G, G#, A#",5,4.14,common_tone,False,False
G phrygian,F melodic_minor,"C, D, F, G, G#, A#",6,3.57,common_tone,False,False
G phrygian,F# major,"G#, A#, D#, F",4,6.21,common_tone,False,False
G phrygian,F# minor,"G#, D",2,5.86,nearby_key,False,False
G phrygian,F# dorian,"G#, D#",2,7.36,nearby_key,False,False
G phrygian,F# phrygian,"D, G",2,3.86,nearby_key,False,False
G phrygian,F# lydian,"C, D#, F, G#, A#",5,5.64,common_tone,False,False
G phrygian,F# mixolydian,"G#, A#, D#",3,6.79,common_tone,False,False
G phrygian,F# locrian,"C, D, G",3,3.79,common_tone,False,False
G phrygian,F# harmonic_minor,"G#, D, F",3,5.29,common_tone,False,False
G phrygian,F# melodic_minor,"G#, D#, F",3,6.79,common_tone,False,False
G phrygian,G major,"C, D, G",3,2.29,common_tone,False,False
G phrygian,G minor,"C, D, D#, F, G, A#",6,0.57,common_tone,False,False
G phrygian,G dorian,"C, D, F, G, A#",5,1.14,common_tone,False,False
G phrygian,G lydian,"D, G",2,2.86,nearby_key,False,False
G phrygian,G mixolydian,"C, D, F, G",4,1.71,common_tone,False,False
G phrygian,G locrian,"C, D#, F, G, G#, A#",6,2.07,common_tone,False,False
G phrygian,G harmonic_minor,"C, D, D#, G, A#",5,1.14,common_tone,False,False
G phrygian,G melodic_minor,"C, D, A#, G",4,1.71,common_tone,False,False
G phrygian,G# major,"C, D#, F, G, G#, A#",6,2.07,common_tone,False,False
G phrygian,G# minor,"G#, A#, D#",3,3.79,common_tone,False,False
G phrygian,G# dorian,"G#, A#, D#, F",4,3.21,common_tone,False,False
G phrygian,G# phrygian,"G#, D#",2,3.86,nearby_key,False,False
G phrygian,G# lydian,"C, D, D#, F, G, G#, A#",7,1.5,common_tone,False,False
G phrygian,G# mixolydian,"C, D#, F, G#, A#",5,2.64,common_tone,False,False
G phrygian,G# locrian,"G#, D",2,4.36,nearby_key,False,False
G phrygian,G# harmonic_minor,"G#, A#, D#, G",4,3.21,common_tone,False,False
G phrygian,G# melodic_minor,"D#, F, G, G#, A#",5,2.64,common_tone,False,False
G phrygian,A major,"G#, D",2,7.36,nearby_key,False,False
G phrygian,A minor,"C, D, F, G",4,4.71,common_tone,False,False
G phrygian,A dorian,"C, D, G",3,5.29,common_tone,False,False
G phrygian,A phrygian,"C, D, F, G, A#",5,3.14,closely_related,False,False
G phrygian,A lydian,"G#, D#",2,8.86,nearby_key,False,False
G phrygian,A mixolydian,"D, G",2,5.86,nearby_key,False,False
G phrygian,A locrian,"C, D, D#, F, G, A#",6,3.57,common_tone,False,False
G phrygian,A harmonic_minor,"C, G#, D, F",4,6.21,common_tone,False,False
G phrygian,A melodic_minor,"C, G#, D",3,6.79,common_tone,False,False
G phrygian,A# major,"C, D, D#, F, G, A#",6,5.07,common_tone,False,False
G phrygian,A# minor,"C, D#, F, G#, A#",5,5.64,common_tone,False,False
G phrygian,A# dorian,"C, D#, F, G, G#, A#",6,5.07,common_tone,False,False
G phrygian,A# phrygian,"G#, A#, D#, F",4,4.71,closely_related,False,False
G phrygian,A# lydian,"C, D, F, G, A#",5,5.64,common_tone,False,False
G phrygian,A# mixolydian,"C, D, D#, F, G, G#, A#",7,4.5,common_tone,False,False
G phrygian,A# locrian,"G#, A#, D#",3,8.29,common_tone,False,False
G phrygian,A# harmonic_minor,"C, A#, D#, F",4,6.21,common_tone,False,False
G phrygian,A# melodic_minor,"C, D#, F, G, A#",5,5.64,common_tone,False,False
G phrygian,B major,"G#, A#, D#",3,11.29,common_tone,False,False
G phrygian,B minor,"D, G",2,8.86,distant_modulation,False,False
G phrygian,B dorian,"G#, D",2,10.36,distant_modulation,False,False
G phrygian,B phrygian,"C, D, G",3,6.29,common_tone,False,False
G phrygian,B lydian,"G#, A#, D#, F",4,10.71,common_tone,False,False
G phrygian,B mixolydian,"G#, D#",2,11.86,distant_modulation,False,False
G phrygian,B locrian,"C, D, F, G",4,7.71,common_tone,False,False
G phrygian,B harmonic_minor,"D, A#, G",3,8.29,common_tone,False,False
G phrygian,B melodic_minor,"G#, D, A#",3,9.79,common_tone,False,False
G lydian,C major,"D, E, G, A, B",5,8.64,common_tone,False,False
G lydian,C minor,"D, G",2,10.36,distant_modulation,False,False
G lydian,C dorian,"A, D, G",3,9.79,common_tone,False,False
G lydian,C phrygian,"C#, G",2,11.86,distant_modulation,False,False
G lydian,C lydian,"D, E, F#, G, A, B",6,5.57,diatonic_common_tone,False,False
G lydian,C mixolydian,"A, D, E, G",4,9.21,common_tone,False,False
G lydian,C locrian,"C#, F#",2,11.86,distant_modulation,False,False
G lydian,C harmonic_minor,"D, B, G",3,9.79,common_tone,False,False
G lydian,C melodic_minor,"A, D, B, G",4,9.21,common_tone,False,False
G lydian,C# major,"C#, F#",2,13.36,distant_modulation,False,False
G lydian,C# minor,"C#, E, F#, A, B",5,11.64,common_tone,False,False
G lydian,C# dorian,"C#, B, E, F#",4,12.21,common_tone,False,False
G lydian,C# phrygian,"C#, D, E, F#, A, B",6,9.57,common_tone,False,False
G lydian,C# lydian,"C#, G",2,8.86,distant_modulation,False,False
G lydian,C# mixolydian,"C#, B, F#",3,12.79,common_tone,False,False
G lydian,C# locrian,"C#, D, E, F#, G, A, B",7,9.0,common_tone,False,False
G lydian,C# harmonic_minor,"C#, E, F#, A",4,12.21,common_tone,False,False
G lydian,C# melodic_minor,"C#, E, F#",3,12.79,common_tone,False,False
G lydian,D major,"C#, D, E, F#, G, A, B",7,7.5,common_tone,False,False
G lydian,D minor,"A, D, E, G",4,9.21,common_tone,False,False
G lydian,D dorian,"D, E, G, A, B",5,8.64,common_tone,False,False
G lydian,D phrygian,"A, D, G",3,9.79,common_tone,False,False
G lydian,D lydian,"C#, D, E, F#, A, B",6,5.57,diatonic_common_tone,False,False
G lydian,D mixolydian,"D, E, F#, G, A, B",6,8.07,common_tone,False,False
G lydian,D locrian,"D, G",2,10.36,distant_modulation,False,False
G lydian,D harmonic_minor,"C#, D, E, G, A",5,8.64,common_tone,False,False
G lydian,D melodic_minor,"C#, D, E, G, A, B",6,8.07,common_tone,False,False
G lydian,D# major,"D, G",2,8.86,distant_modulation,False,False
G lydian,D# minor,"C#, B, F#",3,11.29,common_tone,False,False
G lydian,D# dorian,"C#, F#",2,11.86,distant_modulation,False,False
G lydian,D# phrygian,"C#, B, E, F#",4,10.71,common_tone,False,False
G lydian,D# lydian,"A, D, G",3,6.29,common_tone,False,False
G lydian,D# mixolydian,"C#, G",2,10.36,distant_modulation,False,False
G lydian,D# locrian,"C#, E, F#, A, B",5,8.64,common_tone,False,False
G lydian,D# harmonic_minor,"D, B, F#",3,9.79,common_tone,False,False
G lydian,D# melodic_minor,"D, F#",2,10.36,distant_modulation,False,False
G lydian,E major,"C#, E, F#, A, B",5,5.64,common_tone,False,False
G lydian,E minor,"D, E, F#, G, A, B",6,5.07,common_tone,False,False
G lydian,E dorian,"C#, D, E, F#, G, A, B",7,4.5,common_tone,False,False
G lydian,E phrygian,"D, E, G, A, B",5,5.64,common_tone,False,False
G lydian,E lydian,"C#, B, E, F#",4,4.71,closely_related,False,False
G lydian,E mixolydian,"C#, D, E, F#, A, B",6,5.07,common_tone,False,False
G lydian,E locrian,"A, D, E, G",4,6.21,common_tone,False,False
G lydian,E harmonic_minor,"E, F#, G, A, B",5,5.64,common_tone,False,False
G lydian,E melodic_minor,"C#, E, F#, G, A, B",6,5.07,common_tone,False,False
G lydian,F major,"A, D, E, G",4,4.71,common_tone,False,False
G lydian,F minor,"C#, G",2,7.36,nearby_key,False,False
G lydian,F dorian,"D, G",2,5.86,nearby_key,False,False
G lydian,F phrygian,"C#, F#",2,8.86,nearby_key,False,False
G lydian,F lydian,"D, E, G, A, B",5,3.14,closely_related,False,False
G lydian,F mixolydian,"A, D, G",3,5.29,common_tone,False,False
G lydian,F locrian,"C#, B, F#",3,6.79,common_tone,False,False
G lydian,F harmonic_minor,"C#, E, G",3,6.79,common_tone,False,False
G lydian,F melodic_minor,"D, E, G",3,5.29,common_tone,False,False
G lydian,F# major,"C#, B, F#",3,3.79,common_tone,False,False
G lydian,F# minor,"C#, D, E, F#, A, B",6,2.07,common_tone,False,False
G lydian,F# dorian,"C#, E, F#, A, B",5,2.64,common_tone,False,False
G lydian,F# phrygian,"C#, D, E, F#, G, A, B",7,1.5,common_tone,False,False
G lydian,F# lydian,"C#, F#",2,3.86,nearby_key,False,False
G lydian,F# mixolydian,"C#, B, E, F#",4,3.21,common_tone,False,False
G lydian,F# locrian,"D, E, F#, G, A, B",6,2.07,common_tone,False,False
G lydian,F# harmonic_minor,"C#, D, F#, A, B",5,2.64,common_tone,False,False
G lydian,F# melodic_minor,"C#, B, F#, A",4,3.21,common_tone,False,False
G lydian,G minor,"A, D, G",3,2.29,common_tone,False,False
G lydian,G dorian,"A, D, E, G",4,1.71,common_tone,False,False
G lydian,G phrygian,"D, G",2,2.86,nearby_key,False,False
G lydian,G mixolydian,"D, E, G, A, B",5,1.14,common_tone,False,False
G lydian,G locrian,"C#, G",2,2.86,nearby_key,False,False
G lydian,G harmonic_minor,"A, D, F#, G",4,1.71,common_tone,False,False
G lydian,G melodic_minor,"D, E, F#, G, A",5,1.14,common_tone,False,False
G lydian,G# major,"C#, G",2,5.86,nearby_key,False,False
G lydian,G# minor,"C#, B, E, F#",4,6.21,common_tone,False,False
G lydian,G# dorian,"C#, B, F#",3,6.79,common_tone,False,False
G lydian,G# phrygian,"C#, E, F#, A, B",5,5.64,common_tone,False,False
G lydian,G# lydian,"D, G",2,3.86,nearby_key,False,False
G lydian,G# mixolydian,"C#, F#",2,7.36,nearby_key,False,False
G lydian,G# locrian,"C#, D, E, F#, A, B",6,3.57,common_tone,False,False
G lydian,G# harmonic_minor,"C#, B, E, G",4,4.71,common_tone,False,False
G lydian,G# melodic_minor,"C#, B, G",3,5.29,common_tone,False,False
G lydian,A major,"C#, D, E, F#, A, B",6,3.57,common_tone,False,False
G lydian,A minor,"D, E, G, A, B",5,4.14,common_tone,False,False
G lydian,A dorian,"D, E, F#, G, A, B",6,3.57,common_tone,False,False
G lydian,A phrygian,"A, D, E, G",4,4.71,common_tone,False,False
G lydian,A lydian,"C#, E, F#, A, B",5,3.14,closely_related,False,False
G lydian,A mixolydian,"C#, D, E, F#, G, A, B",7,3.0,common_tone,False,False
G lydian,A locrian,"A, D, G",3,5.29,common_tone,False,False
G lydian,A harmonic_minor,"A, D, B, E",4,4.71,common_tone,False,False
G lydian,A melodic_minor,"D, E, F#, A, B",5,4.14,common_tone,False,False
G lydian,A# major,"A, D, G",3,6.79,common_tone,False,False
G lydian,A# minor,"C#, F#",2,10.36,distant_modulation,False,False
G lydian,A# dorian,"C#, G",2,8.86,distant_modulation,False,False
G lydian,A# phrygian,"C#, B, F#",3,9.79,common_tone,False,False
G lydian,A# lydian,"A, D, E, G",4,4.71,closely_related,False,False
G lydian,A# mixolydian,"D, G",2,7.36,distant_modulation,False,False
G lydian,A# locrian,"C#, B, E, F#",4,7.71,common_tone,False,False
G lydian,A# harmonic_minor,"C#, F#, A",3,9.79,common_tone,False,False
G lydian,A# melodic_minor,"C#, A, G",3,8.29,common_tone,False,False
G lydian,B major,"C#, B, E, F#",4,7.71,common_tone,False,False
G lydian,B minor,"C#, D, E, F#, G, A, B",7,6.0,common_tone,False,False
G lydian,B dorian,"C#, D, E, F#, A, B",6,6.57,common_tone,False,False
G lydian,B phrygian,"D, E, F#, G, A, B",6,6.57,common_tone,False,False
G lydian,B lydian,"C#, B, F#",3,6.29,common_tone,False,False
G lydian,B mixolydian,"C#, E, F#, A, B",5,7.14,common_tone,False,False
G lydian,B locrian,"D, E, G, A, B",5,7.14,common_tone,False,False
G lydian,B harmonic_minor,"C#, D, E, F#, G, B",6,6.57,common_tone,False,False
G lydian,B melodic_minor,"C#, D, E, F#, B",5,7.14,common_tone,False,False
G lydian,G major,"D, E, F#, G, A, B",6,0.57,common_tone,False,False
G mixolydian,C major,"C, D, E, F, G, A, B",7,7.5,common_tone,False,False
G mixolydian,C minor,"C, D, F, G",4,9.21,common_tone,False,False
G mixolydian,C dorian,"C, D, F, G, A",5,8.64,common_tone,False,False
G mixolydian,C phrygian,"C, F, G",3,9.79,common_tone,False,False
G mixolydian,C lydian,"C, D, E, G, A, B",6,8.07,common_tone,False,False
G mixolydian,C mixolydian,"C, D, E, F, G, A",6,5.57,diatonic_common_tone,False,False
G mixolydian,C locrian,"C, F",2,11.86,distant_modulation,False,False
G mixolydian,C harmonic_minor,"C, D, F, G, B",5,8.64,common_tone,False,False
G mixolydian,C melodic_minor,"C, D, F, G, A, B",6,8.07,common_tone,False,False
G mixolydian,C# major,"C, F",2,14.86,distant_modulation,False,False
G mixolydian,C# minor,"A, B, E",3,14.29,common_tone,False,False
G mixolydian,C# dorian,"B, E",2,14.86,distant_modulation,False,False
G mixolydian,C# phrygian,"A, D, B, E",4,12.21,common_tone,False,False
G mixolydian,C# lydian,"C, F, G",3,12.79,common_tone,False,False
G mixolydian,C# mixolydian,"B, F",2,11.86,distant_modulation,False,False
G mixolydian,C# locrian,"D, E, G, A, B",5,10.14,common_tone,False,False
G mixolydian,C# harmonic_minor,"C, A, E",3,14.29,common_tone,False,False
G mixolydian,C# melodic_minor,"C, E",2,14.86,distant_modulation,False,False
G mixolydian,D major,"D, E, G, A, B",5,8.64,common_tone,False,False
G mixolydian,D minor,"C, D, E, F, G, A",6,8.07,common_tone,False,False
G mixolydian,D dorian,"C, D, E, F, G, A, B",7,7.5,common_tone,False,False
G mixolydian,D phrygian,"C, D, F, G, A",5,8.64,common_tone,False,False
G mixolydian,D lydian,"A, D, B, E",4,9.21,common_tone,False,False
G mixolydian,D mixolydian,"C, D, E, G, A, B",6,5.57,diatonic_common_tone,False,False
G mixolydian,D locrian,"C, D, F, G",4,9.21,common_tone,False,False
G mixolydian,D harmonic_minor,"D, E, F, G, A",5,8.64,common_tone,False,False
G mixolydian,D melodic_minor,"D, E, F, G, A, B",6,8.07,common_tone,False,False
G mixolydian,D# major,"C, D, F, G",4,7.71,common_tone,False,False
G mixolydian,D# minor,"B, F",2,11.86,distant_modulation,False,False
G mixolydian,D# dorian,"C, F",2,11.86,distant_modulation,False,False
G mixolydian,D# phrygian,"B, E",2,11.86,distant_modulation,False,False
G mixolydian,D# lydian,"C, D, F, G, A",5,7.14,common_tone,False,False
G mixolydian,D# mixolydian,"C, F, G",3,7.79,common_tone,False,False
G mixolydian,D# locrian,"A, B, E",3,9.79,common_tone,False,False
G mixolydian,D# harmonic_minor,"D, B, F",3,9.79,common_tone,False,False
G mixolydian,D# melodic_minor,"C, D, F",3,9.79,common_tone,False,False
G mixolydian,E major,"A, B, E",3,6.79,common_tone,False,False
G mixolydian,E minor,"C, D, E, G, A, B",6,5.07,common_tone,False,False
G mixolydian,E dorian,"D, E, G, A, B",5,5.64,common_tone,False,False
G mixolydian,E phrygian,"C, D, E, F, G, A, B",7,4.5,common_tone,False,False
G mixolydian,E lydian,"B, E",2,7.36,distant_modulation,False,False
G mixolydian,E mixolydian,"A, D, B, E",4,4.71,closely_related,False,False
G mixolydian,E locrian,"C, D, E, F, G, A",6,5.07,common_tone,False,False
G mixolydian,E harmonic_minor,"C, E, G, A, B",5,5.64,common_tone,False,False
G mixolydian,E melodic_minor,"A, B, E, G",4,6.21,common_tone,False,False
G mixolydian,F major,"C, D, E, F, G, A",6,3.57,common_tone,False,False
G mixolydian,F minor,"C, F, G",3,5.29,common_tone,False,False
G mixolydian,F dorian,"C, D, F, G",4,4.71,common_tone,False,False
G mixolydian,F phrygian,"C, F",2,5.86,nearby_key,False,False
G mixolydian,F lydian,"C, D, E, F, G, A, B",7,3.0,common_tone,False,False
G mixolydian,F mixolydian,"C, D, F, G, A",5,3.14,closely_related,False,False
G mixolydian,F locrian,"B, F",2,5.86,nearby_key,False,False
G mixolydian,F harmonic_minor,"C, E, F, G",4,4.71,common_tone,False,False
G mixolydian,F melodic_minor,"C, D, E, F, G",5,4.14,common_tone,False,False
G mixolydian,F# major,"B, F",2,7.36,nearby_key,False,False
G mixolydian,F# minor,"A, D, B, E",4,4.71,common_tone,False,False
G mixolydian,F# dorian,"A, B, E",3,6.79,common_tone,False,False
G mixolydian,F# phrygian,"D, E, G, A, B",5,2.64,common_tone,False,False
G mixolydian,F# lydian,"C, F",2,7.36,nearby_key,False,False
G mixolydian,F# mixolydian,"B, E",2,6.86,nearby_key,False,False
G mixolydian,F# locrian,"C, D, E, G, A, B",6,2.07,common_tone,False,False
G mixolydian,F# harmonic_minor,"A, D, B, F",4,4.71,common_tone,False,False
G mixolydian,F# melodic_minor,"A, B, F",3,6.79,common_tone,False,False
G mixolydian,G major,"C, D, E, G, A, B",6,0.57,common_tone,False,False
G mixolydian,G minor,"C, D, F, G, A",5,1.14,common_tone,False,False
G mixolydian,G dorian,"C, D, E, F, G, A",6,0.57,common_tone,False,False
G mixolydian,G phrygian,"C, D, F, G",4,1.71,common_tone,False,False
G mixolydian,G lydian,"D, E, G, A, B",5,1.14,common_tone,False,False
G mixolydian,G locrian,"C, F, G",3,3.79,common_tone,False,False
G mixolydian,G harmonic_minor,"C, A, D, G",4,1.71,common_tone,False,False
G mixolydian,G melodic_minor,"C, D, E, G, A",5,1.14,common_tone,False,False
G mixolydian,G# major,"C, F, G",3,5.29,common_tone,False,False
G mixolydian,G# minor,"B, E",2,7.36,nearby_key,False,False
G mixolydian,G# dorian,"B, F",2,7.36,nearby_key,False,False
G mixolydian,G# phrygian,"A, B, E",3,6.79,common_tone,False,False
G mixolydian,G# lydian,"C, D, F, G",4,3.21,common_tone,False,False
G mixolydian,G# mixolydian,"C, F",2,6.86,nearby_key,False,False
G mixolydian,G# locrian,"A, D, B, E",4,4.71,common_tone,False,False
G mixolydian,G# harmonic_minor,"B, E, G",3,5.29,common_tone,False,False
G mixolydian,G# melodic_minor,"B, F, G",3,5.29,common_tone,False,False
G mixolydian,A major,"A, D, B, E",4,4.71,common_tone,False,False
G mixolydian,A minor,"C, D, E, F, G, A, B",7,3.0,common_tone,False,False
G mixolydian,A dorian,"C, D, E, G, A, B",6,3.57,common_tone,False,False
G mixolydian,A phrygian,"C, D, E, F, G, A",6,3.57,common_tone,False,False
G mixolydian,A lydian,"A, B, E",3,5.29,common_tone,False,False
G mixolydian,A mixolydian,"D, E, G, A, B",5,3.14,closely_related,False,False
G mixolydian,A locrian,"C, D, F, G, A",5,4.14,common_tone,False,False
G mixolydian,A harmonic_minor,"C, D, E, F, A, B",6,3.57,common_tone,False,False
G mixolydian,A melodic_minor,"C, D, E, A, B",5,4.14,common_tone,False,False
G mixolydian,A# major,"C, D, F, G, A",5,5.64,common_tone,False,False
G mixolydian,A# minor,"C, F",2,8.86,distant_modulation,False,False
G mixolydian,A# dorian,"C, F, G",3,6.79,common_tone,False,False
G mixolydian,A# phrygian,"B, F",2,8.86,distant_modulation,False,False
G mixolydian,A# lydian,"C, D, E, F, G, A",6,5.07,common_tone,False,False
G mixolydian,A# mixolydian,"C, D, F, G",4,4.71,closely_related,False,False
G mixolydian,A# locrian,"B, E",2,8.86,distant_modulation,False,False
G mixolydian,A# harmonic_minor,"C, A, F",3,8.29,common_tone,False,False
G mixolydian,A# melodic_minor,"C, A, F, G",4,6.21,common_tone,False,False
G mixolydian,B major,"B, E",2,10.36,distant_modulation,False,False
G mixolydian,B minor,"D, E, G, A, B",5,7.14,common_tone,False,False
G mixolydian,B dorian,"A, D, B, E",4,7.71,common_tone,False,False
G mixolydian,B phrygian,"C, D, E, G, A, B",6,6.57,common_tone,False,False
G mixolydian,B lydian,"B, F",2,10.36,distant_modulation,False,False
G mixolydian,B mixolydian,"A, B, E",3,7.79,common_tone,False,False
G mixolydian,B locrian,"C, D, E, F, G, A, B",7,6.0,common_tone,False,False
G mixolydian,B harmonic_minor,"D, B, E, G",4,7.71,common_tone,False,False
G mixolydian,B melodic_minor,"D, B, E",3,8.29,common_tone,False,False
G locrian,C major,"C, F, G",3,9.79,common_tone,False,False
G locrian,C minor,"C, D#, F, G, G#, A#",6,8.07,common_tone,False,False
G locrian,C dorian,"C, D#, F, G, A#",5,8.64,common_tone,False,False
G locrian,C phrygian,"C, C#, D#, F, G, G#, A#",7,7.5,common_tone,False,False
G locrian,C lydian,"C, G",2,10.36,distant_modulation,False,False
G locrian,C mixolydian,"C, A#, F, G",4,9.21,common_tone,False,False
G locrian,C locrian,"C, C#, D#, F, G#, A#",6,5.57,diatonic_common_tone,False,False
G locrian,C harmonic_minor,"C, D#, F, G, G#",5,8.64,common_tone,False,False
G locrian,C melodic_minor,"C, D#, F, G",4,9.21,common_tone,False,False
G locrian,C# major,"C, C#, D#, F, G#, A#",6,9.57,common_tone,False,False
G locrian,C# minor,"G#, C#, D#",3,11.29,common_tone,False,False
G locrian,C# dorian,"G#, C#, A#, D#",4,10.71,common_tone,False,False
G locrian,C# phrygian,"G#, C#",2,11.86,distant_modulation,False,False
G locrian,C# lydian,"C, C#, D#, F, G, G#, A#",7,9.0,common_tone,False,False
G locrian,C# mixolydian,"C#, D#, F, G#, A#",5,10.14,common_tone,False,False
G locrian,C# locrian,"C#, G",2,8.86,distant_modulation,False,False
G locrian,C# harmonic_minor,"C, C#, D#, G#",4,10.71,common_tone,False,False
G locrian,C# melodic_minor,"C, C#, D#, G#, A#",5,10.14,common_tone,False,False
G locrian,D major,"C#, G",2,10.36,distant_modulation,False,False
G locrian,D minor,"C, A#, F, G",4,10.71,common_tone,False,False
G locrian,D dorian,"C, F, G",3,11.29,common_tone,False,False
G locrian,D phrygian,"C, D#, F, G, A#",5,10.14,common_tone,False,False
G locrian,D lydian,"G#, C#",2,11.86,distant_modulation,False,False
G locrian,D mixolydian,"C, G",2,11.86,distant_modulation,False,False
G locrian,D locrian,"C, D#, F, G, G#, A#",6,5.57,diatonic_common_tone,False,False
G locrian,D harmonic_minor,"C#, A#, F, G",4,9.21,common_tone,False,False
G locrian,D melodic_minor,"C#, F, G",3,9.79,common_tone,False,False
G locrian,D# major,"C, D#, F, G, G#, A#",6,6.57,common_tone,False,False
G locrian,D# minor,"C#, D#, F, G#, A#",5,7.14,common_tone,False,False
G locrian,D# dorian,"C, C#, D#, F, G#, A#",6,6.57,common_tone,False,False
G locrian,D# phrygian,"G#, C#, A#, D#",4,7.71,common_tone,False,False
G locrian,D# lydian,"C, D#, F, G, A#",5,7.14,common_tone,False,False
G locrian,D# mixolydian,"C, C#, D#, F, G, G#, A#",7,6.0,common_tone,False,False
G locrian,D# locrian,"G#, C#, D#",3,6.29,common_tone,False,False
G locrian,D# harmonic_minor,"G#, A#, D#, F",4,7.71,common_tone,False,False
G locrian,D# melodic_minor,"C, D#, F, G#, A#",5,7.14,common_tone,False,False
G locrian,E major,"G#, C#, D#",3,8.29,common_tone,False,False
G locrian,E minor,"C, G",2,8.86,distant_modulation,False,False
G locrian,E dorian,"C#, G",2,7.36,distant_modulation,False,False
G locrian,E phrygian,"C, F, G",3,8.29,common_tone,False,False
G locrian,E lydian,"G#, C#, A#, D#",4,7.71,common_tone,False,False
G locrian,E mixolydian,"G#, C#",2,8.86,distant_modulation,False,False
G locrian,E locrian,"C, A#, F, G",4,4.71,closely_related,False,False
G locrian,E harmonic_minor,"C, D#, G",3,8.29,common_tone,False,False
G locrian,E melodic_minor,"C#, D#, G",3,6.79,common_tone,False,False
G locrian,F major,"C, A#, F, G",4,4.71,common_tone,False,False
G locrian,F minor,"C, C#, D#, F, G, G#, A#",7,3.0,common_tone,False,False
G locrian,F dorian,"C, D#, F, G, G#, A#",6,3.57,common_tone,False,False
G locrian,F phrygian,"C, C#, D#, F, G#, A#",6,3.57,common_tone,False,False
G locrian,F lydian,"C, F, G",3,5.29,common_tone,False,False
G locrian,F mixolydian,"C, D#, F, G, A#",5,4.14,common_tone,False,False
G locrian,F locrian,"C#, D#, F, G#, A#",5,3.14,closely_related,False,False
G locrian,F harmonic_minor,"C, C#, F, G, G#, A#",6,3.57,common_tone,False,False
G locrian,F melodic_minor,"C, F, G, G#, A#",5,4.14,common_tone,False,False
G locrian,F# major,"C#, D#, F, G#, A#",5,4.14,common_tone,False,False
G locrian,F# minor,"G#, C#",2,5.86,nearby_key,False,False
G locrian,F# dorian,"G#, C#, D#",3,5.29,common_tone,False,False
G locrian,F# phrygian,"C#, G",2,4.36,nearby_key,False,False
G locrian,F# lydian,"C, C#, D#, F, G#, A#",6,3.57,common_tone,False,False
G locrian,F# mixolydian,"G#, C#, A#, D#",4,4.71,common_tone,False,False
G locrian,F# locrian,"C, G",2,3.86,nearby_key,False,False
G locrian,F# harmonic_minor,"G#, C#, F",3,5.29,common_tone,False,False
G locrian,F# melodic_minor,"G#, C#, D#, F",4,4.71,common_tone,False,False
G locrian,G major,"C, G",2,4.36,nearby_key,False,False
G locrian,G minor,"C, D#, F, G, A#",5,2.64,common_tone,False,False
G locrian,G dorian,"C, A#, F, G",4,3.21,common_tone,False,False
G locrian,G phrygian,"C, D#, F, G, G#, A#",6,2.07,common_tone,False,False
G locrian,G lydian,"C#, G",2,2.86,nearby_key,False,False
G locrian,G mixolydian,"C, F, G",3,3.79,common_tone,False,False
G locrian,G harmonic_minor,"C, A#, D#, G",4,3.21,common_tone,False,False
G locrian,G melodic_minor,"C, A#, G",3,3.79,common_tone,False,False
G locrian,G# major,"C, C#, D#, F, G, G#, A#",7,1.5,common_tone,False,False
G locrian,G# minor,"G#, C#, A#, D#",4,3.21,common_tone,False,False
G locrian,G# dorian,"C#, D#, F, G#, A#",5,2.64,common_tone,False,False
G locrian,G# phrygian,"G#, C#, D#",3,3.79,common_tone,False,False
G locrian,G# lydian,"C, D#, F, G, G#, A#",6,2.07,common_tone,False,False
G locrian,G# mixolydian,"C, C#, D#, F, G#, A#",6,2.07,common_tone,False,False
G locrian,G# locrian,"G#, C#",2,3.86,nearby_key,False,False
G locrian,G# harmonic_minor,"C#, D#, G, G#, A#",5,2.64,common_tone,False,False
G locrian,G# melodic_minor,"C#, D#, F, G, G#, A#",6,2.07,common_tone,False,False
G locrian,A major,"G#, C#",2,7.36,nearby_key,False,False
G locrian,A minor,"C, F, G",3,6.79,common_tone,False,False
G locrian,A dorian,"C, G",2,7.36,nearby_key,False,False
G locrian,A phrygian,"C, A#, F, G",4,6.21,common_tone,False,False
G locrian,A lydian,"G#, C#, D#",3,6.79,common_tone,False,False
G locrian,A mixolydian,"C#, G",2,5.86,nearby_key,False,False
G locrian,A locrian,"C, D#, F, G, A#",5,3.14,closely_related,False,False
G locrian,A harmonic_minor,"C, G#, F",3,8.29,common_tone,False,False
G locrian,A melodic_minor,"C, G#",2,8.86,nearby_key,False,False
G locrian,A# major,"C, D#, F, G, A#",5,5.64,common_tone,False,False
G locrian,A# minor,"C, C#, D#, F, G#, A#",6,5.07,common_tone,False,False
G locrian,A# dorian,"C, C#, D#, F, G, G#, A#",7,4.5,common_tone,False,False
G locrian,A# phrygian,"C#, D#, F, G#, A#",5,5.64,common_tone,False,False
G locrian,A# lydian,"C, A#, F, G",4,6.21,common_tone,False,False
G locrian,A# mixolydian,"C, D#, F, G, G#, A#",6,5.07,common_tone,False,False
G locrian,A# locrian,"G#, C#, A#, D#",4,4.71,closely_related,False,False
G locrian,A# harmonic_minor,"C, C#, D#, F, A#",5,5.64,common_tone,False,False
G locrian,A# melodic_minor,"C, C#, D#, F, G, A#",6,5.07,common_tone,False,False
G locrian,B major,"G#, C#, A#, D#",4,9.21,common_tone,False,False
G locrian,B minor,"C#, G",2,8.86,distant_modulation,False,False
G locrian,B dorian,"G#, C#",2,10.36,distant_modulation,False,False
G locrian,B phrygian,"C, G",2,10.36,distant_modulation,False,False
G locrian,B lydian,"C#, D#, F, G#, A#",5,8.64,common_tone,False,False
G locrian,B mixolydian,"G#, C#, D#",3,9.79,common_tone,False,False
G locrian,B locrian,"C, F, G",3,6.29,common_tone,False,False
G locrian,B harmonic_minor,"C#, A#, G",3,8.29,common_tone,False,False
G locrian,B melodic_minor,"G#, C#, A#",3,9.79,common_tone,False,False
G harmonic_minor,C major,"C, A, D, G",4,9.21,common_tone,False,False
G harmonic_minor,C minor,"C, D, D#, G, A#",5,8.64,common_tone,False,False
G harmonic_minor,C dorian,"C, D, D#, G, A, A#",6,8.07,common_tone,False,False
G harmonic_minor,C phrygian,"C, A#, D#, G",4,9.21,common_tone,False,False
G harmonic_minor,C lydian,"C, D, F#, G, A",5,8.64,common_tone,False,False
G harmonic_minor,C mixolydian,"C, D, G, A, A#",5,8.64,common_tone,False,False
G harmonic_minor,C locrian,"C, A#, D#, F#",4,9.21,common_tone,False,False
G harmonic_minor,C harmonic_minor,"C, D, D#, G",4,6.71,closely_related,False,False
G harmonic_minor,C melodic_minor,"C, D, D#, G, A",5,8.64,common_tone,False,False
G harmonic_minor,C# major,"C, A#, D#, F#",4,13.71,common_tone,False,False
G harmonic_minor,C# minor,"A, D#, F#",3,14.29,common_tone,False,False
G harmonic_minor,C# dorian,"A#, D#, F#",3,14.29,common_tone,False,False
G harmonic_minor,C# phrygian,"A, D, F#",3,12.79,common_tone,False,False
G harmonic_minor,C# lydian,"C, A#, D#, G",4,12.21,common_tone,False,False
G harmonic_minor,C# mixolydian,"A#, D#, F#",3,14.29,common_tone,False,False
G harmonic_minor,C# locrian,"A, D, F#, G",4,10.71,common_tone,False,False
G harmonic_minor,C# harmonic_minor,"C, A, D#, F#",4,10.71,closely_related,False,False
G harmonic_minor,C# melodic_minor,"C, A#, D#, F#",4,13.71,common_tone,False,False
G harmonic_minor,D major,"A, D, F#, G",4,9.21,common_tone,False,False
G harmonic_minor,D minor,"C, D, G, A, A#",5,8.64,common_tone,False,False
G harmonic_minor,D dorian,"C, A, D, G",4,9.21,common_tone,False,False
G harmonic_minor,D phrygian,"C, D, D#, G, A, A#",6,8.07,common_tone,False,False
G harmonic_minor,D lydian,"A, D, F#",3,9.79,common_tone,False,False
G harmonic_minor,D mixolydian,"C, D, F#, G, A",5,8.64,common_tone,False,False
G harmonic_minor,D locrian,"C, D, D#, G, A#",5,8.64,common_tone,False,False
G harmonic_minor,D harmonic_minor,"A, D, A#, G",4,6.71,closely_related,False,False
G harmonic_minor,D melodic_minor,"A, D, G",3,9.79,common_tone,False,False
G harmonic_minor,D# major,"C, D, D#, G, A#",5,7.14,common_tone,False,False
G harmonic_minor,D# minor,"A#, D#, F#",3,8.29,common_tone,False,False
G harmonic_minor,D# dorian,"C, A#, D#, F#",4,7.71,common_tone,False,False
G harmonic_minor,D# phrygian,"A#, D#, F#",3,8.29,common_tone,False,False
G harmonic_minor,D# lydian,"C, D, D#, G, A, A#",6,6.57,common_tone,False,False
G harmonic_minor,D# mixolydian,"C, A#, D#, G",4,7.71,common_tone,False,False
G harmonic_minor,D# locrian,"A, D#, F#",3,8.29,common_tone,False,False
G harmonic_minor,D# harmonic_minor,"A#, D, D#, F#",4,5.71,closely_related,False,False
G harmonic_minor,D# melodic_minor,"C, D, D#, F#, A#",5,7.14,common_tone,False,False
G harmonic_minor,E major,"A, D#, F#",3,9.79,common_tone,False,False
G harmonic_minor,E minor,"C, D, F#, G, A",5,5.64,common_tone,False,False
G harmonic_minor,E dorian,"A, D, F#, G",4,6.21,common_tone,False,False
G harmonic_minor,E phrygian,"C, A, D, G",4,6.21,common_tone,False,False
G harmonic_minor,E lydian,"A#, D#, F#",3,9.79,common_tone,False,False
G harmonic_minor,E mixolydian,"A, D, F#",3,8.29,common_tone,False,False
G harmonic_minor,E locrian,"C, D, G, A, A#",5,5.64,common_tone,False,False
G harmonic_minor,E harmonic_minor,"C, D#, F#, G, A",5,5.64,closely_related,False,False
G harmonic_minor,E melodic_minor,"A, D#, F#, G",4,7.71,common_tone,False,False
G harmonic_minor,F major,"C, D, G, A, A#",5,4.14,common_tone,False,False
G harmonic_minor,F minor,"C, A#, D#, G",4,4.71,common_tone,False,False
G harmonic_minor,F dorian,"C, D, D#, G, A#",5,4.14,common_tone,False,False
G harmonic_minor,F phrygian,"C, A#, D#, F#",4,6.21,common_tone,False,False
G harmonic_minor,F lydian,"C, A, D, G",4,4.71,common_tone,False,False
G harmonic_minor,F mixolydian,"C, D, D#, G, A, A#",6,3.57,common_tone,False,False
G harmonic_minor,F locrian,"A#, D#, F#",3,8.29,common_tone,False,False
G harmonic_minor,F harmonic_minor,"C, A#, G",3,4.29,common_tone,False,False
G harmonic_minor,F melodic_minor,"C, D, A#, G",4,4.71,common_tone,False,False
G harmonic_minor,F# major,"A#, D#, F#",3,5.29,common_tone,False,False
G harmonic_minor,F# minor,"A, D, F#",3,3.79,common_tone,False,False
G harmonic_minor,F# dorian,"A, D#, F#",3,5.29,common_tone,False,False
G harmonic_minor,F# phrygian,"A, D, F#, G",4,3.21,common_tone,False,False
G harmonic_minor,F# lydian,"C, A#, D#, F#",4,4.71,common_tone,False,False
G harmonic_minor,F# mixolydian,"A#, D#, F#",3,5.29,common_tone,False,False
G harmonic_minor,F# locrian,"C, D, F#, G, A",5,2.64,common_tone,False,False
G harmonic_minor,F# harmonic_minor,"A, D, F#",3,3.29,common_tone,False,False
G harmonic_minor,F# melodic_minor,"A, D#, F#",3,5.29,common_tone,False,False
G harmonic_minor,G major,"C, D, F#, G, A",5,1.14,common_tone,False,False
G harmonic_minor,G minor,"C, D, D#, G, A, A#",6,0.57,common_tone,False,False
G harmonic_minor,G dorian,"C, D, G, A, A#",5,1.14,common_tone,False,False
G harmonic_minor,G phrygian,"C, D, D#, G, A#",5,1.14,common_tone,False,False
G harmonic_minor,G lydian,"A, D, F#, G",4,1.71,common_tone,False,False
G harmonic_minor,G mixolydian,"C, A, D, G",4,1.71,common_tone,False,False
G harmonic_minor,G locrian,"C, A#, D#, G",4,3.21,common_tone,False,False
G harmonic_minor,G melodic_minor,"C, D, F#, G, A, A#",6,0.57,common_tone,False,False
G harmonic_minor,G# major,"C, A#, D#, G",4,3.21,common_tone,False,False
G harmonic_minor,G# minor,"A#, D#, F#",3,5.29,common_tone,False,False
G harmonic_minor,G# dorian,"A#, D#, F#",3,5.29,common_tone,False,False
G harmonic_minor,G# phrygian,"A, D#, F#",3,5.29,common_tone,False,False
G harmonic_minor,G# lydian,"C, D, D#, G, A#",5,2.64,common_tone,False,False
G harmonic_minor,G# mixolydian,"C, A#, D#, F#",4,4.71,common_tone,False,False
G harmonic_minor,G# locrian,"A, D, F#",3,5.29,common_tone,False,False
G harmonic_minor,G# harmonic_minor,"A#, D#, G",3,3.29,common_tone,False,False
G harmonic_minor,G# melodic_minor,"A#, D#, G",3,3.79,common_tone,False,False
G harmonic_minor,A major,"A, D, F#",3,5.29,common_tone,False,False
G harmonic_minor,A minor,"C, A, D, G",4,4.71,common_tone,False,False
G harmonic_minor,A dorian,"C, D, F#, G, A",5,4.14,common_tone,False,False
G harmonic_minor,A phrygian,"C, D, G, A, A#",5,4.14,common_tone,False,False
G harmonic_minor,A lydian,"A, D#, F#",3,6.79,common_tone,False,False
G harmonic_minor,A mixolydian,"A, D, F#, G",4,4.71,common_tone,False,False
G harmonic_minor,A locrian,"C, D, D#, G, A, A#",6,3.57,common_tone,False,False
G harmonic_minor,A harmonic_minor,"C, A, D",3,4.29,common_tone,False,False
G harmonic_minor,A melodic_minor,"C, A, D, F#",4,4.71,common_tone,False,False
G harmonic_minor,A# major,"C, D, D#, G, A, A#",6,5.07,common_tone,False,False
G harmonic_minor,A# minor,"C, A#, D#, F#",4,7.71,common_tone,False,False
G harmonic_minor,A# dorian,"C, A#, D#, G",4,6.21,common_tone,False,False
G harmonic_minor,A# phrygian,"A#, D#, F#",3,8.29,common_tone,False,False
G harmonic_minor,A# lydian,"C, D, G, A, A#",5,5.64,common_tone,False,False
G harmonic_minor,A# mixolydian,"C, D, D#, G, A#",5,5.64,common_tone,False,False
G harmonic_minor,A# locrian,"A#, D#, F#",3,8.29,common_tone,False,False
G harmonic_minor,A# harmonic_minor,"C, D#, F#, A, A#",5,5.64,closely_related,False,False
G harmonic_minor,A# melodic_minor,"C, D#, G, A, A#",5,5.64,common_tone,False,False
G harmonic_minor,B major,"A#, D#, F#",3,9.79,common_tone,False,False
G harmonic_minor,B minor,"A, D, F#, G",4,7.71,common_tone,False,False
G harmonic_minor,B dorian,"A, D, F#",3,8.29,common_tone,False,False
G harmonic_minor,B phrygian,"C, D, F#, G, A",5,7.14,common_tone,False,False
G harmonic_minor,B lydian,"A#, D#, F#",3,9.79,common_tone,False,False
G harmonic_minor,B mixolydian,"A, D#, F#",3,9.79,common_tone,False,False
G harmonic_minor,B locrian,"C, A, D, G",4,7.71,common_tone,False,False
G harmonic_minor,B harmonic_minor,"D, A#, F#, G",4,5.71,closely_related,False,False
G harmonic_minor,B melodic_minor,"D, A#, F#",3,8.29,common_tone,False,False
G melodic_minor,C major,"C, D, E, G, A",5,8.64,common_tone,False,False
G melodic_minor,C minor,"C, D, A#, G",4,9.21,common_tone,False,False
G melodic_minor,C dorian,"C, D, G, A, A#",5,8.64,common_tone,False,False
G melodic_minor,C phrygian,"C, A#, G",3,9.79,common_tone,False,False
G melodic_minor,C lydian,"C, D, E, F#, G, A",6,8.07,common_tone,False,False
G melodic_minor,C mixolydian,"C, D, E, G, A, A#",6,8.07,common_tone,False,False
G melodic_minor,C locrian,"C, A#, F#",3,9.79,common_tone,False,False
G melodic_minor,C harmonic_minor,"C, D, G",3,9.79,common_tone,False,False
G melodic_minor,C melodic_minor,"C, A, D, G",4,6.71,closely_related,False,False
G melodic_minor,C# major,"C, A#, F#",3,14.29,common_tone,False,False
G melodic_minor,C# minor,"A, E, F#",3,14.29,common_tone,False,False
G melodic_minor,C# dorian,"A#, E, F#",3,14.29,common_tone,False,False
G melodic_minor,C# phrygian,"A, D, E, F#",4,12.21,common_tone,False,False
G melodic_minor,C# lydian,"C, A#, G",3,12.79,common_tone,False,False
G melodic_minor,C# mixolydian,"A#, F#",2,14.86,distant_modulation,False,False
G melodic_minor,C# locrian,"D, E, F#, G, A",5,10.14,common_tone,False,False
G melodic_minor,C# harmonic_minor,"C, A, E, F#",4,13.71,common_tone,False,False
G melodic_minor,C# melodic_minor,"C, A#, E, F#",4,10.71,closely_related,False,False
G melodic_minor,D major,"D, E, F#, G, A",5,8.64,common_tone,False,False
G melodic_minor,D minor,"C, D, E, G, A, A#",6,8.07,common_tone,False,False
G melodic_minor,D dorian,"C, D, E, G, A",5,8.64,common_tone,False,False
G melodic_minor,D phrygian,"C, D, G, A, A#",5,8.64,common_tone,False,False
G melodic_minor,D lydian,"A, D, E, F#",4,9.21,common_tone,False,False
G melodic_minor,D mixolydian,"C, D, E, F#, G, A",6,8.07,common_tone,False,False
G melodic_minor,D locrian,"C, D, A#, G",4,9.21,common_tone,False,False
G melodic_minor,D harmonic_minor,"D, E, G, A, A#",5,8.64,common_tone,False,False
G melodic_minor,D melodic_minor,"A, D, E, G",4,6.71,closely_related,False,False
G melodic_minor,D# major,"C, D, A#, G",4,7.71,common_tone,False,False
G melodic_minor,D# minor,"A#, F#",2,10.36,distant_modulation,False,False
G melodic_minor,D# dorian,"C, A#, F#",3,9.79,common_tone,False,False
G melodic_minor,D# phrygian,"A#, E, F#",3,9.79,common_tone,False,False
G melodic_minor,D# lydian,"C, D, G, A, A#",5,7.14,common_tone,False,False
G melodic_minor,D# mixolydian,"C, A#, G",3,8.29,common_tone,False,False
G melodic_minor,D# locrian,"A, E, F#",3,9.79,common_tone,False,False
G melodic_minor,D# harmonic_minor,"D, A#, F#",3,8.29,common_tone,False,False
G melodic_minor,D# melodic_minor,"C, D, A#, F#",4,5.71,closely_related,False,False
G melodic_minor,E major,"A, E, F#",3,8.29,common_tone,False,False
G melodic_minor,E minor,"C, D, E, F#, G, A",6,5.07,common_tone,False,False
G melodic_minor,E dorian,"D, E, F#, G, A",5,5.64,common_tone,False,False
G melodic_minor,E phrygian,"C, D, E, G, A",5,5.64,common_tone,False,False
G melodic_minor,E lydian,"A#, E, F#",3,8.29,common_tone,False,False
G melodic_minor,E mixolydian,"A, D, E, F#",4,6.21,common_tone,False,False
G melodic_minor,E locrian,"C, D, E, G, A, A#",6,5.07,common_tone,False,False
G melodic_minor,E harmonic_minor,"C, E, F#, G, A",5,5.64,common_tone,False,False
G melodic_minor,E melodic_minor,"A, E, F#, G",4,4.71,closely_related,False,False
G melodic_minor,F major,"C, D, E, G, A, A#",6,3.57,common_tone,False,False
G melodic_minor,F minor,"C, A#, G",3,5.29,common_tone,False,False
G melodic_minor,F dorian,"C, D, A#, G",4,4.71,common_tone,False,False
G melodic_minor,F phrygian,"C, A#, F#",3,6.79,common_tone,False,False
G melodic_minor,F lydian,"C, D, E, G, A",5,4.14,common_tone,False,False
G melodic_minor,F mixolydian,"C, D, G, A, A#",5,4.14,common_tone,False,False
G melodic_minor,F locrian,"A#, F#",2,8.86,nearby_key,False,False
G melodic_minor,F harmonic_minor,"C, A#, E, G",4,4.71,common_tone,False,False
G melodic_minor,F melodic_minor,"C, D, E, G, A#",5,3.14,closely_related,False,False
G melodic_minor,F# major,"A#, F#",2,5.86,nearby_key,False,False
G melodic_minor,F# minor,"A, D, E, F#",4,3.21,common_tone,False,False
G melodic_minor,F# dorian,"A, E, F#",3,5.29,common_tone,False,False
G melodic_minor,F# phrygian,"D, E, F#, G, A",5,2.64,common_tone,False,False
G melodic_minor,F# lydian,"C, A#, F#",3,5.29,common_tone,False,False
G melodic_minor,F# mixolydian,"A#, E, F#",3,5.29,common_tone,False,False
G melodic_minor,F# locrian,"C, D, E, F#, G, A",6,2.07,common_tone,False,False
G melodic_minor,F# harmonic_minor,"A, D, F#",3,3.79,common_tone,False,False
G melodic_minor,F# melodic_minor,"A, F#",2,5.36,nearby_key,False,False
G melodic_minor,G major,"C, D, E, F#, G, A",6,0.57,common_tone,False,False
G melodic_minor,G minor,"C, D, G, A, A#",5,1.14,common_tone,False,False
G melodic_minor,G dorian,"C, D, E, G, A, A#",6,0.57,common_tone,False,False
G melodic_minor,G phrygian,"C, D, A#, G",4,1.71,common_tone,False,False
G melodic_minor,G lydian,"D, E, F#, G, A",5,1.14,common_tone,False,False
G melodic_minor,G mixolydian,"C, D, E, G, A",5,1.14,common_tone,False,False
G melodic_minor,G locrian,"C, A#, G",3,3.79,common_tone,False,False
G melodic_minor,G harmonic_minor,"C, D, F#, G, A, A#",6,0.57,common_tone,False,False
G melodic_minor,G# major,"C, A#, G",3,5.29,common_tone,False,False
G melodic_minor,G# minor,"A#, E, F#",3,6.79,common_tone,False,False
G melodic_minor,G# dorian,"A#, F#",2,7.36,nearby_key,False,False
G melodic_minor,G# phrygian,"A, E, F#",3,6.79,common_tone,False,False
G melodic_minor,G# lydian,"C, D, A#, G",4,3.21,common_tone,False,False
G melodic_minor,G# mixolydian,"C, A#, F#",3,6.79,common_tone,False,False
G melodic_minor,G# locrian,"A, D, E, F#",4,4.71,common_tone,False,False
G melodic_minor,G# harmonic_minor,"A#, E, G",3,5.29,common_tone,False,False
G melodic_minor,G# melodic_minor,"A#, G",2,5.36,nearby_key,False,False
G melodic_minor,A major,"A, D, E, F#",4,4.71,common_tone,False,False
G melodic_minor,A minor,"C, D, E, G, A",5,4.14,common_tone,False,False
G melodic_minor,A dorian,"C, D, E, F#, G, A",6,3.57,common_tone,False,False
G melodic_minor,A phrygian,"C, D, E, G, A, A#",6,3.57,common_tone,False,False
G melodic_minor,A lydian,"A, E, F#",3,5.29,common_tone,False,False
G melodic_minor,A mixolydian,"D, E, F#, G, A",5,4.14,common_tone,False,False
G melodic_minor,A locrian,"C, D, G, A, A#",5,4.14,common_tone,False,False
G melodic_minor,A harmonic_minor,"C, A, D, E",4,4.71,common_tone,False,False
G melodic_minor,A melodic_minor,"C, D, E, F#, A",5,3.14,closely_related,False,False
G melodic_minor,A# major,"C, D, G, A, A#",5,5.64,common_tone,False,False
G melodic_minor,A# minor,"C, A#, F#",3,8.29,common_tone,False,False
G melodic_minor,A# dorian,"C, A#, G",3,6.79,common_tone,False,False
G melodic_minor,A# phrygian,"A#, F#",2,8.86,distant_modulation,False,False
G melodic_minor,A# lydian,"C, D, E, G, A, A#",6,5.07,common_tone,False,False
G melodic_minor,A# mixolydian,"C, D, A#, G",4,6.21,common_tone,False,False
G melodic_minor,A# locrian,"A#, E, F#",3,6.79,common_tone,False,False
G melodic_minor,A# harmonic_minor,"C, A, A#, F#",4,7.71,common_tone,False,False
G melodic_minor,A# melodic_minor,"C, A, A#, G",4,4.71,closely_related,False,False
G melodic_minor,B major,"A#, E, F#",3,9.79,common_tone,False,False
G melodic_minor,B minor,"D, E, F#, G, A",5,7.14,common_tone,False,False
G melodic_minor,B dorian,"A, D, E, F#",4,7.71,common_tone,False,False
G melodic_minor,B phrygian,"C, D, E, F#, G, A",6,6.57,common_tone,False,False
G melodic_minor,B lydian,"A#, F#",2,10.36,distant_modulation,False,False
G melodic_minor,B mixolydian,"A, E, F#",3,9.79,common_tone,False,False
G melodic_minor,B locrian,"C, D, E, G, A",5,7.14,common_tone,False,False
G melodic_minor,B harmonic_minor,"D, E, F#, G, A#",5,7.14,common_tone,False,False
G melodic_minor,B melodic_minor,"D, A#, E, F#",4,5.71,closely_related,False,False
G# major,C major,"C, F, G",3,6.29,common_tone,False,False
G# major,C minor,"C, D#, F, G, G#, A#",6,6.57,common_tone,False,False
G# major,C dorian,"C, D#, F, G, A#",5,7.14,common_tone,False,False
G# major,C phrygian,"C, C#, D#, F, G, G#, A#",7,6.0,common_tone,False,False
G# major,C lydian,"C, G",2,8.86,distant_modulation,False,False
G# major,C mixolydian,"C, A#, F, G",4,7.71,common_tone,False,False
G# major,C locrian,"C, C#, D#, F, G#, A#",6,6.57,common_tone,False,False
G# major,C harmonic_minor,"C, D#, F, G, G#",5,7.14,common_tone,False,False
G# major,C melodic_minor,"C, D#, F, G",4,7.71,common_tone,False,False
G# major,C# major,"C, C#, D#, F, G#, A#",6,5.57,diatonic_common_tone,False,False
G# major,C# minor,"G#, C#, D#",3,9.79,common_tone,False,False
G# major,C# dorian,"G#, C#, A#, D#",4,9.21,common_tone,False,False
G# major,C# phrygian,"G#, C#",2,10.36,distant_modulation,False,False
G# major,C# lydian,"C, C#, D#, F, G, G#, A#",7,7.5,common_tone,False,False
G# major,C# mixolydian,"C#, D#, F, G#, A#",5,8.64,common_tone,False,False
G# major,C# locrian,"C#, G",2,10.36,distant_modulation,False,False
G# major,C# harmonic_minor,"C, C#, D#, G#",4,9.21,common_tone,False,False
G# major,C# melodic_minor,"C, C#, D#, G#, A#",5,8.64,common_tone,False,False
G# major,D major,"C#, G",2,11.86,distant_modulation,False,False
G# major,D minor,"C, A#, F, G",4,13.71,common_tone,False,False
G# major,D dorian,"C, F, G",3,14.29,common_tone,False,False
G# major,D phrygian,"C, D#, F, G, A#",5,11.64,common_tone,False,False
G# major,D lydian,"G#, C#",2,13.36,distant_modulation,False,False
G# major,D mixolydian,"C, G",2,14.86,distant_modulation,False,False
G# major,D locrian,"C, D#, F, G, G#, A#",6,9.57,common_tone,False,False
G# major,D harmonic_minor,"C#, A#, F, G",4,13.71,common_tone,False,False
G# major,D melodic_minor,"C#, F, G",3,14.29,common_tone,False,False
G# major,D# major,"C, D#, F, G, G#, A#",6,5.57,diatonic_common_tone,False,False
G# major,D# minor,"C#, D#, F, G#, A#",5,8.64,common_tone,False,False
G# major,D# dorian,"C, C#, D#, F, G#, A#",6,8.07,common_tone,False,False
G# major,D# phrygian,"G#, C#, A#, D#",4,9.21,common_tone,False,False
G# major,D# lydian,"C, D#, F, G, A#",5,8.64,common_tone,False,False
G# major,D# mixolydian,"C, C#, D#, F, G, G#, A#",7,7.5,common_tone,False,False
G# major,D# locrian,"G#, C#, D#",3,9.79,common_tone,False,False
G# major,D# harmonic_minor,"G#, A#, D#, F",4,9.21,common_tone,False,False
G# major,D# melodic_minor,"C, D#, F, G#, A#",5,8.64,common_tone,False,False
G# major,E major,"G#, C#, D#",3,6.29,common_tone,False,False
G# major,E minor,"C, G",2,11.86,distant_modulation,False,False
G# major,E dorian,"C#, G",2,11.86,distant_modulation,False,False
G# major,E phrygian,"C, F, G",3,11.29,common_tone,False,False
G# major,E lydian,"G#, C#, A#, D#",4,7.71,common_tone,False,False
G# major,E mixolydian,"G#, C#",2,10.36,distant_modulation,False,False
G# major,E locrian,"C, A#, F, G",4,9.21,common_tone,False,False
G# major,E harmonic_minor,"C, D#, G",3,9.79,common_tone,False,False
G# major,E melodic_minor,"C#, D#, G",3,9.79,common_tone,False,False
G# major,F major,"C, A#, F, G",4,4.71,closely_related,False,False
G# major,F minor,"C, C#, D#, F, G, G#, A#",7,4.5,common_tone,False,False
G# major,F dorian,"C, D#, F, G, G#, A#",6,5.07,common_tone,False,False
G# major,F phrygian,"C, C#, D#, F, G#, A#",6,5.07,common_tone,False,False
G# major,F lydian,"C, F, G",3,6.79,common_tone,False,False
G# major,F mixolydian,"C, D#, F, G, A#",5,5.64,common_tone,False,False
G# major,F locrian,"C#, D#, F, G#, A#",5,5.64,common_tone,False,False
G# major,F harmonic_minor,"C, C#, F, G, G#, A#",6,5.07,common_tone,False,False
G# major,F melodic_minor,"C, F, G, G#, A#",5,5.64,common_tone,False,False
G# major,F# major,"C#, D#, F, G#, A#",5,3.14,closely_related,False,False
G# major,F# minor,"G#, C#",2,5.86,nearby_key,False,False
G# major,F# dorian,"G#, C#, D#",3,5.29,common_tone,False,False
G# major,F# phrygian,"C#, G",2,7.36,nearby_key,False,False
G# major,F# lydian,"C, C#, D#, F, G#, A#",6,3.57,common_tone,False,False
G# major,F# mixolydian,"G#, C#, A#, D#",4,4.71,common_tone,False,False
G# major,F# locrian,"C, G",2,7.36,nearby_key,False,False
G# major,F# harmonic_minor,"G#, C#, F",3,5.29,common_tone,False,False
G# major,F# melodic_minor,"G#, C#, D#, F",4,4.71,common_tone,False,False
G# major,G major,"C, G",2,5.36,nearby_key,False,False
G# major,G minor,"C, D#, F, G, A#",5,2.64,common_tone,False,False
G# major,G dorian,"C, A#, F, G",4,4.71,common_tone,False,False
G# major,G phrygian,"C, D#, F, G, G#, A#",6,2.07,common_tone,False,False
G# major,G lydian,"C#, G",2,5.86,nearby_key,False,False
G# major,G mixolydian,"C, F, G",3,5.29,common_tone,False,False
G# major,G locrian,"C, C#, D#, F, G, G#, A#",7,1.5,common_tone,False,False
G# major,G harmonic_minor,"C, A#, D#, G",4,3.21,common_tone,False,False
G# major,G melodic_minor,"C, A#, G",3,5.29,common_tone,False,False
G# major,G# minor,"G#, C#, A#, D#",4,1.71,common_tone,False,False
G# major,G# dorian,"C#, D#, F, G#, A#",5,1.14,common_tone,False,False
G# major,G# phrygian,"G#, C#, D#",3,2.29,common_tone,False,False
G# major,G# lydian,"C, D#, F, G, G#, A#",6,0.57,common_tone,False,False
G# major,G# mixolydian,"C, C#, D#, F, G#, A#",6,0.57,common_tone,False,False
G# major,G# locrian,"G#, C#",2,4.36,nearby_key,False,False
G# major,G# harmonic_minor,"C#, D#, G, G#, A#",5,1.14,common_tone,False,False
G# major,G# melodic_minor,"C#, D#, F, G, G#, A#",6,0.57,common_tone,False,False
G# major,A major,"G#, C#",2,5.36,nearby_key,False,False
G# major,A minor,"C, F, G",3,6.79,common_tone,False,False
G# major,A dorian,"C, G",2,7.36,nearby_key,False,False
G# major,A phrygian,"C, A#, F, G",4,6.21,common_tone,False,False
G# major,A lydian,"G#, C#, D#",3,3.79,common_tone,False,False
G# major,A mixolydian,"C#, G",2,7.36,nearby_key,False,False
G# major,A locrian,"C, D#, F, G, A#",5,4.14,common_tone,False,False
G# major,A harmonic_minor,"C, G#, F",3,5.29,common_tone,False,False
G# major,A melodic_minor,"C, G#",2,5.86,nearby_key,False,False
G# major,A# major,"C, D#, F, G, A#",5,3.14,closely_related,False,False
G# major,A# minor,"C, C#, D#, F, G#, A#",6,3.57,common_tone,False,False
G# major,A# dorian,"C, C#, D#, F, G, G#, A#",7,3.0,common_tone,False,False
G# major,A# phrygian,"C#, D#, F, G#, A#",5,4.14,common_tone,False,False
G# major,A# lydian,"C, A#, F, G",4,4.71,common_tone,False,False
G# major,A# mixolydian,"C, D#, F, G, G#, A#",6,3.57,common_tone,False,False
G# major,A# locrian,"G#, C#, A#, D#",4,4.71,common_tone,False,False
G# major,A# harmonic_minor,"C, C#, D#, F, A#",5,4.14,common_tone,False,False
G# major,A# melodic_minor,"C, C#, D#, F, G, A#",6,3.57,common_tone,False,False
G# major,B major,"G#, C#, A#, D#",4,4.71,closely_related,False,False
G# major,B minor,"C#, G",2,10.36,distant_modulation,False,False
G# major,B dorian,"G#, C#",2,8.86,distant_modulation,False,False
G# major,B phrygian,"C, G",2,10.36,distant_modulation,False,False
G# major,B lydian,"C#, D#, F, G#, A#",5,5.64,common_tone,False,False
G# major,B mixolydian,"G#, C#, D#",3,6.79,common_tone,False,False
G# major,B locrian,"C, F, G",3,8.29,common_tone,False,False
G# major,B harmonic_minor,"C#, A#, G",3,9.79,common_tone,False,False
G# major,B melodic_minor,"G#, C#, A#",3,8.29,common_tone,False,False
G# minor,C major,"B, E",2,11.86,distant_modulation,False,False
G# minor,C minor,"G#, A#, D#",3,6.29,common_tone,False,False
G# minor,C dorian,"A#, D#",2,10.36,distant_modulation,False,False
G# minor,C phrygian,"G#, C#, A#, D#",4,7.71,common_tone,False,False
G# minor,C lydian,"B, E, F#",3,11.29,common_tone,False,False
G# minor,C mixolydian,"A#, E",2,11.86,distant_modulation,False,False
G# minor,C locrian,"C#, D#, F#, G#, A#",5,7.14,common_tone,False,False
G# minor,C harmonic_minor,"G#, B, D#",3,8.29,common_tone,False,False
G# minor,C melodic_minor,"B, D#",2,10.36,distant_modulation,False,False
G# minor,C# major,"C#, D#, F#, G#, A#",5,8.64,common_tone,False,False
G# minor,C# minor,"C#, D#, E, F#, G#, B",6,5.57,diatonic_common_tone,False,False
G# minor,C# dorian,"C#, D#, E, F#, G#, A#, B",7,7.5,common_tone,False,False
G# minor,C# phrygian,"C#, E, F#, G#, B",5,8.64,common_tone,False,False
G# minor,C# lydian,"G#, C#, A#, D#",4,9.21,common_tone,False,False
G# minor,C# mixolydian,"C#, D#, F#, G#, A#, B",6,8.07,common_tone,False,False
G# minor,C# locrian,"C#, B, E, F#",4,10.71,common_tone,False,False
G# minor,C# harmonic_minor,"C#, D#, E, F#, G#",5,8.64,common_tone,False,False
G# minor,C# melodic_minor,"C#, D#, E, F#, G#, A#",6,8.07,common_tone,False,False
G# minor,D major,"C#, B, E, F#",4,13.71,common_tone,False,False
G# minor,D minor,"A#, E",2,11.86,distant_modulation,False,False
G# minor,D dorian,"B, E",2,14.86,distant_modulation,False,False
G# minor,D phrygian,"A#, D#",2,13.36,distant_modulation,False,False
G# minor,D lydian,"C#, E, F#, G#, B",5,11.64,common_tone,False,False
G# minor,D mixolydian,"B, E, F#",3,14.29,common_tone,False,False
G# minor,D locrian,"G#, A#, D#",3,11.29,common_tone,False,False
G# minor,D harmonic_minor,"C#, A#, E",3,14.29,common_tone,False,False
G# minor,D melodic_minor,"C#, B, E",3,14.29,common_tone,False,False
G# minor,D# major,"G#, A#, D#",3,9.79,common_tone,False,False
G# minor,D# minor,"C#, D#, F#, G#, A#, B",6,5.57,diatonic_common_tone,False,False
G# minor,D# dorian,"C#, D#, F#, G#, A#",5,8.64,common_tone,False,False
G# minor,D# phrygian,"C#, D#, E, F#, G#, A#, B",7,7.5,common_tone,False,False
G# minor,D# lydian,"A#, D#",2,10.36,distant_modulation,False,False
G# minor,D# mixolydian,"G#, C#, A#, D#",4,9.21,common_tone,False,False
G# minor,D# locrian,"C#, D#, E, F#, G#, B",6,8.07,common_tone,False,False
G# minor,D# harmonic_minor,"D#, F#, G#, A#, B",5,8.64,common_tone,False,False
G# minor,D# melodic_minor,"G#, A#, D#, F#",4,9.21,common_tone,False,False
G# minor,E major,"C#, D#, E, F#, G#, B",6,6.57,common_tone,False,False
G# minor,E minor,"B, E, F#",3,6.29,common_tone,False,False
G# minor,E dorian,"C#, B, E, F#",4,7.71,common_tone,False,False
G# minor,E phrygian,"B, E",2,8.86,distant_modulation,False,False
G# minor,E lydian,"C#, D#, E, F#, G#, A#, B",7,6.0,common_tone,False,False
G# minor,E mixolydian,"C#, E, F#, G#, B",5,7.14,common_tone,False,False
G# minor,E locrian,"A#, E",2,8.86,distant_modulation,False,False
G# minor,E harmonic_minor,"B, D#, E, F#",4,7.71,common_tone,False,False
G# minor,E melodic_minor,"C#, D#, E, F#, B",5,7.14,common_tone,False,False
G# minor,F major,"A#, E",2,10.36,distant_modulation,False,False
G# minor,F minor,"G#, C#, A#, D#",4,4.71,closely_related,False,False
G# minor,F dorian,"G#, A#, D#",3,6.79,common_tone,False,False
G# minor,F phrygian,"C#, D#, F#, G#, A#",5,5.64,common_tone,False,False
G# minor,F lydian,"B, E",2,10.36,distant_modulation,False,False
G# minor,F mixolydian,"A#, D#",2,8.86,distant_modulation,False,False
G# minor,F locrian,"C#, D#, F#, G#, A#, B",6,5.07,common_tone,False,False
G# minor,F harmonic_minor,"G#, C#, A#, E",4,7.71,common_tone,False,False
G# minor,F melodic_minor,"G#, A#, E",3,8.29,common_tone,False,False
G# minor,F# major,"C#, D#, F#, G#, A#, B",6,3.57,common_tone,False,False
G# minor,F# minor,"C#, E, F#, G#, B",5,3.14,closely_related,False,False
G# minor,F# dorian,"C#, D#, E, F#, G#, B",6,3.57,common_tone,False,False
G# minor,F# phrygian,"C#, B, E, F#",4,4.71,common_tone,False,False
G# minor,F# lydian,"C#, D#, F#, G#, A#",5,4.14,common_tone,False,False
G# minor,F# mixolydian,"C#, D#, E, F#, G#, A#, B",7,3.0,common_tone,False,False
G# minor,F# locrian,"B, E, F#",3,6.79,common_tone,False,False
G# minor,F# harmonic_minor,"G#, C#, B, F#",4,4.71,common_tone,False,False
G# minor,F# melodic_minor,"C#, D#, F#, G#, B",5,4.14,common_tone,False,False
G# minor,G major,"B, E, F#",3,6.79,common_tone,False,False
G# minor,G minor,"A#, D#",2,5.36,nearby_key,False,False
G# minor,G dorian,"A#, E",2,7.36,nearby_key,False,False
G# minor,G phrygian,"G#, A#, D#",3,3.79,common_tone,False,False
G# minor,G lydian,"C#, B, E, F#",4,6.21,common_tone,False,False
G# minor,G mixolydian,"B, E",2,7.36,nearby_key,False,False
G# minor,G locrian,"G#, C#, A#, D#",4,3.21,common_tone,False,False
G# minor,G harmonic_minor,"A#, D#, F#",3,5.29,common_tone,False,False
G# minor,G melodic_minor,"A#, E, F#",3,6.79,common_tone,False,False
G# minor,G# major,"G#, C#, A#, D#",4,1.71,common_tone,False,False
G# minor,G# dorian,"C#, D#, F#, G#, A#, B",6,0.57,common_tone,False,False
G# minor,G# phrygian,"C#, D#, E, F#, G#, B",6,0.57,common_tone,False,False
G# minor,G# lydian,"G#, A#, D#",3,2.29,common_tone,False,False
G# minor,G# mixolydian,"C#, D#, F#, G#, A#",5,1.14,common_tone,False,False
G# minor,G# locrian,"C#, E, F#, G#, B",5,2.64,common_tone,False,False
G# minor,G# harmonic_minor,"C#, D#, E, G#, A#, B",6,0.57,common_tone,False,False
G# minor,G# melodic_minor,"C#, D#, G#, A#, B",5,1.14,common_tone,False,False
G# minor,A major,"C#, E, F#, G#, B",5,2.64,common_tone,False,False
G# minor,A minor,"B, E",2,5.36,nearby_key,False,False
G# minor,A dorian,"B, E, F#",3,5.29,common_tone,False,False
G# minor,A phrygian,"A#, E",2,5.86,nearby_key,False,False
G# minor,A lydian,"C#, D#, E, F#, G#, B",6,2.07,common_tone,False,False
G# minor,A mixolydian,"C#, B, E, F#",4,4.71,common_tone,False,False
G# minor,A locrian,"A#, D#",2,5.86,nearby_key,False,False
G# minor,A harmonic_minor,"G#, B, E",3,3.79,common_tone,False,False
G# minor,A melodic_minor,"G#, B, E, F#",4,3.21,common_tone,False,False
G# minor,A# major,"A#, D#",2,5.86,nearby_key,False,False
G# minor,A# minor,"C#, D#, F#, G#, A#",5,3.14,closely_related,False,False
G# minor,A# dorian,"G#, C#, A#, D#",4,4.71,common_tone,False,False
G# minor,A# phrygian,"C#, D#, F#, G#, A#, B",6,3.57,common_tone,False,False
G# minor,A# lydian,"A#, E",2,7.36,nearby_key,False,False
G# minor,A# mixolydian,"G#, A#, D#",3,5.29,common_tone,False,False
G# minor,A# locrian,"C#, D#, E, F#, G#, A#, B",7,3.0,common_tone,False,False
G# minor,A# harmonic_minor,"C#, A#, D#, F#",4,4.71,common_tone,False,False
G# minor,A# melodic_minor,"C#, A#, D#",3,5.29,common_tone,False,False
G# minor,B major,"C#, D#, E, F#, G#, A#, B",7,4.5,common_tone,False,False
G# minor,B minor,"C#, B, E, F#",4,4.71,closely_related,False,False
G# minor,B dorian,"C#, E, F#, G#, B",5,5.64,common_tone,False,False
G# minor,B phrygian,"B, E, F#",3,6.79,common_tone,False,False
G# minor,B lydian,"C#, D#, F#, G#, A#, B",6,5.07,common_tone,False,False
G# minor,B mixolydian,"C#, D#, E, F#, G#, B",6,5.07,common_tone,False,False
G# minor,B locrian,"B, E",2,8.86,distant_modulation,False,False
G# minor,B harmonic_minor,"C#, E, F#, A#, B",5,5.64,common_tone,False,False
G# minor,B melodic_minor,"C#, E, F#, G#, A#, B",6,5.07,common_tone,False,False
G# dorian,C major,"B, F",2,11.86,distant_modulation,False,False
G# dorian,C minor,"G#, A#, D#, F",4,7.71,common_tone,False,False
G# dorian,C dorian,"A#, D#, F",3,7.79,common_tone,False,False
G# dorian,C phrygian,"C#, D#, F, G#, A#",5,7.14,common_tone,False,False
G# dorian,C lydian,"B, F#",2,11.86,distant_modulation,False,False
G# dorian,C mixolydian,"A#, F",2,11.86,distant_modulation,False,False
G# dorian,C locrian,"C#, D#, F, F#, G#, A#",6,6.57,common_tone,False,False
G# dorian,C harmonic_minor,"G#, B, D#, F",4,7.71,common_tone,False,False
G# dorian,C melodic_minor,"B, D#, F",3,9.79,common_tone,False,False
G# dorian,C# major,"C#, D#, F, F#, G#, A#",6,8.07,common_tone,False,False
G# dorian,C# minor,"C#, D#, F#, G#, B",5,8.64,common_tone,False,False
G# dorian,C# dorian,"C#, D#, F#, G#, A#, B",6,5.57,diatonic_common_tone,False,False
G# dorian,C# phrygian,"G#, C#, B, F#",4,9.21,common_tone,False,False
G# dorian,C# lydian,"C#, D#, F, G#, A#",5,8.64,common_tone,False,False
G# dorian,C# mixolydian,"C#, D#, F, F#, G#, A#, B",7,7.5,common_tone,False,False
G# dorian,C# locrian,"C#, B, F#",3,11.29,common_tone,False,False
G# dorian,C# harmonic_minor,"G#, C#, D#, F#",4,9.21,common_tone,False,False
G# dorian,C# melodic_minor,"C#, D#, F#, G#, A#",5,8.64,common_tone,False,False
G# dorian,D major,"C#, B, F#",3,14.29,common_tone,False,False
G# dorian,D minor,"A#, F",2,14.86,distant_modulation,False,False
G# dorian,D dorian,"B, F",2,11.86,distant_modulation,False,False
G# dorian,D phrygian,"A#, D#, F",3,12.79,common_tone,False,False
G# dorian,D lydian,"G#, C#, B, F#",4,12.21,common_tone,False,False
G# dorian,D mixolydian,"B, F#",2,14.86,distant_modulation,False,False
G# dorian,D locrian,"G#, A#, D#, F",4,10.71,common_tone,False,False
G# dorian,D harmonic_minor,"C#, A#, F",3,14.29,common_tone,False,False
G# dorian,D melodic_minor,"C#, B, F",3,14.29,common_tone,False,False
G# dorian,D# major,"G#, A#, D#, F",4,9.21,common_tone,False,False
G# dorian,D# minor,"C#, D#, F, F#, G#, A#, B",7,7.5,common_tone,False,False
G# dorian,D# dorian,"C#, D#, F, F#, G#, A#",6,5.57,diatonic_common_tone,False,False
G# dorian,D# phrygian,"C#, D#, F#, G#, A#, B",6,8.07,common_tone,False,False
G# dorian,D# lydian,"A#, D#, F",3,9.79,common_tone,False,False
G# dorian,D# mixolydian,"C#, D#, F, G#, A#",5,8.64,common_tone,False,False
G# dorian,D# locrian,"C#, D#, F#, G#, B",5,8.64,common_tone,False,False
G# dorian,D# harmonic_minor,"D#, F, F#, G#, A#, B",6,8.07,common_tone,False,False
G# dorian,D# melodic_minor,"D#, F, F#, G#, A#",5,8.64,common_tone,False,False
G# dorian,E major,"C#, D#, F#, G#, B",5,7.14,common_tone,False,False
G# dorian,E minor,"B, F#",2,10.36,distant_modulation,False,False
G# dorian,E dorian,"C#, B, F#",3,7.79,common_tone,False,False
G# dorian,E phrygian,"B, F",2,10.36,distant_modulation,False,False
G# dorian,E lydian,"C#, D#, F#, G#, A#, B",6,6.57,common_tone,False,False
G# dorian,E mixolydian,"G#, C#, B, F#",4,7.71,common_tone,False,False
G# dorian,E locrian,"A#, F",2,10.36,distant_modulation,False,False
G# dorian,E harmonic_minor,"B, D#, F#",3,8.29,common_tone,False,False
G# dorian,E melodic_minor,"B, C#, D#, F#",4,7.71,common_tone,False,False
G# dorian,F major,"A#, F",2,8.86,distant_modulation,False,False
G# dorian,F minor,"C#, D#, F, G#, A#",5,5.64,common_tone,False,False
G# dorian,F dorian,"G#, A#, D#, F",4,4.71,closely_related,False,False
G# dorian,F phrygian,"C#, D#, F, F#, G#, A#",6,5.07,common_tone,False,False
G# dorian,F lydian,"B, F",2,8.86,distant_modulation,False,False
G# dorian,F mixolydian,"A#, D#, F",3,6.79,common_tone,False,False
G# dorian,F locrian,"C#, D#, F, F#, G#, A#, B",7,4.5,common_tone,False,False
G# dorian,F harmonic_minor,"G#, C#, A#, F",4,6.21,common_tone,False,False
G# dorian,F melodic_minor,"G#, A#, F",3,6.79,common_tone,False,False
G# dorian,F# major,"C#, D#, F, F#, G#, A#, B",7,3.0,common_tone,False,False
G# dorian,F# minor,"G#, C#, B, F#",4,4.71,common_tone,False,False
G# dorian,F# dorian,"C#, D#, F#, G#, B",5,3.14,closely_related,False,False
G# dorian,F# phrygian,"C#, B, F#",3,5.29,common_tone,False,False
G# dorian,F# lydian,"C#, D#, F, F#, G#, A#",6,3.57,common_tone,False,False
G# dorian,F# mixolydian,"C#, D#, F#, G#, A#, B",6,3.57,common_tone,False,False
G# dorian,F# locrian,"B, F#",2,7.36,nearby_key,False,False
G# dorian,F# harmonic_minor,"C#, F, F#, G#, B",5,4.14,common_tone,False,False
G# dorian,F# melodic_minor,"C#, D#, F, F#, G#, B",6,3.57,common_tone,False,False
G# dorian,G major,"B, F#",2,7.36,nearby_key,False,False
G# dorian,G minor,"A#, D#, F",3,5.29,common_tone,False,False
G# dorian,G dorian,"A#, F",2,6.86,nearby_key,False,False
G# dorian,G phrygian,"G#, A#, D#, F",4,3.21,common_tone,False,False
G# dorian,G lydian,"C#, B, F#",3,6.79,common_tone,False,False
G# dorian,G mixolydian,"B, F",2,7.36,nearby_key,False,False
G# dorian,G locrian,"C#, D#, F, G#, A#",5,2.64,common_tone,False,False
G# dorian,G harmonic_minor,"A#, D#, F#",3,5.29,common_tone,False,False
G# dorian,G melodic_minor,"A#, F#",2,7.36,nearby_key,False,False
G# dorian,G# major,"C#, D#, F, G#, A#",5,1.14,common_tone,False,False
G# dorian,G# minor,"C#, D#, F#, G#, A#, B",6,0.57,common_tone,False,False
G# dorian,G# phrygian,"C#, D#, F#, G#, B",5,1.14,common_tone,False,False
G# dorian,G# lydian,"G#, A#, D#, F",4,1.71,common_tone,False,False
G# dorian,G# mixolydian,"C#, D#, F, F#, G#, A#",6,0.57,common_tone,False,False
G# dorian,G# locrian,"G#, C#, B, F#",4,3.21,common_tone,False,False
G# dorian,G# harmonic_minor,"C#, D#, G#, A#, B",5,1.14,common_tone,False,False
G# dorian,G# melodic_minor,"C#, D#, F, G#, A#, B",6,0.57,common_tone,False,False
G# dorian,A major,"G#, C#, B, F#",4,4.71,common_tone,False,False
G# dorian,A minor,"B, F",2,7.36,nearby_key,False,False
G# dorian,A dorian,"B, F#",2,6.86,nearby_key,False,False
G# dorian,A phrygian,"A#, F",2,7.36,nearby_key,False,False
G# dorian,A lydian,"C#, D#, F#, G#, B",5,2.64,common_tone,False,False
G# dorian,A mixolydian,"C#, B, F#",3,6.79,common_tone,False,False
G# dorian,A locrian,"A#, D#, F",3,5.29,common_tone,False,False
G# dorian,A harmonic_minor,"G#, B, F",3,5.29,common_tone,False,False
G# dorian,A melodic_minor,"G#, B, F#",3,5.29,common_tone,False,False
G# dorian,A# major,"A#, D#, F",3,5.29,common_tone,False,False
G# dorian,A# minor,"C#, D#, F, F#, G#, A#",6,3.57,common_tone,False,False
G# dorian,A# dorian,"C#, D#, F, G#, A#",5,3.14,closely_related,False,False
G# dorian,A# phrygian,"C#, D#, F, F#, G#, A#, B",7,3.0,common_tone,False,False
G# dorian,A# lydian,"A#, F",2,5.86,nearby_key,False,False
G# dorian,A# mixolydian,"G#, A#, D#, F",4,4.71,common_tone,False,False
G# dorian,A# locrian,"C#, D#, F#, G#, A#, B",6,3.57,common_tone,False,False
G# dorian,A# harmonic_minor,"C#, D#, F, F#, A#",5,4.14,common_tone,False,False
G# dorian,A# melodic_minor,"C#, A#, D#, F",4,4.71,common_tone,False,False
G# dorian,B major,"C#, D#, F#, G#, A#, B",6,5.07,common_tone,False,False
G# dorian,B minor,"C#, B, F#",3,6.79,common_tone,False,False
G# dorian,B dorian,"G#, C#, B, F#",4,4.71,closely_related,False,False
G# dorian,B phrygian,"B, F#",2,7.36,distant_modulation,False,False
G# dorian,B lydian,"C#, D#, F, F#, G#, A#, B",7,4.5,common_tone,False,False
G# dorian,B mixolydian,"C#, D#, F#, G#, B",5,5.64,common_tone,False,False
G# dorian,B locrian,"B, F",2,7.36,distant_modulation,False,False
G# dorian,B harmonic_minor,"C#, A#, B, F#",4,6.21,common_tone,False,False
G# dorian,B melodic_minor,"C#, F#, G#, A#, B",5,5.64,common_tone,False,False
G# phrygian,C major,"A, B, E",3,11.29,common_tone,False,False
G# phrygian,C minor,"G#, D#",2,8.86,distant_modulation,False,False
G# phrygian,C dorian,"A, D#",2,10.36,distant_modulation,False,False
G# phrygian,C phrygian,"G#, C#, D#",3,6.29,common_tone,False,False
G# phrygian,C lydian,"A, B, E, F#",4,10.71,common_tone,False,False
G# phrygian,C mixolydian,"A, E",2,11.86,distant_modulation,False,False
G# phrygian,C locrian,"G#, C#, D#, F#",4,7.71,common_tone,False,False
G# phrygian,C harmonic_minor,"G#, B, D#",3,8.29,common_tone,False,False
G# phrygian,C melodic_minor,"B, A, D#",3,9.79,common_tone,False,False
G# phrygian,C# major,"G#, C#, D#, F#",4,9.21,common_tone,False,False
G# phrygian,C# minor,"C#, D#, E, F#, G#, A, B",7,7.5,common_tone,False,False
G# phrygian,C# dorian,"C#, D#, E, F#, G#, B",6,8.07,common_tone,False,False
G# phrygian,C# phrygian,"C#, E, F#, G#, A, B",6,5.57,diatonic_common_tone,False,False
G# phrygian,C# lydian,"G#, C#, D#",3,9.79,common_tone,False,False
G# phrygian,C# mixolydian,"C#, D#, F#, G#, B",5,8.64,common_tone,False,False
G# phrygian,C# locrian,"C#, E, F#, A, B",5,10.14,common_tone,False,False
G# phrygian,C# harmonic_minor,"C#, D#, E, F#, G#, A",6,8.07,common_tone,False,False
G# phrygian,C# melodic_minor,"C#, D#, E, F#, G#",5,8.64,common_tone,False,False
G# phrygian,D major,"C#, E, F#, A, B",5,11.64,common_tone,False,False
G# phrygian,D minor,"A, E",2,13.36,distant_modulation,False,False
G# phrygian,D dorian,"A, B, E",3,12.79,common_tone,False,False
G# phrygian,D phrygian,"A, D#",2,8.86,distant_modulation,False,False
G# phrygian,D lydian,"C#, E, F#, G#, A, B",6,9.57,common_tone,False,False
G# phrygian,D mixolydian,"A, B, E, F#",4,12.21,common_tone,False,False
G# phrygian,D locrian,"G#, D#",2,11.86,distant_modulation,False,False
G# phrygian,D harmonic_minor,"C#, E, A",3,12.79,common_tone,False,False
G# phrygian,D melodic_minor,"C#, B, E, A",4,12.21,common_tone,False,False
G# phrygian,D# major,"G#, D#",2,10.36,distant_modulation,False,False
G# phrygian,D# minor,"C#, D#, F#, G#, B",5,8.64,common_tone,False,False
G# phrygian,D# dorian,"G#, C#, D#, F#",4,9.21,common_tone,False,False
G# phrygian,D# phrygian,"C#, D#, E, F#, G#, B",6,5.57,diatonic_common_tone,False,False
G# phrygian,D# lydian,"A, D#",2,11.86,distant_modulation,False,False
G# phrygian,D# mixolydian,"G#, C#, D#",3,9.79,common_tone,False,False
G# phrygian,D# locrian,"C#, D#, E, F#, G#, A, B",7,7.5,common_tone,False,False
G# phrygian,D# harmonic_minor,"G#, B, D#, F#",4,9.21,common_tone,False,False
G# phrygian,D# melodic_minor,"G#, D#, F#",3,9.79,common_tone,False,False
G# phrygian,E major,"C#, D#, E, F#, G#, A, B",7,6.0,common_tone,False,False
G# phrygian,E minor,"A, B, E, F#",4,7.71,common_tone,False,False
G# phrygian,E dorian,"C#, E, F#, A, B",5,7.14,common_tone,False,False
G# phrygian,E phrygian,"A, B, E",3,6.29,common_tone,False,False
G# phrygian,E lydian,"C#, D#, E, F#, G#, B",6,6.57,common_tone,False,False
G# phrygian,E mixolydian,"C#, E, F#, G#, A, B",6,6.57,common_tone,False,False
G# phrygian,E locrian,"A, E",2,10.36,distant_modulation,False,False
G# phrygian,E harmonic_minor,"D#, E, F#, A, B",5,7.14,common_tone,False,False
G# phrygian,E melodic_minor,"C#, D#, E, F#, A, B",6,6.57,common_tone,False,False
G# phrygian,F major,"A, E",2,10.36,distant_modulation,False,False
G# phrygian,F minor,"G#, C#, D#",3,6.79,common_tone,False,False
G# phrygian,F dorian,"G#, D#",2,7.36,distant_modulation,False,False
G# phrygian,F phrygian,"G#, C#, D#, F#",4,4.71,closely_related,False,False
G# phrygian,F lydian,"A, B, E",3,9.79,common_tone,False,False
G# phrygian,F mixolydian,"A, D#",2,8.86,distant_modulation,False,False
G# phrygian,F locrian,"C#, D#, F#, G#, B",5,5.64,common_tone,False,False
G# phrygian,F harmonic_minor,"G#, C#, E",3,8.29,common_tone,False,False
G# phrygian,F melodic_minor,"G#, E",2,8.86,distant_modulation,False,False
G# phrygian,F# major,"C#, D#, F#, G#, B",5,4.14,common_tone,False,False
G# phrygian,F# minor,"C#, E, F#, G#, A, B",6,3.57,common_tone,False,False
G# phrygian,F# dorian,"C#, D#, E, F#, G#, A, B",7,3.0,common_tone,False,False
G# phrygian,F# phrygian,"C#, E, F#, A, B",5,3.14,closely_related,False,False
G# phrygian,F# lydian,"G#, C#, D#, F#",4,4.71,common_tone,False,False
G# phrygian,F# mixolydian,"C#, D#, E, F#, G#, B",6,3.57,common_tone,False,False
G# phrygian,F# locrian,"A, B, E, F#",4,6.21,common_tone,False,False
G# phrygian,F# harmonic_minor,"C#, F#, G#, A, B",5,4.14,common_tone,False,False
G# phrygian,F# melodic_minor,"C#, D#, F#, G#, A, B",6,3.57,common_tone,False,False
G# phrygian,G major,"A, B, E, F#",4,6.21,common_tone,False,False
G# phrygian,G minor,"A, D#",2,5.86,nearby_key,False,False
G# phrygian,G dorian,"A, E",2,7.36,nearby_key,False,False
G# phrygian,G phrygian,"G#, D#",2,3.86,nearby_key,False,False
G# phrygian,G lydian,"C#, E, F#, A, B",5,5.64,common_tone,False,False
G# phrygian,G mixolydian,"A, B, E",3,6.79,common_tone,False,False
G# phrygian,G locrian,"G#, C#, D#",3,3.79,common_tone,False,False
G# phrygian,G harmonic_minor,"A, D#, F#",3,5.29,common_tone,False,False
G# phrygian,G melodic_minor,"A, E, F#",3,6.79,common_tone,False,False
G# phrygian,G# major,"G#, C#, D#",3,2.29,common_tone,False,False
G# phrygian,G# minor,"C#, D#, E, F#, G#, B",6,0.57,common_tone,False,False
G# phrygian,G# dorian,"C#, D#, F#, G#, B",5,1.14,common_tone,False,False
G# phrygian,G# lydian,"G#, D#",2,2.86,nearby_key,False,False
G# phrygian,G# mixolydian,"G#, C#, D#, F#",4,1.71,common_tone,False,False
G# phrygian,G# locrian,"C#, E, F#, G#, A, B",6,2.07,common_tone,False,False
G# phrygian,G# harmonic_minor,"C#, D#, E, G#, B",5,1.14,common_tone,False,False
G# phrygian,G# melodic_minor,"G#, C#, D#, B",4,1.71,common_tone,False,False
G# phrygian,A major,"C#, E, F#, G#, A, B",6,2.07,common_tone,False,False
G# phrygian,A minor,"A, B, E",3,3.79,common_tone,False,False
G# phrygian,A dorian,"A, B, E, F#",4,3.21,common_tone,False,False
G# phrygian,A phrygian,"A, E",2,3.86,nearby_key,False,False
G# phrygian,A lydian,"C#, D#, E, F#, G#, A, B",7,1.5,common_tone,False,False
G# phrygian,A mixolydian,"C#, E, F#, A, B",5,2.64,common_tone,False,False
G# phrygian,A locrian,"A, D#",2,4.36,nearby_key,False,False
G# phrygian,A harmonic_minor,"G#, A, B, E",4,3.21,common_tone,False,False
G# phrygian,A melodic_minor,"E, F#, G#, A, B",5,2.64,common_tone,False,False
G# phrygian,A# major,"A, D#",2,7.36,nearby_key,False,False
G# phrygian,A# minor,"G#, C#, D#, F#",4,4.71,common_tone,False,False
G# phrygian,A# dorian,"G#, C#, D#",3,5.29,common_tone,False,False
G# phrygian,A# phrygian,"C#, D#, F#, G#, B",5,3.14,closely_related,False,False
G# phrygian,A# lydian,"A, E",2,8.86,nearby_key,False,False
G# phrygian,A# mixolydian,"G#, D#",2,5.86,nearby_key,False,False
G# phrygian,A# locrian,"C#, D#, E, F#, G#, B",6,3.57,common_tone,False,False
G# phrygian,A# harmonic_minor,"C#, D#, F#, A",4,6.21,common_tone,False,False
G# phrygian,A# melodic_minor,"C#, D#, A",3,6.79,common_tone,False,False
G# phrygian,B major,"C#, D#, E, F#, G#, B",6,5.07,common_tone,False,False
G# phrygian,B minor,"C#, E, F#, A, B",5,5.64,common_tone,False,False
G# phrygian,B dorian,"C#, E, F#, G#, A, B",6,5.07,common_tone,False,False
G# phrygian,B phrygian,"A, B, E, F#",4,4.71,closely_related,False,False
G# phrygian,B lydian,"C#, D#, F#, G#, B",5,5.64,common_tone,False,False
G# phrygian,B mixolydian,"C#, D#, E, F#, G#, A, B",7,4.5,common_tone,False,False
G# phrygian,B locrian,"A, B, E",3,8.29,common_tone,False,False
G# phrygian,B harmonic_minor,"C#, B, E, F#",4,6.21,common_tone,False,False
G# phrygian,B melodic_minor,"C#, E, F#, G#, B",5,5.64,common_tone,False,False
G# lydian,C major,"C, D, F, G",4,7.71,common_tone,False,False
G# lydian,C minor,"C, D, D#, F, G, G#, A#",7,6.0,common_tone,False,False
G# lydian,C dorian,"C, D, D#, F, G, A#",6,6.57,common_tone,False,False
G# lydian,C phrygian,"C, D#, F, G, G#, A#",6,6.57,common_tone,False,False
G# lydian,C lydian,"C, D, G",3,6.29,common_tone,False,False
G# lydian,C mixolydian,"C, D, F, G, A#",5,7.14,common_tone,False,False
G# lydian,C locrian,"C, D#, F, G#, A#",5,7.14,common_tone,False,False
G# lydian,C harmonic_minor,"C, D, D#, F, G, G#",6,6.57,common_tone,False,False
G# lydian,C melodic_minor,"C, D, D#, F, G",5,7.14,common_tone,False,False
G# lydian,C# major,"C, D#, F, G#, A#",5,8.64,common_tone,False,False
G# lydian,C# minor,"G#, D#",2,10.36,distant_modulation,False,False
G# lydian,C# dorian,"G#, A#, D#",3,9.79,common_tone,False,False
G# lydian,C# phrygian,"G#, D",2,11.86,distant_modulation,False,False
G# lydian,C# lydian,"C, D#, F, G, G#, A#",6,5.57,diatonic_common_tone,False,False
G# lydian,C# mixolydian,"G#, A#, D#, F",4,9.21,common_tone,False,False
G# lydian,C# locrian,"D, G",2,11.86,distant_modulation,False,False
G# lydian,C# harmonic_minor,"C, G#, D#",3,9.79,common_tone,False,False
G# lydian,C# melodic_minor,"C, G#, A#, D#",4,9.21,common_tone,False,False
G# lydian,D major,"D, G",2,13.36,distant_modulation,False,False
G# lydian,D minor,"C, D, F, G, A#",5,11.64,common_tone,False,False
G# lydian,D dorian,"C, D, F, G",4,12.21,common_tone,False,False
G# lydian,D phrygian,"C, D, D#, F, G, A#",6,9.57,common_tone,False,False
G# lydian,D lydian,"G#, D",2,8.86,distant_modulation,False,False
G# lydian,D mixolydian,"C, D, G",3,12.79,common_tone,False,False
G# lydian,D locrian,"C, D, D#, F, G, G#, A#",7,9.0,common_tone,False,False
G# lydian,D harmonic_minor,"D, A#, F, G",4,12.21,common_tone,False,False
G# lydian,D melodic_minor,"D, F, G",3,12.79,common_tone,False,False
G# lydian,D# major,"C, D, D#, F, G, G#, A#",7,7.5,common_tone,False,False
G# lydian,D# minor,"G#, A#, D#, F",4,9.21,common_tone,False,False
G# lydian,D# dorian,"C, D#, F, G#, A#",5,8.64,common_tone,False,False
G# lydian,D# phrygian,"G#, A#, D#",3,9.79,common_tone,False,False
G# lydian,D# lydian,"C, D, D#, F, G, A#",6,5.57,diatonic_common_tone,False,False
G# lydian,D# mixolydian,"C, D#, F, G, G#, A#",6,8.07,common_tone,False,False
G# lydian,D# locrian,"G#, D#",2,10.36,distant_modulation,False,False
G# lydian,D# harmonic_minor,"D, D#, F, G#, A#",5,8.64,common_tone,False,False
G# lydian,D# melodic_minor,"C, D, D#, F, G#, A#",6,8.07,common_tone,False,False
G# lydian,E major,"G#, D#",2,8.86,distant_modulation,False,False
G# lydian,E minor,"C, D, G",3,11.29,common_tone,False,False
G# lydian,E dorian,"D, G",2,11.86,distant_modulation,False,False
G# lydian,E phrygian,"C, D, F, G",4,10.71,common_tone,False,False
G# lydian,E lydian,"G#, A#, D#",3,6.29,common_tone,False,False
G# lydian,E mixolydian,"G#, D",2,10.36,distant_modulation,False,False
G# lydian,E locrian,"C, D, F, G, A#",5,8.64,common_tone,False,False
G# lydian,E harmonic_minor,"C, D#, G",3,9.79,common_tone,False,False
G# lydian,E melodic_minor,"D#, G",2,10.36,distant_modulation,False,False
G# lydian,F major,"C, D, F, G, A#",5,5.64,common_tone,False,False
G# lydian,F minor,"C, D#, F, G, G#, A#",6,5.07,common_tone,False,False
G# lydian,F dorian,"C, D, D#, F, G, G#, A#",7,4.5,common_tone,False,False
G# lydian,F phrygian,"C, D#, F, G#, A#",5,5.64,common_tone,False,False
G# lydian,F lydian,"C, D, F, G",4,4.71,closely_related,False,False
G# lydian,F mixolydian,"C, D, D#, F, G, A#",6,5.07,common_tone,False,False
G# lydian,F locrian,"G#, A#, D#, F",4,6.21,common_tone,False,False
G# lydian,F harmonic_minor,"C, F, G, G#, A#",5,5.64,common_tone,False,False
G# lydian,F melodic_minor,"C, D, F, G, G#, A#",6,5.07,common_tone,False,False
G# lydian,F# major,"G#, A#, D#, F",4,4.71,common_tone,False,False
G# lydian,F# minor,"G#, D",2,7.36,nearby_key,False,False
G# lydian,F# dorian,"G#, D#",2,5.86,nearby_key,False,False
G# lydian,F# phrygian,"D, G",2,8.86,nearby_key,False,False
G# lydian,F# lydian,"C, D#, F, G#, A#",5,3.14,closely_related,False,False
G# lydian,F# mixolydian,"G#, A#, D#",3,5.29,common_tone,False,False
G# lydian,F# locrian,"C, D, G",3,6.79,common_tone,False,False
G# lydian,F# harmonic_minor,"G#, D, F",3,6.79,common_tone,False,False
G# lydian,F# melodic_minor,"G#, D#, F",3,5.29,common_tone,False,False
G# lydian,G major,"C, D, G",3,3.79,common_tone,False,False
G# lydian,G minor,"C, D, D#, F, G, A#",6,2.07,common_tone,False,False
G# lydian,G dorian,"C, D, F, G, A#",5,2.64,common_tone,False,False
G# lydian,G phrygian,"C, D, D#, F, G, G#, A#",7,1.5,common_tone,False,False
G# lydian,G lydian,"D, G",2,3.86,nearby_key,False,False
G# lydian,G mixolydian,"C, D, F, G",4,3.21,common_tone,False,False
G# lydian,G locrian,"C, D#, F, G, G#, A#",6,2.07,common_tone,False,False
G# lydian,G harmonic_minor,"C, D, D#, G, A#",5,2.64,common_tone,False,False
G# lydian,G melodic_minor,"C, D, A#, G",4,3.21,common_tone,False,False
G# lydian,G# major,"C, D#, F, G, G#, A#",6,0.57,common_tone,False,False
G# lydian,G# minor,"G#, A#, D#",3,2.29,common_tone,False,False
G# lydian,G# dorian,"G#, A#, D#, F",4,1.71,common_tone,False,False
G# lydian,G# phrygian,"G#, D#",2,2.86,nearby_key,False,False
G# lydian,G# mixolydian,"C, D#, F, G#, A#",5,1.14,common_tone,False,False
G# lydian,G# locrian,"G#, D",2,2.86,nearby_key,False,False
G# lydian,G# harmonic_minor,"G#, A#, D#, G",4,1.71,common_tone,False,False
G# lydian,G# melodic_minor,"D#, F, G, G#, A#",5,1.14,common_tone,False,False
G# lydian,A major,"G#, D",2,5.86,nearby_key,False,False
G# lydian,A minor,"C, D, F, G",4,6.21,common_tone,False,False
G# lydian,A dorian,"C, D, G",3,6.79,common_tone,False,False
G# lydian,A phrygian,"C, D, F, G, A#",5,5.64,common_tone,False,False
G# lydian,A lydian,"G#, D#",2,3.86,nearby_key,False,False
G# lydian,A mixolydian,"D, G",2,7.36,nearby_key,False,False
G# lydian,A locrian,"C, D, D#, F, G, A#",6,3.57,common_tone,False,False
G# lydian,A harmonic_minor,"C, G#, D, F",4,4.71,common_tone,False,False
G# lydian,A melodic_minor,"C, G#, D",3,5.29,common_tone,False,False
G# lydian,A# major,"C, D, D#, F, G, A#",6,3.57,common_tone,False,False
G# lydian,A# minor,"C, D#, F, G#, A#",5,4.14,common_tone,False,False
G# lydian,A# dorian,"C, D#, F, G, G#, A#",6,3.57,common_tone,False,False
G# lydian,A# phrygian,"G#, A#, D#, F",4,4.71,common_tone,False,False
G# lydian,A# lydian,"C, D, F, G, A#",5,3.14,closely_related,False,False
G# lydian,A# mixolydian,"C, D, D#, F, G, G#, A#",7,3.0,common_tone,False,False
G# lydian,A# locrian,"G#, A#, D#",3,5.29,common_tone,False,False
G# lydian,A# harmonic_minor,"C, A#, D#, F",4,4.71,common_tone,False,False
G# lydian,A# melodic_minor,"C, D#, F, G, A#",5,4.14,common_tone,False,False
G# lydian,B major,"G#, A#, D#",3,6.79,common_tone,False,False
G# lydian,B minor,"D, G",2,10.36,distant_modulation,False,False
G# lydian,B dorian,"G#, D",2,8.86,distant_modulation,False,False
G# lydian,B phrygian,"C, D, G",3,9.79,common_tone,False,False
G# lydian,B lydian,"G#, A#, D#, F",4,4.71,closely_related,False,False
G# lydian,B mixolydian,"G#, D#",2,7.36,distant_modulation,False,False
G# lydian,B locrian,"C, D, F, G",4,7.71,common_tone,False,False
G# lydian,B harmonic_minor,"D, A#, G",3,9.79,common_tone,False,False
G# lydian,B melodic_minor,"G#, D, A#",3,8.29,common_tone,False,False
G# mixolydian,C major,"C, F",2,10.36,distant_modulation,False,False
G# mixolydian,C minor,"C, D#, F, G#, A#",5,7.14,common_tone,False,False
G# mixolydian,C dorian,"C, A#, D#, F",4,7.71,common_tone,False,False
G# mixolydian,C phrygian,"C, C#, D#, F, G#, A#",6,6.57,common_tone,False,False
G# mixolydian,C lydian,"C, F#",2,10.36,distant_modulation,False,False
G# mixolydian,C mixolydian,"C, A#, F",3,7.79,common_tone,False,False
G# mixolydian,C locrian,"C, C#, D#, F, F#, G#, A#",7,6.0,common_tone,False,False
G# mixolydian,C harmonic_minor,"C, G#, D#, F",4,7.71,common_tone,False,False
G# mixolydian,C melodic_minor,"C, D#, F",3,8.29,common_tone,False,False
G# mixolydian,C# major,"C, C#, D#, F, F#, G#, A#",7,7.5,common_tone,False,False
G# mixolydian,C# minor,"G#, C#, D#, F#",4,9.21,common_tone,False,False
G# mixolydian,C# dorian,"C#, D#, F#, G#, A#",5,8.64,common_tone,False,False
G# mixolydian,C# phrygian,"G#, C#, F#",3,9.79,common_tone,False,False
G# mixolydian,C# lydian,"C, C#, D#, F, G#, A#",6,8.07,common_tone,False,False
G# mixolydian,C# mixolydian,"C#, D#, F, F#, G#, A#",6,5.57,diatonic_common_tone,False,False
G# mixolydian,C# locrian,"C#, F#",2,11.86,distant_modulation,False,False
G# mixolydian,C# harmonic_minor,"C, C#, D#, F#, G#",5,8.64,common_tone,False,False
G# mixolydian,C# melodic_minor,"C, C#, D#, F#, G#, A#",6,8.07,common_tone,False,False
G# mixolydian,D major,"C#, F#",2,14.86,distant_modulation,False,False
G# mixolydian,D minor,"C, A#, F",3,14.29,common_tone,False,False
G# mixolydian,D dorian,"C, F",2,14.86,distant_modulation,False,False
G# mixolydian,D phrygian,"C, A#, D#, F",4,12.21,common_tone,False,False
G# mixolydian,D lydian,"G#, C#, F#",3,12.79,common_tone,False,False
G# mixolydian,D mixolydian,"C, F#",2,11.86,distant_modulation,False,False
G# mixolydian,D locrian,"C, D#, F, G#, A#",5,10.14,common_tone,False,False
G# mixolydian,D harmonic_minor,"C#, A#, F",3,14.29,common_tone,False,False
G# mixolydian,D melodic_minor,"C#, F",2,14.86,distant_modulation,False,False
G# mixolydian,D# major,"C, D#, F, G#, A#",5,8.64,common_tone,False,False
G# mixolydian,D# minor,"C#, D#, F, F#, G#, A#",6,8.07,common_tone,False,False
G# mixolydian,D# dorian,"C, C#, D#, F, F#, G#, A#",7,7.5,common_tone,False,False
G# mixolydian,D# phrygian,"C#, D#, F#, G#, A#",5,8.64,common_tone,False,False
G# mixolydian,D# lydian,"C, A#, D#, F",4,9.21,common_tone,False,False
G# mixolydian,D# mixolydian,"C, C#, D#, F, G#, A#",6,5.57,diatonic_common_tone,False,False
G# mixolydian,D# locrian,"G#, C#, D#, F#",4,9.21,common_tone,False,False
G# mixolydian,D# harmonic_minor,"D#, F, F#, G#, A#",5,8.64,common_tone,False,False
G# mixolydian,D# melodic_minor,"C, D#, F, F#, G#, A#",6,8.07,common_tone,False,False
G# mixolydian,E major,"G#, C#, D#, F#",4,7.71,common_tone,False,False
G# mixolydian,E minor,"C, F#",2,11.86,distant_modulation,False,False
G# mixolydian,E dorian,"C#, F#",2,11.86,distant_modulation,False,False
G# mixolydian,E phrygian,"C, F",2,11.86,distant_modulation,False,False
G# mixolydian,E lydian,"C#, D#, F#, G#, A#",5,7.14,common_tone,False,False
G# mixolydian,E mixolydian,"G#, C#, F#",3,7.79,common_tone,False,False
G# mixolydian,E locrian,"C, A#, F",3,9.79,common_tone,False,False
G# mixolydian,E harmonic_minor,"C, D#, F#",3,9.79,common_tone,False,False
G# mixolydian,E melodic_minor,"C#, D#, F#",3,9.79,common_tone,False,False
G# mixolydian,F major,"C, A#, F",3,6.79,common_tone,False,False
G# mixolydian,F minor,"C, C#, D#, F, G#, A#",6,5.07,common_tone,False,False
G# mixolydian,F dorian,"C, D#, F, G#, A#",5,5.64,common_tone,False,False
G# mixolydian,F phrygian,"C, C#, D#, F, F#, G#, A#",7,4.5,common_tone,False,False
G# mixolydian,F lydian,"C, F",2,7.36,distant_modulation,False,False
G# mixolydian,F mixolydian,"C, A#, D#, F",4,4.71,closely_related,False,False
G# mixolydian,F locrian,"C#, D#, F, F#, G#, A#",6,5.07,common_tone,False,False
G# mixolydian,F harmonic_minor,"C, C#, F, G#, A#",5,5.64,common_tone,False,False
G# mixolydian,F melodic_minor,"C, G#, A#, F",4,6.21,common_tone,False,False
G# mixolydian,F# major,"C#, D#, F, F#, G#, A#",6,3.57,common_tone,False,False
G# mixolydian,F# minor,"G#, C#, F#",3,5.29,common_tone,False,False
G# mixolydian,F# dorian,"G#, C#, D#, F#",4,4.71,common_tone,False,False
G# mixolydian,F# phrygian,"C#, F#",2,5.86,nearby_key,False,False
G# mixolydian,F# lydian,"C, C#, D#, F, F#, G#, A#",7,3.0,common_tone,False,False
G# mixolydian,F# mixolydian,"C#, D#, F#, G#, A#",5,3.14,closely_related,False,False
G# mixolydian,F# locrian,"C, F#",2,5.86,nearby_key,False,False
G# mixolydian,F# harmonic_minor,"G#, C#, F, F#",4,4.71,common_tone,False,False
G# mixolydian,F# melodic_minor,"C#, D#, F, F#, G#",5,4.14,common_tone,False,False
G# mixolydian,G major,"C, F#",2,7.36,nearby_key,False,False
G# mixolydian,G minor,"C, A#, D#, F",4,4.71,common_tone,False,False
G# mixolydian,G dorian,"C, A#, F",3,6.79,common_tone,False,False
G# mixolydian,G phrygian,"C, D#, F, G#, A#",5,2.64,common_tone,False,False
G# mixolydian,G lydian,"C#, F#",2,7.36,nearby_key,False,False
G# mixolydian,G mixolydian,"C, F",2,6.86,nearby_key,False,False
G# mixolydian,G locrian,"C, C#, D#, F, G#, A#",6,2.07,common_tone,False,False
G# mixolydian,G harmonic_minor,"C, A#, D#, F#",4,4.71,common_tone,False,False
G# mixolydian,G melodic_minor,"C, A#, F#",3,6.79,common_tone,False,False
G# mixolydian,G# major,"C, C#, D#, F, G#, A#",6,0.57,common_tone,False,False
G# mixolydian,G# minor,"C#, D#, F#, G#, A#",5,1.14,common_tone,False,False
G# mixolydian,G# dorian,"C#, D#, F, F#, G#, A#",6,0.57,common_tone,False,False
G# mixolydian,G# phrygian,"G#, C#, D#, F#",4,1.71,common_tone,False,False
G# mixolydian,G# lydian,"C, D#, F, G#, A#",5,1.14,common_tone,False,False
G# mixolydian,G# locrian,"G#, C#, F#",3,3.79,common_tone,False,False
G# mixolydian,G# harmonic_minor,"G#, C#, A#, D#",4,1.71,common_tone,False,False
G# mixolydian,G# melodic_minor,"C#, D#, F, G#, A#",5,1.14,common_tone,False,False
G# mixolydian,A major,"G#, C#, F#",3,5.29,common_tone,False,False
G# mixolydian,A minor,"C, F",2,7.36,nearby_key,False,False
G# mixolydian,A dorian,"C, F#",2,7.36,nearby_key,False,False
G# mixolydian,A phrygian,"C, A#, F",3,6.79,common_tone,False,False
G# mixolydian,A lydian,"G#, C#, D#, F#",4,3.21,common_tone,False,False
G# mixolydian,A mixolydian,"C#, F#",2,6.86,nearby_key,False,False
G# mixolydian,A locrian,"C, A#, D#, F",4,4.71,common_tone,False,False
G# mixolydian,A harmonic_minor,"C, G#, F",3,5.29,common_tone,False,False
G# mixolydian,A melodic_minor,"C, G#, F#",3,5.29,common_tone,False,False
G# mixolydian,A# major,"C, A#, D#, F",4,4.71,common_tone,False,False
G# mixolydian,A# minor,"C, C#, D#, F, F#, G#, A#",7,3.0,common_tone,False,False
G# mixolydian,A# dorian,"C, C#, D#, F, G#, A#",6,3.57,common_tone,False,False
G# mixolydian,A# phrygian,"C#, D#, F, F#, G#, A#",6,3.57,common_tone,False,False
G# mixolydian,A# lydian,"C, A#, F",3,5.29,common_tone,False,False
G# mixolydian,A# mixolydian,"C, D#, F, G#, A#",5,3.14,closely_related,False,False
G# mixolydian,A# locrian,"C#, D#, F#, G#, A#",5,4.14,common_tone,False,False
G# mixolydian,A# harmonic_minor,"C, C#, D#, F, F#, A#",6,3.57,common_tone,False,False
G# mixolydian,A# melodic_minor,"C, C#, D#, F, A#",5,4.14,common_tone,False,False
G# mixolydian,B major,"C#, D#, F#, G#, A#",5,5.64,common_tone,False,False
G# mixolydian,B minor,"C#, F#",2,8.86,distant_modulation,False,False
G# mixolydian,B dorian,"G#, C#, F#",3,6.79,common_tone,False,False
G# mixolydian,B phrygian,"C, F#",2,8.86,distant_modulation,False,False
G# mixolydian,B lydian,"C#, D#, F, F#, G#, A#",6,5.07,common_tone,False,False
G# mixolydian,B mixolydian,"G#, C#, D#, F#",4,4.71,closely_related,False,False
G# mixolydian,B locrian,"C, F",2,8.86,distant_modulation,False,False
G# mixolydian,B harmonic_minor,"C#, A#, F#",3,8.29,common_tone,False,False
G# mixolydian,B melodic_minor,"G#, C#, A#, F#",4,6.21,common_tone,False,False
G# locrian,C major,"A, D, B, E",4,9.21,common_tone,False,False
G# locrian,C minor,"G#, D",2,8.86,distant_modulation,False,False
G# locrian,C dorian,"A, D",2,10.36,distant_modulation,False,False
G# locrian,C phrygian,"G#, C#",2,10.36,distant_modulation,False,False
G# locrian,C lydian,"D, E, F#, A, B",5,8.64,common_tone,False,False
G# locrian,C mixolydian,"A, D, E",3,9.79,common_tone,False,False
G# locrian,C locrian,"G#, C#, F#",3,6.29,common_tone,False,False
G# locrian,C harmonic_minor,"G#, D, B",3,8.29,common_tone,False,False
G# locrian,C melodic_minor,"A, D, B",3,9.79,common_tone,False,False
G# locrian,C# major,"G#, C#, F#",3,9.79,common_tone,False,False
G# locrian,C# minor,"C#, E, F#, G#, A, B",6,8.07,common_tone,False,False
G# locrian,C# dorian,"C#, E, F#, G#, B",5,8.64,common_tone,False,False
G# locrian,C# phrygian,"C#, D, E, F#, G#, A, B",7,7.5,common_tone,False,False
G# locrian,C# lydian,"G#, C#",2,10.36,distant_modulation,False,False
G# locrian,C# mixolydian,"G#, C#, B, F#",4,9.21,common_tone,False,False
G# locrian,C# locrian,"C#, D, E, F#, A, B",6,5.57,diatonic_common_tone,False,False
G# locrian,C# harmonic_minor,"C#, E, F#, G#, A",5,8.64,common_tone,False,False
G# locrian,C# melodic_minor,"G#, C#, E, F#",4,9.21,common_tone,False,False
G# locrian,D major,"C#, D, E, F#, A, B",6,9.57,common_tone,False,False
G# locrian,D minor,"A, D, E",3,11.29,common_tone,False,False
G# locrian,D dorian,"A, D, B, E",4,10.71,common_tone,False,False
G# locrian,D phrygian,"A, D",2,11.86,distant_modulation,False,False
G# locrian,D lydian,"C#, D, E, F#, G#, A, B",7,9.0,common_tone,False,False
G# locrian,D mixolydian,"D, E, F#, A, B",5,10.14,common_tone,False,False
G# locrian,D locrian,"G#, D",2,8.86,distant_modulation,False,False
G# locrian,D harmonic_minor,"C#, D, E, A",4,10.71,common_tone,False,False
G# locrian,D melodic_minor,"C#, D, E, A, B",5,10.14,common_tone,False,False
G# locrian,D# major,"G#, D",2,10.36,distant_modulation,False,False
G# locrian,D# minor,"G#, C#, B, F#",4,10.71,common_tone,False,False
G# locrian,D# dorian,"G#, C#, F#",3,11.29,common_tone,False,False
G# locrian,D# phrygian,"C#, E, F#, G#, B",5,10.14,common_tone,False,False
G# locrian,D# lydian,"A, D",2,11.86,distant_modulation,False,False
G# locrian,D# mixolydian,"G#, C#",2,11.86,distant_modulation,False,False
G# locrian,D# locrian,"C#, E, F#, G#, A, B",6,5.57,diatonic_common_tone,False,False
G# locrian,D# harmonic_minor,"G#, D, B, F#",4,9.21,common_tone,False,False
G# locrian,D# melodic_minor,"G#, D, F#",3,9.79,common_tone,False,False
G# locrian,E major,"C#, E, F#, G#, A, B",6,6.57,common_tone,False,False
G# locrian,E minor,"D, E, F#, A, B",5,7.14,common_tone,False,False
G# locrian,E dorian,"C#, D, E, F#, A, B",6,6.57,common_tone,False,False
G# locrian,E phrygian,"A, D, B, E",4,7.71,common_tone,False,False
G# locrian,E lydian,"C#, E, F#, G#, B",5,7.14,common_tone,False,False
G# locrian,E mixolydian,"C#, D, E, F#, G#, A, B",7,6.0,common_tone,False,False
G# locrian,E locrian,"A, D, E",3,6.29,common_tone,False,False
G# locrian,E harmonic_minor,"A, B, E, F#",4,7.71,common_tone,False,False
G# locrian,E melodic_minor,"C#, E, F#, A, B",5,7.14,common_tone,False,False
G# locrian,F major,"A, D, E",3,8.29,common_tone,False,False
G# locrian,F minor,"G#, C#",2,8.86,distant_modulation,False,False
G# locrian,F dorian,"G#, D",2,7.36,distant_modulation,False,False
G# locrian,F phrygian,"G#, C#, F#",3,8.29,common_tone,False,False
G# locrian,F lydian,"A, D, B, E",4,7.71,common_tone,False,False
G# locrian,F mixolydian,"A, D",2,8.86,distant_modulation,False,False
G# locrian,F locrian,"G#, C#, B, F#",4,4.71,closely_related,False,False
G# locrian,F harmonic_minor,"G#, C#, E",3,8.29,common_tone,False,False
G# locrian,F melodic_minor,"G#, D, E",3,6.79,common_tone,False,False
G# locrian,F# major,"G#, C#, B, F#",4,4.71,common_tone,False,False
G# locrian,F# minor,"C#, D, E, F#, G#, A, B",7,3.0,common_tone,False,False
G# locrian,F# dorian,"C#, E, F#, G#, A, B",6,3.57,common_tone,False,False
G# locrian,F# phrygian,"C#, D, E, F#, A, B",6,3.57,common_tone,False,False
G# locrian,F# lydian,"G#, C#, F#",3,5.29,common_tone,False,False
G# locrian,F# mixolydian,"C#, E, F#, G#, B",5,4.14,common_tone,False,False
G# locrian,F# locrian,"D, E, F#, A, B",5,3.14,closely_related,False,False
G# locrian,F# harmonic_minor,"C#, D, F#, G#, A, B",6,3.57,common_tone,False,False
G# locrian,F# melodic_minor,"C#, F#, G#, A, B",5,4.14,common_tone,False,False
G# locrian,G major,"D, E, F#, A, B",5,4.14,common_tone,False,False
G# locrian,G minor,"A, D",2,5.86,nearby_key,False,False
G# locrian,G dorian,"A, D, E",3,5.29,common_tone,False,False
G# locrian,G phrygian,"G#, D",2,4.36,nearby_key,False,False
G# locrian,G lydian,"C#, D, E, F#, A, B",6,3.57,common_tone,False,False
G# locrian,G mixolydian,"A, D, B, E",4,4.71,common_tone,False,False
G# locrian,G locrian,"G#, C#",2,3.86,nearby_key,False,False
G# locrian,G harmonic_minor,"A, D, F#",3,5.29,common_tone,False,False
G# locrian,G melodic_minor,"A, D, E, F#",4,4.71,common_tone,False,False
G# locrian,G# major,"G#, C#",2,4.36,nearby_key,False,False
G# locrian,G# minor,"C#, E, F#, G#, B",5,2.64,common_tone,False,False
G# locrian,G# dorian,"G#, C#, B, F#",4,3.21,common_tone,False,False
G# locrian,G# phrygian,"C#, E, F#, G#, A, B",6,2.07,common_tone,False,False
G# locrian,G# lydian,"G#, D",2,2.86,nearby_key,False,False
G# locrian,G# mixolydian,"G#, C#, F#",3,3.79,common_tone,False,False
G# locrian,G# harmonic_minor,"G#, C#, B, E",4,3.21,common_tone,False,False
G# locrian,G# melodic_minor,"G#, C#, B",3,3.79,common_tone,False,False
G# locrian,A major,"C#, D, E, F#, G#, A, B",7,1.5,common_tone,False,False
G# locrian,A minor,"A, D, B, E",4,3.21,common_tone,False,False
G# locrian,A dorian,"D, E, F#, A, B",5,2.64,common_tone,False,False
G# locrian,A phrygian,"A, D, E",3,3.79,common_tone,False,False
G# locrian,A lydian,"C#, E, F#, G#, A, B",6,2.07,common_tone,False,False
G# locrian,A mixolydian,"C#, D, E, F#, A, B",6,2.07,common_tone,False,False
G# locrian,A locrian,"A, D",2,3.86,nearby_key,False,False
G# locrian,A harmonic_minor,"D, E, G#, A, B",5,2.64,common_tone,False,False
G# locrian,A melodic_minor,"D, E, F#, G#, A, B",6,2.07,common_tone,False,False
G# locrian,A# major,"A, D",2,7.36,nearby_key,False,False
G# locrian,A# minor,"G#, C#, F#",3,6.79,common_tone,False,False
G# locrian,A# dorian,"G#, C#",2,7.36,nearby_key,False,False
G# locrian,A# phrygian,"G#, C#, B, F#",4,6.21,common_tone,False,False
G# locrian,A# lydian,"A, D, E",3,6.79,common_tone,False,False
G# locrian,A# mixolydian,"G#, D",2,5.86,nearby_key,False,False
G# locrian,A# locrian,"C#, E, F#, G#, B",5,3.14,closely_related,False,False
G# locrian,A# harmonic_minor,"C#, F#, A",3,8.29,common_tone,False,False
G# locrian,A# melodic_minor,"C#, A",2,8.86,nearby_key,False,False
G# locrian,B major,"C#, E, F#, G#, B",5,5.64,common_tone,False,False
G# locrian,B minor,"C#, D, E, F#, A, B",6,5.07,common_tone,False,False
G# locrian,B dorian,"C#, D, E, F#, G#, A, B",7,4.5,common_tone,False,False
G# locrian,B phrygian,"D, E, F#, A, B",5,5.64,common_tone,False,False
G# locrian,B lydian,"G#, C#, B, F#",4,6.21,common_tone,False,False
G# locrian,B mixolydian,"C#, E, F#, G#, A, B",6,5.07,common_tone,False,False
G# locrian,B locrian,"A, D, B, E",4,4.71,closely_related,False,False
G# locrian,B harmonic_minor,"C#, D, E, F#, B",5,5.64,common_tone,False,False
G# locrian,B melodic_minor,"C#, D, E, F#, G#, B",6,5.07,common_tone,False,False
G# harmonic_minor,C major,"B, E, G",3,9.79,common_tone,False,False
G# harmonic_minor,C minor,"G#, A#, D#, G",4,7.71,common_tone,False,False
G# harmonic_minor,C dorian,"A#, D#, G",3,8.29,common_tone,False,False
G# harmonic_minor,C phrygian,"C#, D#, G, G#, A#",5,7.14,common_tone,False,False
G# harmonic_minor,C lydian,"B, E, G",3,9.79,common_tone,False,False
G# harmonic_minor,C mixolydian,"A#, E, G",3,9.79,common_tone,False,False
G# harmonic_minor,C locrian,"G#, C#, A#, D#",4,7.71,common_tone,False,False
G# harmonic_minor,C harmonic_minor,"G#, B, D#, G",4,5.71,closely_related,False,False
G# harmonic_minor,C melodic_minor,"B, D#, G",3,8.29,common_tone,False,False
G# harmonic_minor,C# major,"G#, C#, A#, D#",4,9.21,common_tone,False,False
G# harmonic_minor,C# minor,"C#, D#, E, G#, B",5,8.64,common_tone,False,False
G# harmonic_minor,C# dorian,"C#, D#, E, G#, A#, B",6,8.07,common_tone,False,False
G# harmonic_minor,C# phrygian,"G#, C#, B, E",4,9.21,common_tone,False,False
G# harmonic_minor,C# lydian,"C#, D#, G, G#, A#",5,8.64,common_tone,False,False
G# harmonic_minor,C# mixolydian,"C#, D#, G#, A#, B",5,8.64,common_tone,False,False
G# harmonic_minor,C# locrian,"C#, B, E, G",4,9.21,common_tone,False,False
G# harmonic_minor,C# harmonic_minor,"G#, C#, D#, E",4,6.71,closely_related,False,False
G# harmonic_minor,C# melodic_minor,"C#, D#, E, G#, A#",5,8.64,common_tone,False,False
G# harmonic_minor,D major,"C#, B, E, G",4,13.71,common_tone,False,False
G# harmonic_minor,D minor,"A#, E, G",3,14.29,common_tone,False,False
G# harmonic_minor,D dorian,"B, E, G",3,14.29,common_tone,False,False
G# harmonic_minor,D phrygian,"A#, D#, G",3,12.79,common_tone,False,False
G# harmonic_minor,D lydian,"G#, C#, B, E",4,12.21,common_tone,False,False
G# harmonic_minor,D mixolydian,"B, E, G",3,14.29,common_tone,False,False
G# harmonic_minor,D locrian,"G#, A#, D#, G",4,10.71,common_tone,False,False
G# harmonic_minor,D harmonic_minor,"C#, A#, E, G",4,10.71,closely_related,False,False
G# harmonic_minor,D melodic_minor,"C#, B, E, G",4,13.71,common_tone,False,False
G# harmonic_minor,D# major,"G#, A#, D#, G",4,9.21,common_tone,False,False
G# harmonic_minor,D# minor,"C#, D#, G#, A#, B",5,8.64,common_tone,False,False
G# harmonic_minor,D# dorian,"G#, C#, A#, D#",4,9.21,common_tone,False,False
G# harmonic_minor,D# phrygian,"C#, D#, E, G#, A#, B",6,8.07,common_tone,False,False
G# harmonic_minor,D# lydian,"A#, D#, G",3,9.79,common_tone,False,False
G# harmonic_minor,D# mixolydian,"C#, D#, G, G#, A#",5,8.64,common_tone,False,False
G# harmonic_minor,D# locrian,"C#, D#, E, G#, B",5,8.64,common_tone,False,False
G# harmonic_minor,D# harmonic_minor,"G#, B, A#, D#",4,6.71,closely_related,False,False
G# harmonic_minor,D# melodic_minor,"G#, A#, D#",3,9.79,common_tone,False,False
G# harmonic_minor,E major,"C#, D#, E, G#, B",5,7.14,common_tone,False,False
G# harmonic_minor,E minor,"B, E, G",3,8.29,common_tone,False,False
G# harmonic_minor,E dorian,"C#, B, E, G",4,7.71,common_tone,False,False
G# harmonic_minor,E phrygian,"B, E, G",3,8.29,common_tone,False,False
G# harmonic_minor,E lydian,"C#, D#, E, G#, A#, B",6,6.57,common_tone,False,False
G# harmonic_minor,E mixolydian,"G#, C#, B, E",4,7.71,common_tone,False,False
G# harmonic_minor,E locrian,"A#, E, G",3,8.29,common_tone,False,False
G# harmonic_minor,E harmonic_minor,"B, D#, E, G",4,5.71,closely_related,False,False
G# harmonic_minor,E melodic_minor,"C#, D#, E, G, B",5,7.14,common_tone,False,False
G# harmonic_minor,F major,"A#, E, G",3,9.79,common_tone,False,False
G# harmonic_minor,F minor,"C#, D#, G, G#, A#",5,5.64,common_tone,False,False
G# harmonic_minor,F dorian,"G#, A#, D#, G",4,6.21,common_tone,False,False
G# harmonic_minor,F phrygian,"G#, C#, A#, D#",4,6.21,common_tone,False,False
G# harmonic_minor,F lydian,"B, E, G",3,9.79,common_tone,False,False
G# harmonic_minor,F mixolydian,"A#, D#, G",3,8.29,common_tone,False,False
G# harmonic_minor,F locrian,"C#, D#, G#, A#, B",5,5.64,common_tone,False,False
G# harmonic_minor,F harmonic_minor,"C#, E, G, G#, A#",5,5.64,closely_related,False,False
G# harmonic_minor,F melodic_minor,"G#, A#, E, G",4,7.71,common_tone,False,False
G# harmonic_minor,F# major,"C#, D#, G#, A#, B",5,4.14,common_tone,False,False
G# harmonic_minor,F# minor,"G#, C#, B, E",4,4.71,common_tone,False,False
G# harmonic_minor,F# dorian,"C#, D#, E, G#, B",5,4.14,common_tone,False,False
G# harmonic_minor,F# phrygian,"C#, B, E, G",4,6.21,common_tone,False,False
G# harmonic_minor,F# lydian,"G#, C#, A#, D#",4,4.71,common_tone,False,False
G# harmonic_minor,F# mixolydian,"C#, D#, E, G#, A#, B",6,3.57,common_tone,False,False
G# harmonic_minor,F# locrian,"B, E, G",3,8.29,common_tone,False,False
G# harmonic_minor,F# harmonic_minor,"G#, C#, B",3,4.29,common_tone,False,False
G# harmonic_minor,F# melodic_minor,"G#, C#, D#, B",4,4.71,common_tone,False,False
G# harmonic_minor,G major,"B, E, G",3,5.29,common_tone,False,False
G# harmonic_minor,G minor,"A#, D#, G",3,3.79,common_tone,False,False
G# harmonic_minor,G dorian,"A#, E, G",3,5.29,common_tone,False,False
G# harmonic_minor,G phrygian,"G#, A#, D#, G",4,3.21,common_tone,False,False
G# harmonic_minor,G lydian,"C#, B, E, G",4,4.71,common_tone,False,False
G# harmonic_minor,G mixolydian,"B, E, G",3,5.29,common_tone,False,False
G# harmonic_minor,G locrian,"C#, D#, G, G#, A#",5,2.64,common_tone,False,False
G# harmonic_minor,G harmonic_minor,"A#, D#, G",3,3.29,common_tone,False,False
G# harmonic_minor,G melodic_minor,"A#, E, G",3,5.29,common_tone,False,False
G# harmonic_minor,G# major,"C#, D#, G, G#, A#",5,1.14,common_tone,False,False
G# harmonic_minor,G# minor,"C#, D#, E, G#, A#, B",6,0.57,common_tone,False,False
G# harmonic_minor,G# dorian,"C#, D#, G#, A#, B",5,1.14,common_tone,False,False
G# harmonic_minor,G# phrygian,"C#, D#, E, G#, B",5,1.14,common_tone,False,False
G# harmonic_minor,G# lydian,"G#, A#, D#, G",4,1.71,common_tone,False,False
G# harmonic_minor,G# mixolydian,"G#, C#, A#, D#",4,1.71,common_tone,False,False
G# harmonic_minor,G# locrian,"G#, C#, B, E",4,3.21,common_tone,False,False
G# harmonic_minor,G# melodic_minor,"C#, D#, G, G#, A#, B",6,0.57,common_tone,False,False
G# harmonic_minor,A major,"G#, C#, B, E",4,3.21,common_tone,False,False
G# harmonic_minor,A minor,"B, E, G",3,5.29,common_tone,False,False
G# harmonic_minor,A dorian,"B, E, G",3,5.29,common_tone,False,False
G# harmonic_minor,A phrygian,"A#, E, G",3,5.29,common_tone,False,False
G# harmonic_minor,A lydian,"C#, D#, E, G#, B",5,2.64,common_tone,False,False
G# harmonic_minor,A mixolydian,"C#, B, E, G",4,4.71,common_tone,False,False
G# harmonic_minor,A locrian,"A#, D#, G",3,5.29,common_tone,False,False
G# harmonic_minor,A harmonic_minor,"G#, B, E",3,3.29,common_tone,False,False
G# harmonic_minor,A melodic_minor,"G#, B, E",3,3.79,common_tone,False,False
G# harmonic_minor,A# major,"A#, D#, G",3,5.29,common_tone,False,False
G# harmonic_minor,A# minor,"G#, C#, A#, D#",4,4.71,common_tone,False,False
G# harmonic_minor,A# dorian,"C#, D#, G, G#, A#",5,4.14,common_tone,False,False
G# harmonic_minor,A# phrygian,"C#, D#, G#, A#, B",5,4.14,common_tone,False,False
G# harmonic_minor,A# lydian,"A#, E, G",3,6.79,common_tone,False,False
G# harmonic_minor,A# mixolydian,"G#, A#, D#, G",4,4.71,common_tone,False,False
G# harmonic_minor,A# locrian,"C#, D#, E, G#, A#, B",6,3.57,common_tone,False,False
G# harmonic_minor,A# harmonic_minor,"C#, A#, D#",3,4.29,common_tone,False,False
G# harmonic_minor,A# melodic_minor,"C#, A#, D#, G",4,4.71,common_tone,False,False
G# harmonic_minor,B major,"C#, D#, E, G#, A#, B",6,5.07,common_tone,False,False
G# harmonic_minor,B minor,"C#, B, E, G",4,7.71,common_tone,False,False
G# harmonic_minor,B dorian,"G#, C#, B, E",4,6.21,common_tone,False,False
G# harmonic_minor,B phrygian,"B, E, G",3,8.29,common_tone,False,False
G# harmonic_minor,B lydian,"C#, D#, G#, A#, B",5,5.64,common_tone,False,False
G# harmonic_minor,B mixolydian,"C#, D#, E, G#, B",5,5.64,common_tone,False,False
G# harmonic_minor,B locrian,"B, E, G",3,8.29,common_tone,False,False
G# harmonic_minor,B harmonic_minor,"C#, E, G, A#, B",5,5.64,closely_related,False,False
G# harmonic_minor,B melodic_minor,"C#, E, G#, A#, B",5,5.64,common_tone,False,False
G# melodic_minor,C major,"B, F, G",3,9.79,common_tone,False,False
G# melodic_minor,C minor,"D#, F, G, G#, A#",5,7.14,common_tone,False,False
G# melodic_minor,C dorian,"A#, D#, F, G",4,7.71,common_tone,False,False
G# melodic_minor,C phrygian,"C#, D#, F, G, G#, A#",6,6.57,common_tone,False,False
G# melodic_minor,C lydian,"B, G",2,10.36,distant_modulation,False,False
G# melodic_minor,C mixolydian,"A#, F, G",3,9.79,common_tone,False,False
G# melodic_minor,C locrian,"C#, D#, F, G#, A#",5,7.14,common_tone,False,False
G# melodic_minor,C harmonic_minor,"D#, F, G, G#, B",5,7.14,common_tone,False,False
G# melodic_minor,C melodic_minor,"B, D#, F, G",4,5.71,closely_related,False,False
G# melodic_minor,C# major,"C#, D#, F, G#, A#",5,8.64,common_tone,False,False
G# melodic_minor,C# minor,"G#, C#, D#, B",4,9.21,common_tone,False,False
G# melodic_minor,C# dorian,"C#, D#, G#, A#, B",5,8.64,common_tone,False,False
G# melodic_minor,C# phrygian,"G#, C#, B",3,9.79,common_tone,False,False
G# melodic_minor,C# lydian,"C#, D#, F, G, G#, A#",6,8.07,common_tone,False,False
G# melodic_minor,C# mixolydian,"C#, D#, F, G#, A#, B",6,8.07,common_tone,False,False
G# melodic_minor,C# locrian,"C#, B, G",3,9.79,common_tone,False,False
G# melodic_minor,C# harmonic_minor,"G#, C#, D#",3,9.79,common_tone,False,False
G# melodic_minor,C# melodic_minor,"G#, C#, A#, D#",4,6.71,closely_related,False,False
G# melodic_minor,D major,"C#, B, G",3,14.29,common_tone,False,False
G# melodic_minor,D minor,"A#, F, G",3,14.29,common_tone,False,False
G# melodic_minor,D dorian,"B, F, G",3,14.29,common_tone,False,False
G# melodic_minor,D phrygian,"A#, D#, F, G",4,12.21,common_tone,False,False
G# melodic_minor,D lydian,"G#, C#, B",3,12.79,common_tone,False,False
G# melodic_minor,D mixolydian,"B, G",2,14.86,distant_modulation,False,False
G# melodic_minor,D locrian,"D#, F, G, G#, A#",5,10.14,common_tone,False,False
G# melodic_minor,D harmonic_minor,"C#, A#, F, G",4,13.71,common_tone,False,False
G# melodic_minor,D melodic_minor,"C#, B, F, G",4,10.71,closely_related,False,False
G# melodic_minor,D# major,"D#, F, G, G#, A#",5,8.64,common_tone,False,False
G# melodic_minor,D# minor,"C#, D#, F, G#, A#, B",6,8.07,common_tone,False,False
G# melodic_minor,D# dorian,"C#, D#, F, G#, A#",5,8.64,common_tone,False,False
G# melodic_minor,D# phrygian,"C#, D#, G#, A#, B",5,8.64,common_tone,False,False
G# melodic_minor,D# lydian,"A#, D#, F, G",4,9.21,common_tone,False,False
G# melodic_minor,D# mixolydian,"C#, D#, F, G, G#, A#",6,8.07,common_tone,False,False
G# melodic_minor,D# locrian,"G#, C#, D#, B",4,9.21,common_tone,False,False
G# melodic_minor,D# harmonic_minor,"D#, F, G#, A#, B",5,8.64,common_tone,False,False
G# melodic_minor,D# melodic_minor,"G#, A#, D#, F",4,6.71,closely_related,False,False
G# melodic_minor,E major,"G#, C#, D#, B",4,7.71,common_tone,False,False
G# melodic_minor,E minor,"B, G",2,10.36,distant_modulation,False,False
G# melodic_minor,E dorian,"C#, B, G",3,9.79,common_tone,False,False
G# melodic_minor,E phrygian,"B, F, G",3,9.79,common_tone,False,False
G# melodic_minor,E lydian,"C#, D#, G#, A#, B",5,7.14,common_tone,False,False
G# melodic_minor,E mixolydian,"G#, C#, B",3,8.29,common_tone,False,False
G# melodic_minor,E locrian,"A#, F, G",3,9.79,common_tone,False,False
G# melodic_minor,E harmonic_minor,"B, D#, G",3,8.29,common_tone,False,False
G# melodic_minor,E melodic_minor,"B, C#, D#, G",4,5.71,closely_related,False,False
G# melodic_minor,F major,"A#, F, G",3,8.29,common_tone,False,False
G# melodic_minor,F minor,"C#, D#, F, G, G#, A#",6,5.07,common_tone,False,False
G# melodic_minor,F dorian,"D#, F, G, G#, A#",5,5.64,common_tone,False,False
G# melodic_minor,F phrygian,"C#, D#, F, G#, A#",5,5.64,common_tone,False,False
G# melodic_minor,F lydian,"B, F, G",3,8.29,common_tone,False,False
G# melodic_minor,F mixolydian,"A#, D#, F, G",4,6.21,common_tone,False,False
G# melodic_minor,F locrian,"C#, D#, F, G#, A#, B",6,5.07,common_tone,False,False
G# melodic_minor,F harmonic_minor,"C#, F, G, G#, A#",5,5.64,common_tone,False,False
G# melodic_minor,F melodic_minor,"G#, A#, F, G",4,4.71,closely_related,False,False
G# melodic_minor,F# major,"C#, D#, F, G#, A#, B",6,3.57,common_tone,False,False
G# melodic_minor,F# minor,"G#, C#, B",3,5.29,common_tone,False,False
G# melodic_minor,F# dorian,"G#, C#, D#, B",4,4.71,common_tone,False,False
G# melodic_minor,F# phrygian,"C#, B, G",3,6.79,common_tone,False,False
G# melodic_minor,F# lydian,"C#, D#, F, G#, A#",5,4.14,common_tone,False,False
G# melodic_minor,F# mixolydian,"C#, D#, G#, A#, B",5,4.14,common_tone,False,False
G# melodic_minor,F# locrian,"B, G",2,8.86,nearby_key,False,False
G# melodic_minor,F# harmonic_minor,"G#, C#, B, F",4,4.71,common_tone,False,False
G# melodic_minor,F# melodic_minor,"C#, D#, F, G#, B",5,3.14,closely_related,False,False
G# melodic_minor,G major,"B, G",2,5.86,nearby_key,False,False
G# melodic_minor,G minor,"A#, D#, F, G",4,3.21,common_tone,False,False
G# melodic_minor,G dorian,"A#, F, G",3,5.29,common_tone,False,False
G# melodic_minor,G phrygian,"D#, F, G, G#, A#",5,2.64,common_tone,False,False
G# melodic_minor,G lydian,"C#, B, G",3,5.29,common_tone,False,False
G# melodic_minor,G mixolydian,"B, F, G",3,5.29,common_tone,False,False
G# melodic_minor,G locrian,"C#, D#, F, G, G#, A#",6,2.07,common_tone,False,False
G# melodic_minor,G harmonic_minor,"A#, D#, G",3,3.79,common_tone,False,False
G# melodic_minor,G melodic_minor,"A#, G",2,5.36,nearby_key,False,False
G# melodic_minor,G# major,"C#, D#, F, G, G#, A#",6,0.57,common_tone,False,False
G# melodic_minor,G# minor,"C#, D#, G#, A#, B",5,1.14,common_tone,False,False
G# melodic_minor,G# dorian,"C#, D#, F, G#, A#, B",6,0.57,common_tone,False,False
G# melodic_minor,G# phrygian,"G#, C#, D#, B",4,1.71,common_tone,False,False
G# melodic_minor,G# lydian,"D#, F, G, G#, A#",5,1.14,common_tone,False,False
G# melodic_minor,G# mixolydian,"C#, D#, F, G#, A#",5,1.14,common_tone,False,False
G# melodic_minor,G# locrian,"G#, C#, B",3,3.79,common_tone,False,False
G# melodic_minor,G# harmonic_minor,"C#, D#, G, G#, A#, B",6,0.57,common_tone,False,False
G# melodic_minor,A major,"G#, C#, B",3,5.29,common_tone,False,False
G# melodic_minor,A minor,"B, F, G",3,6.79,common_tone,False,False
G# melodic_minor,A dorian,"B, G",2,7.36,nearby_key,False,False
G# melodic_minor,A phrygian,"A#, F, G",3,6.79,common_tone,False,False
G# melodic_minor,A lydian,"G#, C#, D#, B",4,3.21,common_tone,False,False
G# melodic_minor,A mixolydian,"C#, B, G",3,6.79,common_tone,False,False
G# melodic_minor,A locrian,"A#, D#, F, G",4,4.71,common_tone,False,False
G# melodic_minor,A harmonic_minor,"G#, B, F",3,5.29,common_tone,False,False
G# melodic_minor,A melodic_minor,"G#, B",2,5.36,nearby_key,False,False
G# melodic_minor,A# major,"A#, D#, F, G",4,4.71,common_tone,False,False
G# melodic_minor,A# minor,"C#, D#, F, G#, A#",5,4.14,common_tone,False,False
G# melodic_minor,A# dorian,"C#, D#, F, G, G#, A#",6,3.57,common_tone,False,False
G# melodic_minor,A# phrygian,"C#, D#, F, G#, A#, B",6,3.57,common_tone,False,False
G# melodic_minor,A# lydian,"A#, F, G",3,5.29,common_tone,False,False
G# melodic_minor,A# mixolydian,"D#, F, G, G#, A#",5,4.14,common_tone,False,False
G# melodic_minor,A# locrian,"C#, D#, G#, A#, B",5,4.14,common_tone,False,False
G# melodic_minor,A# harmonic_minor,"C#, A#, D#, F",4,4.71,common_tone,False,False
G# melodic_minor,A# melodic_minor,"C#, D#, F, G, A#",5,3.14,closely_related,False,False
G# melodic_minor,B major,"C#, D#, G#, A#, B",5,5.64,common_tone,False,False
G# melodic_minor,B minor,"C#, B, G",3,8.29,common_tone,False,False
G# melodic_minor,B dorian,"G#, C#, B",3,6.79,common_tone,False,False
G# melodic_minor,B phrygian,"B, G",2,8.86,distant_modulation,False,False
G# melodic_minor,B lydian,"C#, D#, F, G#, A#, B",6,5.07,common_tone,False,False
G# melodic_minor,B mixolydian,"G#, C#, D#, B",4,6.21,common_tone,False,False
G# melodic_minor,B locrian,"B, F, G",3,6.79,common_tone,False,False
G# melodic_minor,B harmonic_minor,"C#, A#, B, G",4,7.71,common_tone,False,False
G# melodic_minor,B melodic_minor,"G#, C#, A#, B",4,4.71,closely_related,False,False
A major,C major,"A, D, B, E",4,4.71,closely_related,False,False
A major,C minor,"G#, D",2,10.36,distant_modulation,False,False
A major,C dorian,"A, D",2,8.86,distant_modulation,False,False
A major,C phrygian,"G#, C#",2,10.36,distant_modulation,False,False
A major,C lydian,"D, E, F#, A, B",5,5.64,common_tone,False,False
A major,C mixolydian,"A, D, E",3,6.79,common_tone,False,False
A major,C locrian,"G#, C#, F#",3,8.29,common_tone,False,False
A major,C harmonic_minor,"G#, D, B",3,9.79,common_tone,False,False
A major,C melodic_minor,"A, D, B",3,8.29,common_tone,False,False
A major,C# major,"G#, C#, F#",3,6.29,common_tone,False,False
A major,C# minor,"C#, E, F#, G#, A, B",6,6.57,common_tone,False,False
A major,C# dorian,"C#, E, F#, G#, B",5,7.14,common_tone,False,False
A major,C# phrygian,"C#, D, E, F#, G#, A, B",7,6.0,common_tone,False,False
A major,C# lydian,"G#, C#",2,8.86,distant_modulation,False,False
A major,C# mixolydian,"G#, C#, B, F#",4,7.71,common_tone,False,False
A major,C# locrian,"C#, D, E, F#, A, B",6,6.57,common_tone,False,False
A major,C# harmonic_minor,"C#, E, F#, G#, A",5,7.14,common_tone,False,False
A major,C# melodic_minor,"G#, C#, E, F#",4,7.71,common_tone,False,False
A major,D major,"C#, D, E, F#, A, B",6,5.57,diatonic_common_tone,False,False
A major,D minor,"A, D, E",3,9.79,common_tone,False,False
A major,D dorian,"A, D, B, E",4,9.21,common_tone,False,False
A major,D phrygian,"A, D",2,10.36,distant_modulation,False,False
A major,D lydian,"C#, D, E, F#, G#, A, B",7,7.5,common_tone,False,False
A major,D mixolydian,"D, E, F#, A, B",5,8.64,common_tone,False,False
A major,D locrian,"G#, D",2,10.36,distant_modulation,False,False
A major,D harmonic_minor,"C#, D, E, A",4,9.21,common_tone,False,False
A major,D melodic_minor,"C#, D, E, A, B",5,8.64,common_tone,False,False
A major,D# major,"G#, D",2,11.86,distant_modulation,False,False
A major,D# minor,"G#, C#, B, F#",4,13.71,common_tone,False,False
A major,D# dorian,"G#, C#, F#",3,14.29,common_tone,False,False
A major,D# phrygian,"C#, E, F#, G#, B",5,11.64,common_tone,False,False
A major,D# lydian,"A, D",2,13.36,distant_modulation,False,False
A major,D# mixolydian,"G#, C#",2,14.86,distant_modulation,False,False
A major,D# locrian,"C#, E, F#, G#, A, B",6,9.57,common_tone,False,False
A major,D# harmonic_minor,"G#, D, B, F#",4,13.71,common_tone,False,False
A major,D# melodic_minor,"G#, D, F#",3,14.29,common_tone,False,False
A major,E major,"C#, E, F#, G#, A, B",6,5.57,diatonic_common_tone,False,False
A major,E minor,"D, E, F#, A, B",5,8.64,common_tone,False,False
A major,E dorian,"C#, D, E, F#, A, B",6,8.07,common_tone,False,False
A major,E phrygian,"A, D, B, E",4,9.21,common_tone,False,False
A major,E lydian,"C#, E, F#, G#, B",5,8.64,common_tone,False,False
A major,E mixolydian,"C#, D, E, F#, G#, A, B",7,7.5,common_tone,False,False
A major,E locrian,"A, D, E",3,9.79,common_tone,False,False
A major,E harmonic_minor,"A, B, E, F#",4,9.21,common_tone,False,False
A major,E melodic_minor,"C#, E, F#, A, B",5,8.64,common_tone,False,False
A major,F major,"A, D, E",3,6.29,common_tone,False,False
A major,F minor,"G#, C#",2,11.86,distant_modulation,False,False
A major,F dorian,"G#, D",2,11.86,distant_modulation,False,False
A major,F phrygian,"G#, C#, F#",3,11.29,common_tone,False,False
A major,F lydian,"A, D, B, E",4,7.71,common_tone,False,False
A major,F mixolydian,"A, D",2,10.36,distant_modulation,False,False
A major,F locrian,"G#, C#, B, F#",4,9.21,common_tone,False,False
A major,F harmonic_minor,"G#, C#, E",3,9.79,common_tone,False,False
A major,F melodic_minor,"G#, D, E",3,9.79,common_tone,False,False
A major,F# major,"G#, C#, B, F#",4,4.71,closely_related,False,False
A major,F# minor,"C#, D, E, F#, G#, A, B",7,4.5,common_tone,False,False
A major,F# dorian,"C#, E, F#, G#, A, B",6,5.07,common_tone,False,False
A major,F# phrygian,"C#, D, E, F#, A, B",6,5.07,common_tone,False,False
A major,F# lydian,"G#, C#, F#",3,6.79,common_tone,False,False
A major,F# mixolydian,"C#, E, F#, G#, B",5,5.64,common_tone,False,False
A major,F# locrian,"D, E, F#, A, B",5,5.64,common_tone,False,False
A major,F# harmonic_minor,"C#, D, F#, G#, A, B",6,5.07,common_tone,False,False
A major,F# melodic_minor,"C#, F#, G#, A, B",5,5.64,common_tone,False,False
A major,G major,"D, E, F#, A, B",5,3.14,closely_related,False,False
A major,G minor,"A, D",2,5.86,nearby_key,False,False
A major,G dorian,"A, D, E",3,5.29,common_tone,False,False
A major,G phrygian,"G#, D",2,7.36,nearby_key,False,False
A major,G lydian,"C#, D, E, F#, A, B",6,3.57,common_tone,False,False
A major,G mixolydian,"A, D, B, E",4,4.71,common_tone,False,False
A major,G locrian,"G#, C#",2,7.36,nearby_key,False,False
A major,G harmonic_minor,"A, D, F#",3,5.29,common_tone,False,False
A major,G melodic_minor,"A, D, E, F#",4,4.71,common_tone,False,False
A major,G# major,"G#, C#",2,5.36,nearby_key,False,False
A major,G# minor,"C#, E, F#, G#, B",5,2.64,common_tone,False,False
A major,G# dorian,"G#, C#, B, F#",4,4.71,common_tone,False,False
A major,G# phrygian,"C#, E, F#, G#, A, B",6,2.07,common_tone,False,False
A major,G# lydian,"G#, D",2,5.86,nearby_key,False,False
A major,G# mixolydian,"G#, C#, F#",3,5.29,common_tone,False,False
A major,G# locrian,"C#, D, E, F#, G#, A, B",7,1.5,common_tone,False,False
A major,G# harmonic_minor,"G#, C#, B, E",4,3.21,common_tone,False,False
A major,G# melodic_minor,"G#, C#, B",3,5.29,common_tone,False,False
A major,A minor,"A, D, B, E",4,1.71,common_tone,False,False
A major,A dorian,"D, E, F#, A, B",5,1.14,common_tone,False,False
A major,A phrygian,"A, D, E",3,2.29,common_tone,False,False
A major,A lydian,"C#, E, F#, G#, A, B",6,0.57,common_tone,False,False
A major,A mixolydian,"C#, D, E, F#, A, B",6,0.57,common_tone,False,False
A major,A locrian,"A, D",2,4.36,nearby_key,False,False
A major,A harmonic_minor,"D, E, G#, A, B",5,1.14,common_tone,False,False
A major,A melodic_minor,"D, E, F#, G#, A, B",6,0.57,common_tone,False,False
A major,A# major,"A, D",2,5.36,nearby_key,False,False
A major,A# minor,"G#, C#, F#",3,6.79,common_tone,False,False
A major,A# dorian,"G#, C#",2,7.36,nearby_key,False,False
A major,A# phrygian,"G#, C#, B, F#",4,6.21,common_tone,False,False
A major,A# lydian,"A, D, E",3,3.79,common_tone,False,False
A major,A# mixolydian,"G#, D",2,7.36,nearby_key,False,False
A major,A# locrian,"C#, E, F#, G#, B",5,4.14,common_tone,False,False
A major,A# harmonic_minor,"C#, F#, A",3,5.29,common_tone,False,False
A major,A# melodic_minor,"C#, A",2,5.86,nearby_key,False,False
A major,B major,"C#, E, F#, G#, B",5,3.14,closely_related,False,False
A major,B minor,"C#, D, E, F#, A, B",6,3.57,common_tone,False,False
A major,B dorian,"C#, D, E, F#, G#, A, B",7,3.0,common_tone,False,False
A major,B phrygian,"D, E, F#, A, B",5,4.14,common_tone,False,False
A major,B lydian,"G#, C#, B, F#",4,4.71,common_tone,False,False
A major,B mixolydian,"C#, E, F#, G#, A, B",6,3.57,common_tone,False,False
A major,B locrian,"A, D, B, E",4,4.71,common_tone,False,False
A major,B harmonic_minor,"C#, D, E, F#, B",5,4.14,common_tone,False,False
A major,B melodic_minor,"C#, D, E, F#, G#, B",6,3.57,common_tone,False,False
A minor,C major,"C, D, E, F, G, A, B",7,4.5,common_tone,False,False
A minor,C minor,"C, D, F, G",4,4.71,closely_related,False,False
A minor,C dorian,"C, D, F, G, A",5,5.64,common_tone,False,False
A minor,C phrygian,"C, F, G",3,6.79,common_tone,False,False
A minor,C lydian,"C, D, E, G, A, B",6,5.07,common_tone,False,False
A minor,C mixolydian,"C, D, E, F, G, A",6,5.07,common_tone,False,False
A minor,C locrian,"C, F",2,8.86,distant_modulation,False,False
A minor,C harmonic_minor,"C, D, F, G, B",5,5.64,common_tone,False,False
A minor,C melodic_minor,"C, D, F, G, A, B",6,5.07,common_tone,False,False
A minor,C# major,"C, F",2,11.86,distant_modulation,False,False
A minor,C# minor,"A, B, E",3,6.29,common_tone,False,False
A minor,C# dorian,"B, E",2,10.36,distant_modulation,False,False
A minor,C# phrygian,"A, D, B, E",4,7.71,common_tone,False,False
A minor,C# lydian,"C, F, G",3,11.29,common_tone,False,False
A minor,C# mixolydian,"B, F",2,11.86,distant_modulation,False,False
A minor,C# locrian,"D, E, G, A, B",5,7.14,common_tone,False,False
A minor,C# harmonic_minor,"C, A, E",3,8.29,common_tone,False,False
A minor,C# melodic_minor,"C, E",2,10.36,distant_modulation,False,False
A minor,D major,"D, E, G, A, B",5,8.64,common_tone,False,False
A minor,D minor,"C, D, E, F, G, A",6,5.57,diatonic_common_tone,False,False
A minor,D dorian,"C, D, E, F, G, A, B",7,7.5,common_tone,False,False
A minor,D phrygian,"C, D, F, G, A",5,8.64,common_tone,False,False
A minor,D lydian,"A, D, B, E",4,9.21,common_tone,False,False
A minor,D mixolydian,"C, D, E, G, A, B",6,8.07,common_tone,False,False
A minor,D locrian,"C, D, F, G",4,10.71,common_tone,False,False
A minor,D harmonic_minor,"D, E, F, G, A",5,8.64,common_tone,False,False
A minor,D melodic_minor,"D, E, F, G, A, B",6,8.07,common_tone,False,False
A minor,D# major,"C, D, F, G",4,13.71,common_tone,False,False
A minor,D# minor,"B, F",2,11.86,distant_modulation,False,False
A minor,D# dorian,"C, F",2,14.86,distant_modulation,False,False
A minor,D# phrygian,"B, E",2,13.36,distant_modulation,False,False
A minor,D# lydian,"C, D, F, G, A",5,11.64,common_tone,False,False
A minor,D# mixolydian,"C, F, G",3,14.29,common_tone,False,False
A minor,D# locrian,"A, B, E",3,11.29,common_tone,False,False
A minor,D# harmonic_minor,"D, B, F",3,14.29,common_tone,False,False
A minor,D# melodic_minor,"C, D, F",3,14.29,common_tone,False,False
A minor,E major,"A, B, E",3,9.79,common_tone,False,False
A minor,E minor,"C, D, E, G, A, B",6,5.57,diatonic_common_tone,False,False
A minor,E dorian,"D, E, G, A, B",5,8.64,common_tone,False,False
A minor,E phrygian,"C, D, E, F, G, A, B",7,7.5,common_tone,False,False
A minor,E lydian,"B, E",2,10.36,distant_modulation,False,False
A minor,E mixolydian,"A, D, B, E",4,9.21,common_tone,False,False
A minor,E locrian,"C, D, E, F, G, A",6,8.07,common_tone,False,False
A minor,E harmonic_minor,"C, E, G, A, B",5,8.64,common_tone,False,False
A minor,E melodic_minor,"A, B, E, G",4,9.21,common_tone,False,False
A minor,F major,"C, D, E, F, G, A",6,6.57,common_tone,False,False
A minor,F minor,"C, F, G",3,6.29,common_tone,False,False
A minor,F dorian,"C, D, F, G",4,7.71,common_tone,False,False
A minor,F phrygian,"C, F",2,8.86,distant_modulation,False,False
A minor,F lydian,"C, D, E, F, G, A, B",7,6.0,common_tone,False,False
A minor,F mixolydian,"C, D, F, G, A",5,7.14,common_tone,False,False
A minor,F locrian,"B, F",2,8.86,distant_modulation,False,False
A minor,F harmonic_minor,"C, E, F, G",4,7.71,common_tone,False,False
A minor,F melodic_minor,"C, D, E, F, G",5,7.14,common_tone,False,False
A minor,F# major,"B, F",2,10.36,distant_modulation,False,False
A minor,F# minor,"A, D, B, E",4,4.71,closely_related,False,False
A minor,F# dorian,"A, B, E",3,6.79,common_tone,False,False
A minor,F# phrygian,"D, E, G, A, B",5,5.64,common_tone,False,False
A minor,F# lydian,"C, F",2,10.36,distant_modulation,False,False
A minor,F# mixolydian,"B, E",2,8.86,distant_modulation,False,False
A minor,F# locrian,"C, D, E, G, A, B",6,5.07,common_tone,False,False
A minor,F# harmonic_minor,"A, D, B, F",4,7.71,common_tone,False,False
A minor,F# melodic_minor,"A, B, F",3,8.29,common_tone,False,False
A minor,G major,"C, D, E, G, A, B",6,3.57,common_tone,False,False
A minor,G minor,"C, D, F, G, A",5,3.14,closely_related,False,False
A minor,G dorian,"C, D, E, F, G, A",6,3.57,common_tone,False,False
A minor,G phrygian,"C, D, F, G",4,4.71,common_tone,False,False
A minor,G lydian,"D, E, G, A, B",5,4.14,common_tone,False,False
A minor,G mixolydian,"C, D, E, F, G, A, B",7,3.0,common_tone,False,False
A minor,G locrian,"C, F, G",3,6.79,common_tone,False,False
A minor,G harmonic_minor,"C, A, D, G",4,4.71,common_tone,False,False
A minor,G melodic_minor,"C, D, E, G, A",5,4.14,common_tone,False,False
A minor,G# major,"C, F, G",3,6.79,common_tone,False,False
A minor,G# minor,"B, E",2,5.36,nearby_key,False,False
A minor,G# dorian,"B, F",2,7.36,nearby_key,False,False
A minor,G# phrygian,"A, B, E",3,3.79,common_tone,False,False
A minor,G# lydian,"C, D, F, G",4,6.21,common_tone,False,False
A minor,G# mixolydian,"C, F",2,7.36,nearby_key,False,False
A minor,G# locrian,"A, D, B, E",4,3.21,common_tone,False,False
A minor,G# harmonic_minor,"B, E, G",3,5.29,common_tone,False,False
A minor,G# melodic_minor,"B, F, G",3,6.79,common_tone,False,False
A minor,A major,"A, D, B, E",4,1.71,common_tone,False,False
A minor,A dorian,"C, D, E, G, A, B",6,0.57,common_tone,False,False
A minor,A phrygian,"C, D, E, F, G, A",6,0.57,common_tone,False,False
A minor,A lydian,"A, B, E",3,2.29,common_tone,False,False
A minor,A mixolydian,"D, E, G, A, B",5,1.14,common_tone,False,False
A minor,A locrian,"C, D, F, G, A",5,2.64,common_tone,False,False
A minor,A harmonic_minor,"C, D, E, F, A, B",6,0.57,common_tone,False,False
A minor,A melodic_minor,"C, D, E, A, B",5,1.14,common_tone,False,False
A minor,A# major,"C, D, F, G, A",5,2.64,common_tone,False,False
A minor,A# minor,"C, F",2,5.36,nearby_key,False,False
A minor,A# dorian,"C, F, G",3,5.29,common_tone,False,False
A minor,A# phrygian,"B, F",2,5.86,nearby_key,False,False
A minor,A# lydian,"C, D, E, F, G, A",6,2.07,common_tone,False,False
A minor,A# mixolydian,"C, D, F, G",4,4.71,common_tone,False,False
A minor,A# locrian,"B, E",2,5.86,nearby_key,False,False
A minor,A# harmonic_minor,"C, A, F",3,3.79,common_tone,False,False
A minor,A# melodic_minor,"C, A, F, G",4,3.21,common_tone,False,False
A minor,B major,"B, E",2,5.86,nearby_key,False,False
A minor,B minor,"D, E, G, A, B",5,3.14,closely_related,False,False
A minor,B dorian,"A, D, B, E",4,4.71,common_tone,False,False
A minor,B phrygian,"C, D, E, G, A, B",6,3.57,common_tone,False,False
A minor,B lydian,"B, F",2,7.36,nearby_key,False,False
A minor,B mixolydian,"A, B, E",3,5.29,common_tone,False,False
A minor,B locrian,"C, D, E, F, G, A, B",7,3.0,common_tone,False,False
A minor,B harmonic_minor,"D, B, E, G",4,4.71,common_tone,False,False
A minor,B melodic_minor,"D, B, E",3,5.29,common_tone,False,False
A dorian,C major,"C, D, E, G, A, B",6,5.07,common_tone,False,False
A dorian,C minor,"C, D, G",3,6.79,common_tone,False,False
A dorian,C dorian,"C, A, D, G",4,4.71,closely_related,False,False
A dorian,C phrygian,"C, G",2,7.36,distant_modulation,False,False
A dorian,C lydian,"C, D, E, F#, G, A, B",7,4.5,common_tone,False,False
A dorian,C mixolydian,"C, D, E, G, A",5,5.64,common_tone,False,False
A dorian,C locrian,"C, F#",2,7.36,distant_modulation,False,False
A dorian,C harmonic_minor,"C, D, B, G",4,6.21,common_tone,False,False
A dorian,C melodic_minor,"C, D, G, A, B",5,5.64,common_tone,False,False
A dorian,C# major,"C, F#",2,11.86,distant_modulation,False,False
A dorian,C# minor,"A, B, E, F#",4,7.71,common_tone,False,False
A dorian,C# dorian,"B, E, F#",3,7.79,common_tone,False,False
A dorian,C# phrygian,"D, E, F#, A, B",5,7.14,common_tone,False,False
A dorian,C# lydian,"C, G",2,11.86,distant_modulation,False,False
A dorian,C# mixolydian,"B, F#",2,11.86,distant_modulation,False,False
A dorian,C# locrian,"D, E, F#, G, A, B",6,6.57,common_tone,False,False
A dorian,C# harmonic_minor,"C, A, E, F#",4,7.71,common_tone,False,False
A dorian,C# melodic_minor,"C, E, F#",3,9.79,common_tone,False,False
A dorian,D major,"D, E, F#, G, A, B",6,8.07,common_tone,False,False
A dorian,D minor,"C, D, E, G, A",5,8.64,common_tone,False,False
A dorian,D dorian,"C, D, E, G, A, B",6,5.57,diatonic_common_tone,False,False
A dorian,D phrygian,"C, A, D, G",4,9.21,common_tone,False,False
A dorian,D lydian,"D, E, F#, A, B",5,8.64,common_tone,False,False
A dorian,D mixolydian,"C, D, E, F#, G, A, B",7,7.5,common_tone,False,False
A dorian,D locrian,"C, D, G",3,11.29,common_tone,False,False
A dorian,D harmonic_minor,"A, D, E, G",4,9.21,common_tone,False,False
A dorian,D melodic_minor,"D, E, G, A, B",5,8.64,common_tone,False,False
A dorian,D# major,"C, D, G",3,14.29,common_tone,False,False
A dorian,D# minor,"B, F#",2,14.86,distant_modulation,False,False
A dorian,D# dorian,"C, F#",2,11.86,distant_modulation,False,False
A dorian,D# phrygian,"B, E, F#",3,12.79,common_tone,False,False
A dorian,D# lydian,"C, A, D, G",4,12.21,common_tone,False,False
A dorian,D# mixolydian,"C, G",2,14.86,distant_modulation,False,False
A dorian,D# locrian,"A, B, E, F#",4,10.71,common_tone,False,False
A dorian,D# harmonic_minor,"D, B, F#",3,14.29,common_tone,False,False
A dorian,D# melodic_minor,"C, D, F#",3,14.29,common_tone,False,False
A dorian,E major,"A, B, E, F#",4,9.21,common_tone,False,False
A dorian,E minor,"C, D, E, F#, G, A, B",7,7.5,common_tone,False,False
A dorian,E dorian,"D, E, F#, G, A, B",6,5.57,diatonic_common_tone,False,False
A dorian,E phrygian,"C, D, E, G, A, B",6,8.07,common_tone,False,False
A dorian,E lydian,"B, E, F#",3,9.79,common_tone,False,False
A dorian,E mixolydian,"D, E, F#, A, B",5,8.64,common_tone,False,False
A dorian,E locrian,"C, D, E, G, A",5,8.64,common_tone,False,False
A dorian,E harmonic_minor,"C, E, F#, G, A, B",6,8.07,common_tone,False,False
A dorian,E melodic_minor,"E, F#, G, A, B",5,8.64,common_tone,False,False
A dorian,F major,"C, D, E, G, A",5,7.14,common_tone,False,False
A dorian,F minor,"C, G",2,10.36,distant_modulation,False,False
A dorian,F dorian,"C, D, G",3,7.79,common_tone,False,False
A dorian,F phrygian,"C, F#",2,10.36,distant_modulation,False,False
A dorian,F lydian,"C, D, E, G, A, B",6,6.57,common_tone,False,False
A dorian,F mixolydian,"C, A, D, G",4,7.71,common_tone,False,False
A dorian,F locrian,"B, F#",2,10.36,distant_modulation,False,False
A dorian,F harmonic_minor,"C, E, G",3,8.29,common_tone,False,False
A dorian,F melodic_minor,"C, D, E, G",4,7.71,common_tone,False,False
A dorian,F# major,"B, F#",2,8.86,distant_modulation,False,False
A dorian,F# minor,"D, E, F#, A, B",5,5.64,common_tone,False,False
A dorian,F# dorian,"A, B, E, F#",4,4.71,closely_related,False,False
A dorian,F# phrygian,"D, E, F#, G, A, B",6,5.07,common_tone,False,False
A dorian,F# lydian,"C, F#",2,8.86,distant_modulation,False,False
A dorian,F# mixolydian,"B, E, F#",3,6.79,common_tone,False,False
A dorian,F# locrian,"C, D, E, F#, G, A, B",7,4.5,common_tone,False,False
A dorian,F# harmonic_minor,"A, D, B, F#",4,6.21,common_tone,False,False
A dorian,F# melodic_minor,"A, B, F#",3,6.79,common_tone,False,False
A dorian,G major,"C, D, E, F#, G, A, B",7,3.0,common_tone,False,False
A dorian,G minor,"C, A, D, G",4,4.71,common_tone,False,False
A dorian,G dorian,"C, D, E, G, A",5,3.14,closely_related,False,False
A dorian,G phrygian,"C, D, G",3,5.29,common_tone,False,False
A dorian,G lydian,"D, E, F#, G, A, B",6,3.57,common_tone,False,False
A dorian,G mixolydian,"C, D, E, G, A, B",6,3.57,common_tone,False,False
A dorian,G locrian,"C, G",2,7.36,nearby_key,False,False
A dorian,G harmonic_minor,"C, D, F#, G, A",5,4.14,common_tone,False,False
A dorian,G melodic_minor,"C, D, E, F#, G, A",6,3.57,common_tone,False,False
A dorian,G# major,"C, G",2,7.36,nearby_key,False,False
A dorian,G# minor,"B, E, F#",3,5.29,common_tone,False,False
A dorian,G# dorian,"B, F#",2,6.86,nearby_key,False,False
A dorian,G# phrygian,"A, B, E, F#",4,3.21,common_tone,False,False
A dorian,G# lydian,"C, D, G",3,6.79,common_tone,False,False
A dorian,G# mixolydian,"C, F#",2,7.36,nearby_key,False,False
A dorian,G# locrian,"D, E, F#, A, B",5,2.64,common_tone,False,False
A dorian,G# harmonic_minor,"B, E, G",3,5.29,common_tone,False,False
A dorian,G# melodic_minor,"B, G",2,7.36,nearby_key,False,False
A dorian,A major,"D, E, F#, A, B",5,1.14,common_tone,False,False
A dorian,A minor,"C, D, E, G, A, B",6,0.57,common_tone,False,False
A dorian,A phrygian,"C, D, E, G, A",5,1.14,common_tone,False,False
A dorian,A lydian,"A, B, E, F#",4,1.71,common_tone,False,False
A dorian,A mixolydian,"D, E, F#, G, A, B",6,0.57,common_tone,False,False
A dorian,A locrian,"C, A, D, G",4,3.21,common_tone,False,False
A dorian,A harmonic_minor,"C, D, E, A, B",5,1.14,common_tone,False,False
A dorian,A melodic_minor,"C, D, E, F#, A, B",6,0.57,common_tone,False,False
A dorian,A# major,"C, A, D, G",4,4.71,common_tone,False,False
A dorian,A# minor,"C, F#",2,7.36,nearby_key,False,False
A dorian,A# dorian,"C, G",2,6.86,nearby_key,False,False
A dorian,A# phrygian,"B, F#",2,7.36,nearby_key,False,False
A dorian,A# lydian,"C, D, E, G, A",5,2.64,common_tone,False,False
A dorian,A# mixolydian,"C, D, G",3,6.79,common_tone,False,False
A dorian,A# locrian,"B, E, F#",3,5.29,common_tone,False,False
A dorian,A# harmonic_minor,"C, A, F#",3,5.29,common_tone,False,False
A dorian,A# melodic_minor,"C, A, G",3,5.29,common_tone,False,False
A dorian,B major,"B, E, F#",3,5.29,common_tone,False,False
A dorian,B minor,"D, E, F#, G, A, B",6,3.57,common_tone,False,False
A dorian,B dorian,"D, E, F#, A, B",5,3.14,closely_related,False,False
A dorian,B phrygian,"C, D, E, F#, G, A, B",7,3.0,common_tone,False,False
A dorian,B lydian,"B, F#",2,5.86,nearby_key,False,False
A dorian,B mixolydian,"A, B, E, F#",4,4.71,common_tone,False,False
A dorian,B locrian,"C, D, E, G, A, B",6,3.57,common_tone,False,False
A dorian,B harmonic_minor,"D, E, F#, G, B",5,4.14,common_tone,False,False
A dorian,B melodic_minor,"D, B, E, F#",4,4.71,common_tone,False,False
A phrygian,C major,"C, D, E, F, G, A",6,5.07,common_tone,False,False
A phrygian,C minor,"C, D, F, G, A#",5,5.64,common_tone,False,False
A phrygian,C dorian,"C, D, F, G, A, A#",6,5.07,common_tone,False,False
A phrygian,C phrygian,"C, A#, F, G",4,4.71,closely_related,False,False
A phrygian,C lydian,"C, D, E, G, A",5,5.64,common_tone,False,False
A phrygian,C mixolydian,"C, D, E, F, G, A, A#",7,4.5,common_tone,False,False
A phrygian,C locrian,"C, A#, F",3,8.29,common_tone,False,False
A phrygian,C harmonic_minor,"C, D, F, G",4,6.21,common_tone,False,False
A phrygian,C melodic_minor,"C, D, F, G, A",5,5.64,common_tone,False,False
A phrygian,C# major,"C, A#, F",3,11.29,common_tone,False,False
A phrygian,C# minor,"A, E",2,8.86,distant_modulation,False,False
A phrygian,C# dorian,"A#, E",2,10.36,distant_modulation,False,False
A phrygian,C# phrygian,"A, D, E",3,6.29,common_tone,False,False
A phrygian,C# lydian,"C, A#, F, G",4,10.71,common_tone,False,False
A phrygian,C# mixolydian,"A#, F",2,11.86,distant_modulation,False,False
A phrygian,C# locrian,"A, D, E, G",4,7.71,common_tone,False,False
A phrygian,C# harmonic_minor,"C, A, E",3,8.29,common_tone,False,False
A phrygian,C# melodic_minor,"C, A#, E",3,9.79,common_tone,False,False
A phrygian,D major,"A, D, E, G",4,9.21,common_tone,False,False
A phrygian,D minor,"C, D, E, F, G, A, A#",7,7.5,common_tone,False,False
A phrygian,D dorian,"C, D, E, F, G, A",6,8.07,common_tone,False,False
A phrygian,D phrygian,"C, D, F, G, A, A#",6,5.57,diatonic_common_tone,False,False
A phrygian,D lydian,"A, D, E",3,9.79,common_tone,False,False
A phrygian,D mixolydian,"C, D, E, G, A",5,8.64,common_tone,False,False
A phrygian,D locrian,"C, D, F, G, A#",5,10.14,common_tone,False,False
A phrygian,D harmonic_minor,"D, E, F, G, A, A#",6,8.07,common_tone,False,False
A phrygian,D melodic_minor,"D, E, F, G, A",5,8.64,common_tone,False,False
A phrygian,D# major,"C, D, F, G, A#",5,11.64,common_tone,False,False
A phrygian,D# minor,"A#, F",2,13.36,distant_modulation,False,False
A phrygian,D# dorian,"C, A#, F",3,12.79,common_tone,False,False
A phrygian,D# phrygian,"A#, E",2,8.86,distant_modulation,False,False
A phrygian,D# lydian,"C, D, F, G, A, A#",6,9.57,common_tone,False,False
A phrygian,D# mixolydian,"C, A#, F, G",4,12.21,common_tone,False,False
A phrygian,D# locrian,"A, E",2,11.86,distant_modulation,False,False
A phrygian,D# harmonic_minor,"D, A#, F",3,12.79,common_tone,False,False
A phrygian,D# melodic_minor,"C, D, A#, F",4,12.21,common_tone,False,False
A phrygian,E major,"A, E",2,10.36,distant_modulation,False,False
A phrygian,E minor,"C, D, E, G, A",5,8.64,common_tone,False,False
A phrygian,E dorian,"A, D, E, G",4,9.21,common_tone,False,False
A phrygian,E phrygian,"C, D, E, F, G, A",6,5.57,diatonic_common_tone,False,False
A phrygian,E lydian,"A#, E",2,11.86,distant_modulation,False,False
A phrygian,E mixolydian,"A, D, E",3,9.79,common_tone,False,False
A phrygian,E locrian,"C, D, E, F, G, A, A#",7,7.5,common_tone,False,False
A phrygian,E harmonic_minor,"C, A, E, G",4,9.21,common_tone,False,False
A phrygian,E melodic_minor,"A, E, G",3,9.79,common_tone,False,False
A phrygian,F major,"C, D, E, F, G, A, A#",7,6.0,common_tone,False,False
A phrygian,F minor,"C, A#, F, G",4,7.71,common_tone,False,False
A phrygian,F dorian,"C, D, F, G, A#",5,7.14,common_tone,False,False
A phrygian,F phrygian,"C, A#, F",3,6.29,common_tone,False,False
A phrygian,F lydian,"C, D, E, F, G, A",6,6.57,common_tone,False,False
A phrygian,F mixolydian,"C, D, F, G, A, A#",6,6.57,common_tone,False,False
A phrygian,F locrian,"A#, F",2,10.36,distant_modulation,False,False
A phrygian,F harmonic_minor,"C, E, F, G, A#",5,7.14,common_tone,False,False
A phrygian,F melodic_minor,"C, D, E, F, G, A#",6,6.57,common_tone,False,False
A phrygian,F# major,"A#, F",2,10.36,distant_modulation,False,False
A phrygian,F# minor,"A, D, E",3,6.79,common_tone,False,False
A phrygian,F# dorian,"A, E",2,7.36,distant_modulation,False,False
A phrygian,F# phrygian,"A, D, E, G",4,4.71,closely_related,False,False
A phrygian,F# lydian,"C, A#, F",3,9.79,common_tone,False,False
A phrygian,F# mixolydian,"A#, E",2,8.86,distant_modulation,False,False
A phrygian,F# locrian,"C, D, E, G, A",5,5.64,common_tone,False,False
A phrygian,F# harmonic_minor,"A, D, F",3,8.29,common_tone,False,False
A phrygian,F# melodic_minor,"A, F",2,8.86,distant_modulation,False,False
A phrygian,G major,"C, D, E, G, A",5,4.14,common_tone,False,False
A phrygian,G minor,"C, D, F, G, A, A#",6,3.57,common_tone,False,False
A phrygian,G dorian,"C, D, E, F, G, A, A#",7,3.0,common_tone,False,False
A phrygian,G phrygian,"C, D, F, G, A#",5,3.14,closely_related,False,False
A phrygian,G lydian,"A, D, E, G",4,4.71,common_tone,False,False
A phrygian,G mixolydian,"C, D, E, F, G, A",6,3.57,common_tone,False,False
A phrygian,G locrian,"C, A#, F, G",4,6.21,common_tone,False,False
A phrygian,G harmonic_minor,"C, D, G, A, A#",5,4.14,common_tone,False,False
A phrygian,G melodic_minor,"C, D, E, G, A, A#",6,3.57,common_tone,False,False
A phrygian,G# major,"C, A#, F, G",4,6.21,common_tone,False,False
A phrygian,G# minor,"A#, E",2,5.86,nearby_key,False,False
A phrygian,G# dorian,"A#, F",2,7.36,nearby_key,False,False
A phrygian,G# phrygian,"A, E",2,3.86,nearby_key,False,False
A phrygian,G# lydian,"C, D, F, G, A#",5,5.64,common_tone,False,False
A phrygian,G# mixolydian,"C, A#, F",3,6.79,common_tone,False,False
A phrygian,G# locrian,"A, D, E",3,3.79,common_tone,False,False
A phrygian,G# harmonic_minor,"A#, E, G",3,5.29,common_tone,False,False
A phrygian,G# melodic_minor,"A#, F, G",3,6.79,common_tone,False,False
A phrygian,A major,"A, D, E",3,2.29,common_tone,False,False
A phrygian,A minor,"C, D, E, F, G, A",6,0.57,common_tone,False,False
A phrygian,A dorian,"C, D, E, G, A",5,1.14,common_tone,False,False
A phrygian,A lydian,"A, E",2,2.86,nearby_key,False,False
A phrygian,A mixolydian,"A, D, E, G",4,1.71,common_tone,False,False
A phrygian,A locrian,"C, D, F, G, A, A#",6,2.07,common_tone,False,False
A phrygian,A harmonic_minor,"C, D, E, F, A",5,1.14,common_tone,False,False
A phrygian,A melodic_minor,"C, A, D, E",4,1.71,common_tone,False,False
A phrygian,A# major,"C, D, F, G, A, A#",6,2.07,common_tone,False,False
A phrygian,A# minor,"C, A#, F",3,3.79,common_tone,False,False
A phrygian,A# dorian,"C, A#, F, G",4,3.21,common_tone,False,False
A phrygian,A# phrygian,"A#, F",2,3.86,nearby_key,False,False
A phrygian,A# lydian,"C, D, E, F, G, A, A#",7,1.5,common_tone,False,False
A phrygian,A# mixolydian,"C, D, F, G, A#",5,2.64,common_tone,False,False
A phrygian,A# locrian,"A#, E",2,4.36,nearby_key,False,False
A phrygian,A# harmonic_minor,"C, A, A#, F",4,3.21,common_tone,False,False
A phrygian,A# melodic_minor,"C, F, G, A, A#",5,2.64,common_tone,False,False
A phrygian,B major,"A#, E",2,7.36,nearby_key,False,False
A phrygian,B minor,"A, D, E, G",4,4.71,common_tone,False,False
A phrygian,B dorian,"A, D, E",3,5.29,common_tone,False,False
A phrygian,B phrygian,"C, D, E, G, A",5,3.14,closely_related,False,False
A phrygian,B lydian,"A#, F",2,8.86,nearby_key,False,False
A phrygian,B mixolydian,"A, E",2,5.86,nearby_key,False,False
A phrygian,B locrian,"C, D, E, F, G, A",6,3.57,common_tone,False,False
A phrygian,B harmonic_minor,"D, A#, E, G",4,6.21,common_tone,False,False
A phrygian,B melodic_minor,"D, A#, E",3,6.79,common_tone,False,False
A lydian,C major,"A, B, E",3,6.79,common_tone,False,False
A lydian,C minor,"G#, D#",2,10.36,distant_modulation,False,False
A lydian,C dorian,"A, D#",2,8.86,distant_modulation,False,False
A lydian,C phrygian,"G#, C#, D#",3,9.79,common_tone,False,False
A lydian,C lydian,"A, B, E, F#",4,4.71,closely_related,False,False
A lydian,C mixolydian,"A, E",2,7.36,distant_modulation,False,False
A lydian,C locrian,"G#, C#, D#, F#",4,7.71,common_tone,False,False
A lydian,C harmonic_minor,"G#, B, D#",3,9.79,common_tone,False,False
A lydian,C melodic_minor,"B, A, D#",3,8.29,common_tone,False,False
A lydian,C# major,"G#, C#, D#, F#",4,7.71,common_tone,False,False
A lydian,C# minor,"C#, D#, E, F#, G#, A, B",7,6.0,common_tone,False,False
A lydian,C# dorian,"C#, D#, E, F#, G#, B",6,6.57,common_tone,False,False
A lydian,C# phrygian,"C#, E, F#, G#, A, B",6,6.57,common_tone,False,False
A lydian,C# lydian,"G#, C#, D#",3,6.29,common_tone,False,False
A lydian,C# mixolydian,"C#, D#, F#, G#, B",5,7.14,common_tone,False,False
A lydian,C# locrian,"C#, E, F#, A, B",5,7.14,common_tone,False,False
A lydian,C# harmonic_minor,"C#, D#, E, F#, G#, A",6,6.57,common_tone,False,False
A lydian,C# melodic_minor,"C#, D#, E, F#, G#",5,7.14,common_tone,False,False
A lydian,D major,"C#, E, F#, A, B",5,8.64,common_tone,False,False
A lydian,D minor,"A, E",2,10.36,distant_modulation,False,False
A lydian,D dorian,"A, B, E",3,9.79,common_tone,False,False
A lydian,D phrygian,"A, D#",2,11.86,distant_modulation,False,False
A lydian,D lydian,"C#, E, F#, G#, A, B",6,5.57,diatonic_common_tone,False,False
A lydian,D mixolydian,"A, B, E, F#",4,9.21,common_tone,False,False
A lydian,D locrian,"G#, D#",2,11.86,distant_modulation,False,False
A lydian,D harmonic_minor,"C#, E, A",3,9.79,common_tone,False,False
A lydian,D melodic_minor,"C#, B, E, A",4,9.21,common_tone,False,False
A lydian,D# major,"G#, D#",2,13.36,distant_modulation,False,False
A lydian,D# minor,"C#, D#, F#, G#, B",5,11.64,common_tone,False,False
A lydian,D# dorian,"G#, C#, D#, F#",4,12.21,common_tone,False,False
A lydian,D# phrygian,"C#, D#, E, F#, G#, B",6,9.57,common_tone,False,False
A lydian,D# lydian,"A, D#",2,8.86,distant_modulation,False,False
A lydian,D# mixolydian,"G#, C#, D#",3,12.79,common_tone,False,False
A lydian,D# locrian,"C#, D#, E, F#, G#, A, B",7,9.0,common_tone,False,False
A lydian,D# harmonic_minor,"G#, B, D#, F#",4,12.21,common_tone,False,False
A lydian,D# melodic_minor,"G#, D#, F#",3,12.79,common_tone,False,False
A lydian,E major,"C#, D#, E, F#, G#, A, B",7,7.5,common_tone,False,False
A lydian,E minor,"A, B, E, F#",4,9.21,common_tone,False,False
A lydian,E dorian,"C#, E, F#, A, B",5,8.64,common_tone,False,False
A lydian,E phrygian,"A, B, E",3,9.79,common_tone,False,False
A lydian,E lydian,"C#, D#, E, F#, G#, B",6,5.57,diatonic_common_tone,False,False
A lydian,E mixolydian,"C#, E, F#, G#, A, B",6,8.07,common_tone,False,False
A lydian,E locrian,"A, E",2,10.36,distant_modulation,False,False
A lydian,E harmonic_minor,"D#, E, F#, A, B",5,8.64,common_tone,False,False
A lydian,E melodic_minor,"C#, D#, E, F#, A, B",6,8.07,common_tone,False,False
A lydian,F major,"A, E",2,8.86,distant_modulation,False,False
A lydian,F minor,"G#, C#, D#",3,11.29,common_tone,False,False
A lydian,F dorian,"G#, D#",2,11.86,distant_modulation,False,False
A lydian,F phrygian,"G#, C#, D#, F#",4,10.71,common_tone,False,False
A lydian,F lydian,"A, B, E",3,6.29,common_tone,False,False
A lydian,F mixolydian,"A, D#",2,10.36,distant_modulation,False,False
A lydian,F locrian,"C#, D#, F#, G#, B",5,8.64,common_tone,False,False
A lydian,F harmonic_minor,"G#, C#, E",3,9.79,common_tone,False,False
A lydian,F melodic_minor,"G#, E",2,10.36,distant_modulation,False,False
A lydian,F# major,"C#, D#, F#, G#, B",5,5.64,common_tone,False,False
A lydian,F# minor,"C#, E, F#, G#, A, B",6,5.07,common_tone,False,False
A lydian,F# dorian,"C#, D#, E, F#, G#, A, B",7,4.5,common_tone,False,False
A lydian,F# phrygian,"C#, E, F#, A, B",5,5.64,common_tone,False,False
A lydian,F# lydian,"G#, C#, D#, F#",4,4.71,closely_related,False,False
A lydian,F# mixolydian,"C#, D#, E, F#, G#, B",6,5.07,common_tone,False,False
A lydian,F# locrian,"A, B, E, F#",4,6.21,common_tone,False,False
A lydian,F# harmonic_minor,"C#, F#, G#, A, B",5,5.64,common_tone,False,False
A lydian,F# melodic_minor,"C#, D#, F#, G#, A, B",6,5.07,common_tone,False,False
A lydian,G major,"A, B, E, F#",4,4.71,common_tone,False,False
A lydian,G minor,"A, D#",2,7.36,nearby_key,False,False
A lydian,G dorian,"A, E",2,5.86,nearby_key,False,False
A lydian,G phrygian,"G#, D#",2,8.86,nearby_key,False,False
A lydian,G lydian,"C#, E, F#, A, B",5,3.14,closely_related,False,False
A lydian,G mixolydian,"A, B, E",3,5.29,common_tone,False,False
A lydian,G locrian,"G#, C#, D#",3,6.79,common_tone,False,False
A lydian,G harmonic_minor,"A, D#, F#",3,6.79,common_tone,False,False
A lydian,G melodic_minor,"A, E, F#",3,5.29,common_tone,False,False
A lydian,G# major,"G#, C#, D#",3,3.79,common_tone,False,False
A lydian,G# minor,"C#, D#, E, F#, G#, B",6,2.07,common_tone,False,False
A lydian,G# dorian,"C#, D#, F#, G#, B",5,2.64,common_tone,False,False
A lydian,G# phrygian,"C#, D#, E, F#, G#, A, B",7,1.5,common_tone,False,False
A lydian,G# lydian,"G#, D#",2,3.86,nearby_key,False,False
A lydian,G# mixolydian,"G#, C#, D#, F#",4,3.21,common_tone,False,False
A lydian,G# locrian,"C#, E, F#, G#, A, B",6,2.07,common_tone,False,False
A lydian,G# harmonic_minor,"C#, D#, E, G#, B",5,2.64,common_tone,False,False
A lydian,G# melodic_minor,"G#, C#, D#, B",4,3.21,common_tone,False,False
A lydian,A major,"C#, E, F#, G#, A, B",6,0.57,common_tone,False,False
A lydian,A minor,"A, B, E",3,2.29,common_tone,False,False
A lydian,A dorian,"A, B, E, F#",4,1.71,common_tone,False,False
A lydian,A phrygian,"A, E",2,2.86,nearby_key,False,False
A lydian,A mixolydian,"C#, E, F#, A, B",5,1.14,common_tone,False,False
A lydian,A locrian,"A, D#",2,2.86,nearby_key,False,False
A lydian,A harmonic_minor,"G#, A, B, E",4,1.71,common_tone,False,False
A lydian,A melodic_minor,"E, F#, G#, A, B",5,1.14,common_tone,False,False
A lydian,A# major,"A, D#",2,5.86,nearby_key,False,False
A lydian,A# minor,"G#, C#, D#, F#",4,6.21,common_tone,False,False
A lydian,A# dorian,"G#, C#, D#",3,6.79,common_tone,False,False
A lydian,A# phrygian,"C#, D#, F#, G#, B",5,5.64,common_tone,False,False
A lydian,A# lydian,"A, E",2,3.86,nearby_key,False,False
A lydian,A# mixolydian,"G#, D#",2,7.36,nearby_key,False,False
A lydian,A# locrian,"C#, D#, E, F#, G#, B",6,3.57,common_tone,False,False
A lydian,A# harmonic_minor,"C#, D#, F#, A",4,4.71,common_tone,False,False
A lydian,A# melodic_minor,"C#, D#, A",3,5.29,common_tone,False,False
A lydian,B major,"C#, D#, E, F#, G#, B",6,3.57,common_tone,False,False
A lydian,B minor,"C#, E, F#, A, B",5,4.14,common_tone,False,False
A lydian,B dorian,"C#, E, F#, G#, A, B",6,3.57,common_tone,False,False
A lydian,B phrygian,"A, B, E, F#",4,4.71,common_tone,False,False
A lydian,B lydian,"C#, D#, F#, G#, B",5,3.14,closely_related,False,False
A lydian,B mixolydian,"C#, D#, E, F#, G#, A, B",7,3.0,common_tone,False,False
A lydian,B locrian,"A, B, E",3,5.29,common_tone,False,False
A lydian,B harmonic_minor,"C#, B, E, F#",4,4.71,common_tone,False,False
A lydian,B melodic_minor,"C#, E, F#, G#, B",5,4.14,common_tone,False,False
A mixolydian,C major,"D, E, G, A, B",5,5.64,common_tone,False,False
A mixolydian,C minor,"D, G",2,8.86,distant_modulation,False,False
A mixolydian,C dorian,"A, D, G",3,6.79,common_tone,False,False
A mixolydian,C phrygian,"C#, G",2,8.86,distant_modulation,False,False
A mixolydian,C lydian,"D, E, F#, G, A, B",6,5.07,common_tone,False,False
A mixolydian,C mixolydian,"A, D, E, G",4,4.71,closely_related,False,False
A mixolydian,C locrian,"C#, F#",2,8.86,distant_modulation,False,False
A mixolydian,C harmonic_minor,"D, B, G",3,8.29,common_tone,False,False
A mixolydian,C melodic_minor,"A, D, B, G",4,6.21,common_tone,False,False
A mixolydian,C# major,"C#, F#",2,10.36,distant_modulation,False,False
A mixolydian,C# minor,"C#, E, F#, A, B",5,7.14,common_tone,False,False
A mixolydian,C# dorian,"C#, B, E, F#",4,7.71,common_tone,False,False
A mixolydian,C# phrygian,"C#, D, E, F#, A, B",6,6.57,common_tone,False,False
A mixolydian,C# lydian,"C#, G",2,10.36,distant_modulation,False,False
A mixolydian,C# mixolydian,"C#, B, F#",3,7.79,common_tone,False,False
A mixolydian,C# locrian,"C#, D, E, F#, G, A, B",7,6.0,common_tone,False,False
A mixolydian,C# harmonic_minor,"C#, E, F#, A",4,7.71,common_tone,False,False
A mixolydian,C# melodic_minor,"C#, E, F#",3,8.29,common_tone,False,False
A mixolydian,D major,"C#, D, E, F#, G, A, B",7,7.5,common_tone,False,False
A mixolydian,D minor,"A, D, E, G",4,9.21,common_tone,False,False
A mixolydian,D dorian,"D, E, G, A, B",5,8.64,common_tone,False,False
A mixolydian,D phrygian,"A, D, G",3,9.79,common_tone,False,False
A mixolydian,D lydian,"C#, D, E, F#, A, B",6,8.07,common_tone,False,False
A mixolydian,D mixolydian,"D, E, F#, G, A, B",6,5.57,diatonic_common_tone,False,False
A mixolydian,D locrian,"D, G",2,11.86,distant_modulation,False,False
A mixolydian,D harmonic_minor,"C#, D, E, G, A",5,8.64,common_tone,False,False
A mixolydian,D melodic_minor,"C#, D, E, G, A, B",6,8.07,common_tone,False,False
A mixolydian,D# major,"D, G",2,14.86,distant_modulation,False,False
A mixolydian,D# minor,"C#, B, F#",3,14.29,common_tone,False,False
A mixolydian,D# dorian,"C#, F#",2,14.86,distant_modulation,False,False
A mixolydian,D# phrygian,"C#, B, E, F#",4,12.21,common_tone,False,False
A mixolydian,D# lydian,"A, D, G",3,12.79,common_tone,False,False
A mixolydian,D# mixolydian,"C#, G",2,11.86,distant_modulation,False,False
A mixolydian,D# locrian,"C#, E, F#, A, B",5,10.14,common_tone,False,False
A mixolydian,D# harmonic_minor,"D, B, F#",3,14.29,common_tone,False,False
A mixolydian,D# melodic_minor,"D, F#",2,14.86,distant_modulation,False,False
A mixolydian,E major,"C#, E, F#, A, B",5,8.64,common_tone,False,False
A mixolydian,E minor,"D, E, F#, G, A, B",6,8.07,common_tone,False,False
A mixolydian,E dorian,"C#, D, E, F#, G, A, B",7,7.5,common_tone,False,False
A mixolydian,E phrygian,"D, E, G, A, B",5,8.64,common_tone,False,False
A mixolydian,E lydian,"C#, B, E, F#",4,9.21,common_tone,False,False
A mixolydian,E mixolydian,"C#, D, E, F#, A, B",6,5.57,diatonic_common_tone,False,False
A mixolydian,E locrian,"A, D, E, G",4,9.21,common_tone,False,False
A mixolydian,E harmonic_minor,"E, F#, G, A, B",5,8.64,common_tone,False,False
A mixolydian,E melodic_minor,"C#, E, F#, G, A, B",6,8.07,common_tone,False,False
A mixolydian,F major,"A, D, E, G",4,7.71,common_tone,False,False
A mixolydian,F minor,"C#, G",2,11.86,distant_modulation,False,False
A mixolydian,F dorian,"D, G",2,11.86,distant_modulation,False,False
A mixolydian,F phrygian,"C#, F#",2,11.86,distant_modulation,False,False
A mixolydian,F lydian,"D, E, G, A, B",5,7.14,common_tone,False,False
A mixolydian,F mixolydian,"A, D, G",3,7.79,common_tone,False,False
A mixolydian,F locrian,"C#, B, F#",3,9.79,common_tone,False,False
A mixolydian,F harmonic_minor,"C#, E, G",3,9.79,common_tone,False,False
A mixolydian,F melodic_minor,"D, E, G",3,9.79,common_tone,False,False
A mixolydian,F# major,"C#, B, F#",3,6.79,common_tone,False,False
A mixolydian,F# minor,"C#, D, E, F#, A, B",6,5.07,common_tone,False,False
A mixolydian,F# dorian,"C#, E, F#, A, B",5,5.64,common_tone,False,False
A mixolydian,F# phrygian,"C#, D, E, F#, G, A, B",7,4.5,common_tone,False,False
A mixolydian,F# lydian,"C#, F#",2,7.36,distant_modulation,False,False
A mixolydian,F# mixolydian,"C#, B, E, F#",4,4.71,closely_related,False,False
A mixolydian,F# locrian,"D, E, F#, G, A, B",6,5.07,common_tone,False,False
A mixolydian,F# harmonic_minor,"C#, D, F#, A, B",5,5.64,common_tone,False,False
A mixolydian,F# melodic_minor,"C#, B, F#, A",4,6.21,common_tone,False,False
A mixolydian,G major,"D, E, F#, G, A, B",6,3.57,common_tone,False,False
A mixolydian,G minor,"A, D, G",3,5.29,common_tone,False,False
A mixolydian,G dorian,"A, D, E, G",4,4.71,common_tone,False,False
A mixolydian,G phrygian,"D, G",2,5.86,nearby_key,False,False
A mixolydian,G lydian,"C#, D, E, F#, G, A, B",7,3.0,common_tone,False,False
A mixolydian,G mixolydian,"D, E, G, A, B",5,3.14,closely_related,False,False
A mixolydian,G locrian,"C#, G",2,5.86,nearby_key,False,False
A mixolydian,G harmonic_minor,"A, D, F#, G",4,4.71,common_tone,False,False
A mixolydian,G melodic_minor,"D, E, F#, G, A",5,4.14,common_tone,False,False
A mixolydian,G# major,"C#, G",2,7.36,nearby_key,False,False
A mixolydian,G# minor,"C#, B, E, F#",4,4.71,common_tone,False,False
A mixolydian,G# dorian,"C#, B, F#",3,6.79,common_tone,False,False
A mixolydian,G# phrygian,"C#, E, F#, A, B",5,2.64,common_tone,False,False
A mixolydian,G# lydian,"D, G",2,7.36,nearby_key,False,False
A mixolydian,G# mixolydian,"C#, F#",2,6.86,nearby_key,False,False
A mixolydian,G# locrian,"C#, D, E, F#, A, B",6,2.07,common_tone,False,False
A mixolydian,G# harmonic_minor,"C#, B, E, G",4,4.71,common_tone,False,False
A mixolydian,G# melodic_minor,"C#, B, G",3,6.79,common_tone,False,False
A mixolydian,A major,"C#, D, E, F#, A, B",6,0.57,common_tone,False,False
A mixolydian,A minor,"D, E, G, A, B",5,1.14,common_tone,False,False
A mixolydian,A dorian,"D, E, F#, G, A, B",6,0.57,common_tone,False,False
A mixolydian,A phrygian,"A, D, E, G",4,1.71,common_tone,False,False
A mixolydian,A lydian,"C#, E, F#, A, B",5,1.14,common_tone,False,False
A mixolydian,A locrian,"A, D, G",3,3.79,common_tone,False,False
A mixolydian,A harmonic_minor,"A, D, B, E",4,1.71,common_tone,False,False
A mixolydian,A melodic_minor,"D, E, F#, A, B",5,1.14,common_tone,False,False
A mixolydian,A# major,"A, D, G",3,5.29,common_tone,False,False
A mixolydian,A# minor,"C#, F#",2,7.36,nearby_key,False,False
A mixolydian,A# dorian,"C#, G",2,7.36,nearby_key,False,False
A mixolydian,A# phrygian,"C#, B, F#",3,6.79,common_tone,False,False
A mixolydian,A# lydian,"A, D, E, G",4,3.21,common_tone,False,False
A mixolydian,A# mixolydian,"D, G",2,6.86,nearby_key,False,False
A mixolydian,A# locrian,"C#, B, E, F#",4,4.71,common_tone,False,False
A mixolydian,A# harmonic_minor,"C#, F#, A",3,5.29,common_tone,False,False
A mixolydian,A# melodic_minor,"C#, A, G",3,5.29,common_tone,False,False
A mixolydian,B major,"C#, B, E, F#",4,4.71,common_tone,False,False
A mixolydian,B minor,"C#, D, E, F#, G, A, B",7,3.0,common_tone,False,False
A mixolydian,B dorian,"C#, D, E, F#, A, B",6,3.57,common_tone,False,False
A mixolydian,B phrygian,"D, E, F#, G, A, B",6,3.57,common_tone,False,False
A mixolydian,B lydian,"C#, B, F#",3,5.29,common_tone,False,False
A mixolydian,B mixolydian,"C#, E, F#, A, B",5,3.14,closely_related,False,False
A mixolydian,B locrian,"D, E, G, A, B",5,4.14,common_tone,False,False
A mixolydian,B harmonic_minor,"C#, D, E, F#, G, B",6,3.57,common_tone,False,False
A mixolydian,B melodic_minor,"C#, D, E, F#, B",5,4.14,common_tone,False,False
A locrian,C major,"C, D, F, G, A",5,5.64,common_tone,False,False
A locrian,C minor,"C, D, D#, F, G, A#",6,5.07,common_tone,False,False
A locrian,C dorian,"C, D, D#, F, G, A, A#",7,4.5,common_tone,False,False
A locrian,C phrygian,"C, D#, F, G, A#",5,5.64,common_tone,False,False
A locrian,C lydian,"C, A, D, G",4,6.21,common_tone,False,False
A locrian,C mixolydian,"C, D, F, G, A, A#",6,5.07,common_tone,False,False
A locrian,C locrian,"C, A#, D#, F",4,4.71,closely_related,False,False
A locrian,C harmonic_minor,"C, D, D#, F, G",5,5.64,common_tone,False,False
A locrian,C melodic_minor,"C, D, D#, F, G, A",6,5.07,common_tone,False,False
A locrian,C# major,"C, A#, D#, F",4,9.21,common_tone,False,False
A locrian,C# minor,"A, D#",2,8.86,distant_modulation,False,False
A locrian,C# dorian,"A#, D#",2,10.36,distant_modulation,False,False
A locrian,C# phrygian,"A, D",2,10.36,distant_modulation,False,False
A locrian,C# lydian,"C, D#, F, G, A#",5,8.64,common_tone,False,False
A locrian,C# mixolydian,"A#, D#, F",3,9.79,common_tone,False,False
A locrian,C# locrian,"A, D, G",3,6.29,common_tone,False,False
A locrian,C# harmonic_minor,"C, A, D#",3,8.29,common_tone,False,False
A locrian,C# melodic_minor,"C, A#, D#",3,9.79,common_tone,False,False
A locrian,D major,"A, D, G",3,9.79,common_tone,False,False
A locrian,D minor,"C, D, F, G, A, A#",6,8.07,common_tone,False,False
A locrian,D dorian,"C, D, F, G, A",5,8.64,common_tone,False,False
A locrian,D phrygian,"C, D, D#, F, G, A, A#",7,7.5,common_tone,False,False
A locrian,D lydian,"A, D",2,10.36,distant_modulation,False,False
A locrian,D mixolydian,"C, A, D, G",4,9.21,common_tone,False,False
A locrian,D locrian,"C, D, D#, F, G, A#",6,5.57,diatonic_common_tone,False,False
A locrian,D harmonic_minor,"D, F, G, A, A#",5,8.64,common_tone,False,False
A locrian,D melodic_minor,"A, D, F, G",4,9.21,common_tone,False,False
A locrian,D# major,"C, D, D#, F, G, A#",6,9.57,common_tone,False,False
A locrian,D# minor,"A#, D#, F",3,11.29,common_tone,False,False
A locrian,D# dorian,"C, A#, D#, F",4,10.71,common_tone,False,False
A locrian,D# phrygian,"A#, D#",2,11.86,distant_modulation,False,False
A locrian,D# lydian,"C, D, D#, F, G, A, A#",7,9.0,common_tone,False,False
A locrian,D# mixolydian,"C, D#, F, G, A#",5,10.14,common_tone,False,False
A locrian,D# locrian,"A, D#",2,8.86,distant_modulation,False,False
A locrian,D# harmonic_minor,"A#, D, D#, F",4,10.71,common_tone,False,False
A locrian,D# melodic_minor,"C, D, D#, F, A#",5,10.14,common_tone,False,False
A locrian,E major,"A, D#",2,10.36,distant_modulation,False,False
A locrian,E minor,"C, A, D, G",4,10.71,common_tone,False,False
A locrian,E dorian,"A, D, G",3,11.29,common_tone,False,False
A locrian,E phrygian,"C, D, F, G, A",5,10.14,common_tone,False,False
A locrian,E lydian,"A#, D#",2,11.86,distant_modulation,False,False
A locrian,E mixolydian,"A, D",2,11.86,distant_modulation,False,False
A locrian,E locrian,"C, D, F, G, A, A#",6,5.57,diatonic_common_tone,False,False
A locrian,E harmonic_minor,"C, A, D#, G",4,9.21,common_tone,False,False
A locrian,E melodic_minor,"A, D#, G",3,9.79,common_tone,False,False
A locrian,F major,"C, D, F, G, A, A#",6,6.57,common_tone,False,False
A locrian,F minor,"C, D#, F, G, A#",5,7.14,common_tone,False,False
A locrian,F dorian,"C, D, D#, F, G, A#",6,6.57,common_tone,False,False
A locrian,F phrygian,"C, A#, D#, F",4,7.71,common_tone,False,False
A locrian,F lydian,"C, D, F, G, A",5,7.14,common_tone,False,False
A locrian,F mixolydian,"C, D, D#, F, G, A, A#",7,6.0,common_tone,False,False
A locrian,F locrian,"A#, D#, F",3,6.29,common_tone,False,False
A locrian,F harmonic_minor,"C, A#, F, G",4,7.71,common_tone,False,False
A locrian,F melodic_minor,"C, D, F, G, A#",5,7.14,common_tone,False,False
A locrian,F# major,"A#, D#, F",3,8.29,common_tone,False,False
A locrian,F# minor,"A, D",2,8.86,distant_modulation,False,False
A locrian,F# dorian,"A, D#",2,7.36,distant_modulation,False,False
A locrian,F# phrygian,"A, D, G",3,8.29,common_tone,False,False
A locrian,F# lydian,"C, A#, D#, F",4,7.71,common_tone,False,False
A locrian,F# mixolydian,"A#, D#",2,8.86,distant_modulation,False,False
A locrian,F# locrian,"C, A, D, G",4,4.71,closely_related,False,False
A locrian,F# harmonic_minor,"A, D, F",3,8.29,common_tone,False,False
A locrian,F# melodic_minor,"A, D#, F",3,6.79,common_tone,False,False
A locrian,G major,"C, A, D, G",4,4.71,common_tone,False,False
A locrian,G minor,"C, D, D#, F, G, A, A#",7,3.0,common_tone,False,False
A locrian,G dorian,"C, D, F, G, A, A#",6,3.57,common_tone,False,False
A locrian,G phrygian,"C, D, D#, F, G, A#",6,3.57,common_tone,False,False
A locrian,G lydian,"A, D, G",3,5.29,common_tone,False,False
A locrian,G mixolydian,"C, D, F, G, A",5,4.14,common_tone,False,False
A locrian,G locrian,"C, D#, F, G, A#",5,3.14,closely_related,False,False
A locrian,G harmonic_minor,"C, D, D#, G, A, A#",6,3.57,common_tone,False,False
A locrian,G melodic_minor,"C, D, G, A, A#",5,4.14,common_tone,False,False
A locrian,G# major,"C, D#, F, G, A#",5,4.14,common_tone,False,False
A locrian,G# minor,"A#, D#",2,5.86,nearby_key,False,False
A locrian,G# dorian,"A#, D#, F",3,5.29,common_tone,False,False
A locrian,G# phrygian,"A, D#",2,4.36,nearby_key,False,False
A locrian,G# lydian,"C, D, D#, F, G, A#",6,3.57,common_tone,False,False
A locrian,G# mixolydian,"C, A#, D#, F",4,4.71,common_tone,False,False
A locrian,G# locrian,"A, D",2,3.86,nearby_key,False,False
A locrian,G# harmonic_minor,"A#, D#, G",3,5.29,common_tone,False,False
A locrian,G# melodic_minor,"A#, D#, F, G",4,4.71,common_tone,False,False
A locrian,A major,"A, D",2,4.36,nearby_key,False,False
A locrian,A minor,"C, D, F, G, A",5,2.64,common_tone,False,False
A locrian,A dorian,"C, A, D, G",4,3.21,common_tone,False,False
A locrian,A phrygian,"C, D, F, G, A, A#",6,2.07,common_tone,False,False
A locrian,A lydian,"A, D#",2,2.86,nearby_key,False,False
A locrian,A mixolydian,"A, D, G",3,3.79,common_tone,False,False
A locrian,A harmonic_minor,"C, A, D, F",4,3.21,common_tone,False,False
A locrian,A melodic_minor,"C, A, D",3,3.79,common_tone,False,False
A locrian,A# major,"C, D, D#, F, G, A, A#",7,1.5,common_tone,False,False
A locrian,A# minor,"C, A#, D#, F",4,3.21,common_tone,False,False
A locrian,A# dorian,"C, D#, F, G, A#",5,2.64,common_tone,False,False
A locrian,A# phrygian,"A#, D#, F",3,3.79,common_tone,False,False
A locrian,A# lydian,"C, D, F, G, A, A#",6,2.07,common_tone,False,False
A locrian,A# mixolydian,"C, D, D#, F, G, A#",6,2.07,common_tone,False,False
A locrian,A# locrian,"A#, D#",2,3.86,nearby_key,False,False
A locrian,A# harmonic_minor,"C, D#, F, A, A#",5,2.64,common_tone,False,False
A locrian,A# melodic_minor,"C, D#, F, G, A, A#",6,2.07,common_tone,False,False
A locrian,B major,"A#, D#",2,7.36,nearby_key,False,False
A locrian,B minor,"A, D, G",3,6.79,common_tone,False,False
A locrian,B dorian,"A, D",2,7.36,nearby_key,False,False
A locrian,B phrygian,"C, A, D, G",4,6.21,common_tone,False,False
A locrian,B lydian,"A#, D#, F",3,6.79,common_tone,False,False
A locrian,B mixolydian,"A, D#",2,5.86,nearby_key,False,False
A locrian,B locrian,"C, D, F, G, A",5,3.14,closely_related,False,False
A locrian,B harmonic_minor,"D, A#, G",3,8.29,common_tone,False,False
A locrian,B melodic_minor,"D, A#",2,8.86,nearby_key,False,False
A harmonic_minor,C major,"C, D, E, F, A, B",6,5.07,common_tone,False,False
A harmonic_minor,C minor,"C, G#, D, F",4,7.71,common_tone,False,False
A harmonic_minor,C dorian,"C, A, D, F",4,6.21,common_tone,False,False
A harmonic_minor,C phrygian,"C, G#, F",3,8.29,common_tone,False,False
A harmonic_minor,C lydian,"C, D, E, A, B",5,5.64,common_tone,False,False
A harmonic_minor,C mixolydian,"C, D, E, F, A",5,5.64,common_tone,False,False
A harmonic_minor,C locrian,"C, G#, F",3,8.29,common_tone,False,False
A harmonic_minor,C harmonic_minor,"C, D, F, G#, B",5,5.64,closely_related,False,False
A harmonic_minor,C melodic_minor,"C, D, F, A, B",5,5.64,common_tone,False,False
A harmonic_minor,C# major,"C, G#, F",3,9.79,common_tone,False,False
A harmonic_minor,C# minor,"G#, A, B, E",4,7.71,common_tone,False,False
A harmonic_minor,C# dorian,"G#, B, E",3,8.29,common_tone,False,False
A harmonic_minor,C# phrygian,"D, E, G#, A, B",5,7.14,common_tone,False,False
A harmonic_minor,C# lydian,"C, G#, F",3,9.79,common_tone,False,False
A harmonic_minor,C# mixolydian,"G#, B, F",3,9.79,common_tone,False,False
A harmonic_minor,C# locrian,"A, D, B, E",4,7.71,common_tone,False,False
A harmonic_minor,C# harmonic_minor,"C, G#, E, A",4,5.71,closely_related,False,False
A harmonic_minor,C# melodic_minor,"C, G#, E",3,8.29,common_tone,False,False
A harmonic_minor,D major,"A, D, B, E",4,9.21,common_tone,False,False
A harmonic_minor,D minor,"C, D, E, F, A",5,8.64,common_tone,False,False
A harmonic_minor,D dorian,"C, D, E, F, A, B",6,8.07,common_tone,False,False
A harmonic_minor,D phrygian,"C, A, D, F",4,9.21,common_tone,False,False
A harmonic_minor,D lydian,"D, E, G#, A, B",5,8.64,common_tone,False,False
A harmonic_minor,D mixolydian,"C, D, E, A, B",5,8.64,common_tone,False,False
A harmonic_minor,D locrian,"C, G#, D, F",4,9.21,common_tone,False,False
A harmonic_minor,D harmonic_minor,"A, D, E, F",4,6.71,closely_related,False,False
A harmonic_minor,D melodic_minor,"D, E, F, A, B",5,8.64,common_tone,False,False
A harmonic_minor,D# major,"C, G#, D, F",4,13.71,common_tone,False,False
A harmonic_minor,D# minor,"G#, B, F",3,14.29,common_tone,False,False
A harmonic_minor,D# dorian,"C, G#, F",3,14.29,common_tone,False,False
A harmonic_minor,D# phrygian,"G#, B, E",3,12.79,common_tone,False,False
A harmonic_minor,D# lydian,"C, A, D, F",4,12.21,common_tone,False,False
A harmonic_minor,D# mixolydian,"C, G#, F",3,14.29,common_tone,False,False
A harmonic_minor,D# locrian,"G#, A, B, E",4,10.71,common_tone,False,False
A harmonic_minor,D# harmonic_minor,"G#, D, B, F",4,10.71,closely_related,False,False
A harmonic_minor,D# melodic_minor,"C, G#, D, F",4,13.71,common_tone,False,False
A harmonic_minor,E major,"G#, A, B, E",4,9.21,common_tone,False,False
A harmonic_minor,E minor,"C, D, E, A, B",5,8.64,common_tone,False,False
A harmonic_minor,E dorian,"A, D, B, E",4,9.21,common_tone,False,False
A harmonic_minor,E phrygian,"C, D, E, F, A, B",6,8.07,common_tone,False,False
A harmonic_minor,E lydian,"G#, B, E",3,9.79,common_tone,False,False
A harmonic_minor,E mixolydian,"D, E, G#, A, B",5,8.64,common_tone,False,False
A harmonic_minor,E locrian,"C, D, E, F, A",5,8.64,common_tone,False,False
A harmonic_minor,E harmonic_minor,"C, A, B, E",4,6.71,closely_related,False,False
A harmonic_minor,E melodic_minor,"A, B, E",3,9.79,common_tone,False,False
A harmonic_minor,F major,"C, D, E, F, A",5,7.14,common_tone,False,False
A harmonic_minor,F minor,"C, G#, F",3,8.29,common_tone,False,False
A harmonic_minor,F dorian,"C, G#, D, F",4,7.71,common_tone,False,False
A harmonic_minor,F phrygian,"C, G#, F",3,8.29,common_tone,False,False
A harmonic_minor,F lydian,"C, D, E, F, A, B",6,6.57,common_tone,False,False
A harmonic_minor,F mixolydian,"C, A, D, F",4,7.71,common_tone,False,False
A harmonic_minor,F locrian,"G#, B, F",3,8.29,common_tone,False,False
A harmonic_minor,F harmonic_minor,"C, G#, E, F",4,5.71,closely_related,False,False
A harmonic_minor,F melodic_minor,"C, D, E, F, G#",5,7.14,common_tone,False,False
A harmonic_minor,F# major,"G#, B, F",3,9.79,common_tone,False,False
A harmonic_minor,F# minor,"D, E, G#, A, B",5,5.64,common_tone,False,False
A harmonic_minor,F# dorian,"G#, A, B, E",4,6.21,common_tone,False,False
A harmonic_minor,F# phrygian,"A, D, B, E",4,6.21,common_tone,False,False
A harmonic_minor,F# lydian,"C, G#, F",3,9.79,common_tone,False,False
A harmonic_minor,F# mixolydian,"G#, B, E",3,8.29,common_tone,False,False
A harmonic_minor,F# locrian,"C, D, E, A, B",5,5.64,common_tone,False,False
A harmonic_minor,F# harmonic_minor,"D, F, G#, A, B",5,5.64,closely_related,False,False
A harmonic_minor,F# melodic_minor,"G#, A, B, F",4,7.71,common_tone,False,False
A harmonic_minor,G major,"C, D, E, A, B",5,4.14,common_tone,False,False
A harmonic_minor,G minor,"C, A, D, F",4,4.71,common_tone,False,False
A harmonic_minor,G dorian,"C, D, E, F, A",5,4.14,common_tone,False,False
A harmonic_minor,G phrygian,"C, G#, D, F",4,6.21,common_tone,False,False
A harmonic_minor,G lydian,"A, D, B, E",4,4.71,common_tone,False,False
A harmonic_minor,G mixolydian,"C, D, E, F, A, B",6,3.57,common_tone,False,False
A harmonic_minor,G locrian,"C, G#, F",3,8.29,common_tone,False,False
A harmonic_minor,G harmonic_minor,"C, A, D",3,4.29,common_tone,False,False
A harmonic_minor,G melodic_minor,"C, A, D, E",4,4.71,common_tone,False,False
A harmonic_minor,G# major,"C, G#, F",3,5.29,common_tone,False,False
A harmonic_minor,G# minor,"G#, B, E",3,3.79,common_tone,False,False
A harmonic_minor,G# dorian,"G#, B, F",3,5.29,common_tone,False,False
A harmonic_minor,G# phrygian,"G#, A, B, E",4,3.21,common_tone,False,False
A harmonic_minor,G# lydian,"C, G#, D, F",4,4.71,common_tone,False,False
A harmonic_minor,G# mixolydian,"C, G#, F",3,5.29,common_tone,False,False
A harmonic_minor,G# locrian,"D, E, G#, A, B",5,2.64,common_tone,False,False
A harmonic_minor,G# harmonic_minor,"G#, B, E",3,3.29,common_tone,False,False
A harmonic_minor,G# melodic_minor,"G#, B, F",3,5.29,common_tone,False,False
A harmonic_minor,A major,"D, E, G#, A, B",5,1.14,common_tone,False,False
A harmonic_minor,A minor,"C, D, E, F, A, B",6,0.57,common_tone,False,False
A harmonic_minor,A dorian,"C, D, E, A, B",5,1.14,common_tone,False,False
A harmonic_minor,A phrygian,"C, D, E, F, A",5,1.14,common_tone,False,False
A harmonic_minor,A lydian,"G#, A, B, E",4,1.71,common_tone,False,False
A harmonic_minor,A mixolydian,"A, D, B, E",4,1.71,common_tone,False,False
A harmonic_minor,A locrian,"C, A, D, F",4,3.21,common_tone,False,False
A harmonic_minor,A melodic_minor,"C, D, E, G#, A, B",6,0.57,common_tone,False,False
A harmonic_minor,A# major,"C, A, D, F",4,3.21,common_tone,False,False
A harmonic_minor,A# minor,"C, G#, F",3,5.29,common_tone,False,False
A harmonic_minor,A# dorian,"C, G#, F",3,5.29,common_tone,False,False
A harmonic_minor,A# phrygian,"G#, B, F",3,5.29,common_tone,False,False
A harmonic_minor,A# lydian,"C, D, E, F, A",5,2.64,common_tone,False,False
A harmonic_minor,A# mixolydian,"C, G#, D, F",4,4.71,common_tone,False,False
A harmonic_minor,A# locrian,"G#, B, E",3,5.29,common_tone,False,False
A harmonic_minor,A# harmonic_minor,"C, A, F",3,3.29,common_tone,False,False
A harmonic_minor,A# melodic_minor,"C, A, F",3,3.79,common_tone,False,False
A harmonic_minor,B major,"G#, B, E",3,5.29,common_tone,False,False
A harmonic_minor,B minor,"A, D, B, E",4,4.71,common_tone,False,False
A harmonic_minor,B dorian,"D, E, G#, A, B",5,4.14,common_tone,False,False
A harmonic_minor,B phrygian,"C, D, E, A, B",5,4.14,common_tone,False,False
A harmonic_minor,B lydian,"G#, B, F",3,6.79,common_tone,False,False
A harmonic_minor,B mixolydian,"G#, A, B, E",4,4.71,common_tone,False,False
A harmonic_minor,B locrian,"C, D, E, F, A, B",6,3.57,common_tone,False,False
A harmonic_minor,B harmonic_minor,"D, B, E",3,4.29,common_tone,False,False
A harmonic_minor,B melodic_minor,"G#, D, B, E",4,4.71,common_tone,False,False
A melodic_minor,C major,"C, D, E, A, B",5,5.64,common_tone,False,False
A melodic_minor,C minor,"C, G#, D",3,8.29,common_tone,False,False
A melodic_minor,C dorian,"C, A, D",3,6.79,common_tone,False,False
A melodic_minor,C phrygian,"C, G#",2,8.86,distant_modulation,False,False
A melodic_minor,C lydian,"C, D, E, F#, A, B",6,5.07,common_tone,False,False
A melodic_minor,C mixolydian,"C, A, D, E",4,6.21,common_tone,False,False
A melodic_minor,C locrian,"C, G#, F#",3,6.79,common_tone,False,False
A melodic_minor,C harmonic_minor,"C, G#, D, B",4,7.71,common_tone,False,False
A melodic_minor,C melodic_minor,"C, A, D, B",4,4.71,closely_related,False,False
A melodic_minor,C# major,"C, G#, F#",3,9.79,common_tone,False,False
A melodic_minor,C# minor,"E, F#, G#, A, B",5,7.14,common_tone,False,False
A melodic_minor,C# dorian,"G#, B, E, F#",4,7.71,common_tone,False,False
A melodic_minor,C# phrygian,"D, E, F#, G#, A, B",6,6.57,common_tone,False,False
A melodic_minor,C# lydian,"C, G#",2,10.36,distant_modulation,False,False
A melodic_minor,C# mixolydian,"G#, B, F#",3,9.79,common_tone,False,False
A melodic_minor,C# locrian,"D, E, F#, A, B",5,7.14,common_tone,False,False
A melodic_minor,C# harmonic_minor,"C, E, F#, G#, A",5,7.14,common_tone,False,False
A melodic_minor,C# melodic_minor,"C, G#, E, F#",4,5.71,closely_related,False,False
A melodic_minor,D major,"D, E, F#, A, B",5,8.64,common_tone,False,False
A melodic_minor,D minor,"C, A, D, E",4,9.21,common_tone,False,False
A melodic_minor,D dorian,"C, D, E, A, B",5,8.64,common_tone,False,False
A melodic_minor,D phrygian,"C, A, D",3,9.79,common_tone,False,False
A melodic_minor,D lydian,"D, E, F#, G#, A, B",6,8.07,common_tone,False,False
A melodic_minor,D mixolydian,"C, D, E, F#, A, B",6,8.07,common_tone,False,False
A melodic_minor,D locrian,"C, G#, D",3,9.79,common_tone,False,False
A melodic_minor,D harmonic_minor,"A, D, E",3,9.79,common_tone,False,False
A melodic_minor,D melodic_minor,"A, D, B, E",4,6.71,closely_related,False,False
A melodic_minor,D# major,"C, G#, D",3,14.29,common_tone,False,False
A melodic_minor,D# minor,"G#, B, F#",3,14.29,common_tone,False,False
A melodic_minor,D# dorian,"C, G#, F#",3,14.29,common_tone,False,False
A melodic_minor,D# phrygian,"G#, B, E, F#",4,12.21,common_tone,False,False
A melodic_minor,D# lydian,"C, A, D",3,12.79,common_tone,False,False
A melodic_minor,D# mixolydian,"C, G#",2,14.86,distant_modulation,False,False
A melodic_minor,D# locrian,"E, F#, G#, A, B",5,10.14,common_tone,False,False
A melodic_minor,D# harmonic_minor,"G#, D, B, F#",4,13.71,common_tone,False,False
A melodic_minor,D# melodic_minor,"C, G#, D, F#",4,10.71,closely_related,False,False
A melodic_minor,E major,"E, F#, G#, A, B",5,8.64,common_tone,False,False
A melodic_minor,E minor,"C, D, E, F#, A, B",6,8.07,common_tone,False,False
A melodic_minor,E dorian,"D, E, F#, A, B",5,8.64,common_tone,False,False
A melodic_minor,E phrygian,"C, D, E, A, B",5,8.64,common_tone,False,False
A melodic_minor,E lydian,"G#, B, E, F#",4,9.21,common_tone,False,False
A melodic_minor,E mixolydian,"D, E, F#, G#, A, B",6,8.07,common_tone,False,False
A melodic_minor,E locrian,"C, A, D, E",4,9.21,common_tone,False,False
A melodic_minor,E harmonic_minor,"C, E, F#, A, B",5,8.64,common_tone,False,False
A melodic_minor,E melodic_minor,"A, B, E, F#",4,6.71,closely_related,False,False
A melodic_minor,F major,"C, A, D, E",4,7.71,common_tone,False,False
A melodic_minor,F minor,"C, G#",2,10.36,distant_modulation,False,False
A melodic_minor,F dorian,"C, G#, D",3,9.79,common_tone,False,False
A melodic_minor,F phrygian,"C, G#, F#",3,9.79,common_tone,False,False
A melodic_minor,F lydian,"C, D, E, A, B",5,7.14,common_tone,False,False
A melodic_minor,F mixolydian,"C, A, D",3,8.29,common_tone,False,False
A melodic_minor,F locrian,"G#, B, F#",3,9.79,common_tone,False,False
A melodic_minor,F harmonic_minor,"C, G#, E",3,8.29,common_tone,False,False
A melodic_minor,F melodic_minor,"C, G#, D, E",4,5.71,closely_related,False,False
A melodic_minor,F# major,"G#, B, F#",3,8.29,common_tone,False,False
A melodic_minor,F# minor,"D, E, F#, G#, A, B",6,5.07,common_tone,False,False
A melodic_minor,F# dorian,"E, F#, G#, A, B",5,5.64,common_tone,False,False
A melodic_minor,F# phrygian,"D, E, F#, A, B",5,5.64,common_tone,False,False
A melodic_minor,F# lydian,"C, G#, F#",3,8.29,common_tone,False,False
A melodic_minor,F# mixolydian,"G#, B, E, F#",4,6.21,common_tone,False,False
A melodic_minor,F# locrian,"C, D, E, F#, A, B",6,5.07,common_tone,False,False
A melodic_minor,F# harmonic_minor,"D, F#, G#, A, B",5,5.64,common_tone,False,False
A melodic_minor,F# melodic_minor,"G#, A, B, F#",4,4.71,closely_related,False,False
A melodic_minor,G major,"C, D, E, F#, A, B",6,3.57,common_tone,False,False
A melodic_minor,G minor,"C, A, D",3,5.29,common_tone,False,False
A melodic_minor,G dorian,"C, A, D, E",4,4.71,common_tone,False,False
A melodic_minor,G phrygian,"C, G#, D",3,6.79,common_tone,False,False
A melodic_minor,G lydian,"D, E, F#, A, B",5,4.14,common_tone,False,False
A melodic_minor,G mixolydian,"C, D, E, A, B",5,4.14,common_tone,False,False
A melodic_minor,G locrian,"C, G#",2,8.86,nearby_key,False,False
A melodic_minor,G harmonic_minor,"C, A, D, F#",4,4.71,common_tone,False,False
A melodic_minor,G melodic_minor,"C, D, E, F#, A",5,3.14,closely_related,False,False
A melodic_minor,G# major,"C, G#",2,5.86,nearby_key,False,False
A melodic_minor,G# minor,"G#, B, E, F#",4,3.21,common_tone,False,False
A melodic_minor,G# dorian,"G#, B, F#",3,5.29,common_tone,False,False
A melodic_minor,G# phrygian,"E, F#, G#, A, B",5,2.64,common_tone,False,False
A melodic_minor,G# lydian,"C, G#, D",3,5.29,common_tone,False,False
A melodic_minor,G# mixolydian,"C, G#, F#",3,5.29,common_tone,False,False
A melodic_minor,G# locrian,"D, E, F#, G#, A, B",6,2.07,common_tone,False,False
A melodic_minor,G# harmonic_minor,"G#, B, E",3,3.79,common_tone,False,False
A melodic_minor,G# melodic_minor,"G#, B",2,5.36,nearby_key,False,False
A melodic_minor,A major,"D, E, F#, G#, A, B",6,0.57,common_tone,False,False
A melodic_minor,A minor,"C, D, E, A, B",5,1.14,common_tone,False,False
A melodic_minor,A dorian,"C, D, E, F#, A, B",6,0.57,common_tone,False,False
A melodic_minor,A phrygian,"C, A, D, E",4,1.71,common_tone,False,False
A melodic_minor,A lydian,"E, F#, G#, A, B",5,1.14,common_tone,False,False
A melodic_minor,A mixolydian,"D, E, F#, A, B",5,1.14,common_tone,False,False
A melodic_minor,A locrian,"C, A, D",3,3.79,common_tone,False,False
A melodic_minor,A harmonic_minor,"C, D, E, G#, A, B",6,0.57,common_tone,False,False
A melodic_minor,A# major,"C, A, D",3,5.29,common_tone,False,False
A melodic_minor,A# minor,"C, G#, F#",3,6.79,common_tone,False,False
A melodic_minor,A# dorian,"C, G#",2,7.36,nearby_key,False,False
A melodic_minor,A# phrygian,"G#, B, F#",3,6.79,common_tone,False,False
A melodic_minor,A# lydian,"C, A, D, E",4,3.21,common_tone,False,False
A melodic_minor,A# mixolydian,"C, G#, D",3,6.79,common_tone,False,False
A melodic_minor,A# locrian,"G#, B, E, F#",4,4.71,common_tone,False,False
A melodic_minor,A# harmonic_minor,"C, A, F#",3,5.29,common_tone,False,False
A melodic_minor,A# melodic_minor,"C, A",2,5.36,nearby_key,False,False
A melodic_minor,B major,"G#, B, E, F#",4,4.71,common_tone,False,False
A melodic_minor,B minor,"D, E, F#, A, B",5,4.14,common_tone,False,False
A melodic_minor,B dorian,"D, E, F#, G#, A, B",6,3.57,common_tone,False,False
A melodic_minor,B phrygian,"C, D, E, F#, A, B",6,3.57,common_tone,False,False
A melodic_minor,B lydian,"G#, B, F#",3,5.29,common_tone,False,False
A melodic_minor,B mixolydian,"E, F#, G#, A, B",5,4.14,common_tone,False,False
A melodic_minor,B locrian,"C, D, E, A, B",5,4.14,common_tone,False,False
A melodic_minor,B harmonic_minor,"D, B, E, F#",4,4.71,common_tone,False,False
A melodic_minor,B melodic_minor,"D, E, F#, G#, B",5,3.14,closely_related,False,False
A# major,C major,"C, D, F, G, A",5,3.14,closely_related,False,False
A# major,C minor,"C, D, D#, F, G, A#",6,3.57,common_tone,False,False
A# major,C dorian,"C, D, D#, F, G, A, A#",7,3.0,common_tone,False,False
A# major,C phrygian,"C, D#, F, G, A#",5,4.14,common_tone,False,False
A# major,C lydian,"C, A, D, G",4,4.71,common_tone,False,False
A# major,C mixolydian,"C, D, F, G, A, A#",6,3.57,common_tone,False,False
A# major,C locrian,"C, A#, D#, F",4,4.71,common_tone,False,False
A# major,C harmonic_minor,"C, D, D#, F, G",5,4.14,common_tone,False,False
A# major,C melodic_minor,"C, D, D#, F, G, A",6,3.57,common_tone,False,False
A# major,C# major,"C, A#, D#, F",4,4.71,closely_related,False,False
A# major,C# minor,"A, D#",2,10.36,distant_modulation,False,False
A# major,C# dorian,"A#, D#",2,8.86,distant_modulation,False,False
A# major,C# phrygian,"A, D",2,10.36,distant_modulation,False,False
A# major,C# lydian,"C, D#, F, G, A#",5,5.64,common_tone,False,False
A# major,C# mixolydian,"A#, D#, F",3,6.79,common_tone,False,False
A# major,C# locrian,"A, D, G",3,8.29,common_tone,False,False
A# major,C# harmonic_minor,"C, A, D#",3,9.79,common_tone,False,False
A# major,C# melodic_minor,"C, A#, D#",3,8.29,common_tone,False,False
A# major,D major,"A, D, G",3,6.29,common_tone,False,False
A# major,D minor,"C, D, F, G, A, A#",6,6.57,common_tone,False,False
A# major,D dorian,"C, D, F, G, A",5,7.14,common_tone,False,False
A# major,D phrygian,"C, D, D#, F, G, A, A#",7,6.0,common_tone,False,False
A# major,D lydian,"A, D",2,8.86,distant_modulation,False,False
A# major,D mixolydian,"C, A, D, G",4,7.71,common_tone,False,False
A# major,D locrian,"C, D, D#, F, G, A#",6,6.57,common_tone,False,False
A# major,D harmonic_minor,"D, F, G, A, A#",5,7.14,common_tone,False,False
A# major,D melodic_minor,"A, D, F, G",4,7.71,common_tone,False,False
A# major,D# major,"C, D, D#, F, G, A#",6,5.57,diatonic_common_tone,False,False
A# major,D# minor,"A#, D#, F",3,9.79,common_tone,False,False
A# major,D# dorian,"C, A#, D#, F",4,9.21,common_tone,False,False
A# major,D# phrygian,"A#, D#",2,10.36,distant_modulation,False,False
A# major,D# lydian,"C, D, D#, F, G, A, A#",7,7.5,common_tone,False,False
A# major,D# mixolydian,"C, D#, F, G, A#",5,8.64,common_tone,False,False
A# major,D# locrian,"A, D#",2,10.36,distant_modulation,False,False
A# major,D# harmonic_minor,"A#, D, D#, F",4,9.21,common_tone,False,False
A# major,D# melodic_minor,"C, D, D#, F, A#",5,8.64,common_tone,False,False
A# major,E major,"A, D#",2,11.86,distant_modulation,False,False
A# major,E minor,"C, A, D, G",4,13.71,common_tone,False,False
A# major,E dorian,"A, D, G",3,14.29,common_tone,False,False
A# major,E phrygian,"C, D, F, G, A",5,11.64,common_tone,False,False
A# major,E lydian,"A#, D#",2,13.36,distant_modulation,False,False
A# major,E mixolydian,"A, D",2,14.86,distant_modulation,False,False
A# major,E locrian,"C, D, F, G, A, A#",6,9.57,common_tone,False,False
A# major,E harmonic_minor,"C, A, D#, G",4,13.71,common_tone,False,False
A# major,E melodic_minor,"A, D#, G",3,14.29,common_tone,False,False
A# major,F major,"C, D, F, G, A, A#",6,5.57,diatonic_common_tone,False,False
A# major,F minor,"C, D#, F, G, A#",5,8.64,common_tone,False,False
A# major,F dorian,"C, D, D#, F, G, A#",6,8.07,common_tone,False,False
A# major,F phrygian,"C, A#, D#, F",4,9.21,common_tone,False,False
A# major,F lydian,"C, D, F, G, A",5,8.64,common_tone,False,False
A# major,F mixolydian,"C, D, D#, F, G, A, A#",7,7.5,common_tone,False,False
A# major,F locrian,"A#, D#, F",3,9.79,common_tone,False,False
A# major,F harmonic_minor,"C, A#, F, G",4,9.21,common_tone,False,False
A# major,F melodic_minor,"C, D, F, G, A#",5,8.64,common_tone,False,False
A# major,F# major,"A#, D#, F",3,6.29,common_tone,False,False
A# major,F# minor,"A, D",2,11.86,distant_modulation,False,False
A# major,F# dorian,"A, D#",2,11.86,distant_modulation,False,False
A# major,F# phrygian,"A, D, G",3,11.29,common_tone,False,False
A# major,F# lydian,"C, A#, D#, F",4,7.71,common_tone,False,False
A# major,F# mixolydian,"A#, D#",2,10.36,distant_modulation,False,False
A# major,F# locrian,"C, A, D, G",4,9.21,common_tone,False,False
A# major,F# harmonic_minor,"A, D, F",3,9.79,common_tone,False,False
A# major,F# melodic_minor,"A, D#, F",3,9.79,common_tone,False,False
A# major,G major,"C, A, D, G",4,4.71,closely_related,False,False
A# major,G minor,"C, D, D#, F, G, A, A#",7,4.5,common_tone,False,False
A# major,G dorian,"C, D, F, G, A, A#",6,5.07,common_tone,False,False
A# major,G phrygian,"C, D, D#, F, G, A#",6,5.07,common_tone,False,False
A# major,G lydian,"A, D, G",3,6.79,common_tone,False,False
A# major,G mixolydian,"C, D, F, G, A",5,5.64,common_tone,False,False
A# major,G locrian,"C, D#, F, G, A#",5,5.64,common_tone,False,False
A# major,G harmonic_minor,"C, D, D#, G, A, A#",6,5.07,common_tone,False,False
A# major,G melodic_minor,"C, D, G, A, A#",5,5.64,common_tone,False,False
A# major,G# major,"C, D#, F, G, A#",5,3.14,closely_related,False,False
A# major,G# minor,"A#, D#",2,5.86,nearby_key,False,False
A# major,G# dorian,"A#, D#, F",3,5.29,common_tone,False,False
A# major,G# phrygian,"A, D#",2,7.36,nearby_key,False,False
A# major,G# lydian,"C, D, D#, F, G, A#",6,3.57,common_tone,False,False
A# major,G# mixolydian,"C, A#, D#, F",4,4.71,common_tone,False,False
A# major,G# locrian,"A, D",2,7.36,nearby_key,False,False
A# major,G# harmonic_minor,"A#, D#, G",3,5.29,common_tone,False,False
A# major,G# melodic_minor,"A#, D#, F, G",4,4.71,common_tone,False,False
A# major,A major,"A, D",2,5.36,nearby_key,False,False
A# major,A minor,"C, D, F, G, A",5,2.64,common_tone,False,False
A# major,A dorian,"C, A, D, G",4,4.71,common_tone,False,False
A# major,A phrygian,"C, D, F, G, A, A#",6,2.07,common_tone,False,False
A# major,A lydian,"A, D#",2,5.86,nearby_key,False,False
A# major,A mixolydian,"A, D, G",3,5.29,common_tone,False,False
A# major,A locrian,"C, D, D#, F, G, A, A#",7,1.5,common_tone,False,False
A# major,A harmonic_minor,"C, A, D, F",4,3.21,common_tone,False,False
A# major,A melodic_minor,"C, A, D",3,5.29,common_tone,False,False
A# major,A# minor,"C, A#, D#, F",4,1.71,common_tone,False,False
A# major,A# dorian,"C, D#, F, G, A#",5,1.14,common_tone,False,False
A# major,A# phrygian,"A#, D#, F",3,2.29,common_tone,False,False
A# major,A# lydian,"C, D, F, G, A, A#",6,0.57,common_tone,False,False
A# major,A# mixolydian,"C, D, D#, F, G, A#",6,0.57,common_tone,False,False
A# major,A# locrian,"A#, D#",2,4.36,nearby_key,False,False
A# major,A# harmonic_minor,"C, D#, F, A, A#",5,1.14,common_tone,False,False
A# major,A# melodic_minor,"C, D#, F, G, A, A#",6,0.57,common_tone,False,False
A# major,B major,"A#, D#",2,5.36,nearby_key,False,False
A# major,B minor,"A, D, G",3,6.79,common_tone,False,False
A# major,B dorian,"A, D",2,7.36,nearby_key,False,False
A# major,B phrygian,"C, A, D, G",4,6.21,common_tone,False,False
A# major,B lydian,"A#, D#, F",3,3.79,common_tone,False,False
A# major,B mixolydian,"A, D#",2,7.36,nearby_key,False,False
A# major,B locrian,"C, D, F, G, A",5,4.14,common_tone,False,False
A# major,B harmonic_minor,"D, A#, G",3,5.29,common_tone,False,False
A# major,B melodic_minor,"D, A#",2,5.86,nearby_key,False,False
A# minor,C major,"C, F",2,5.86,nearby_key,False,False
A# minor,C minor,"C, D#, F, G#, A#",5,3.14,closely_related,False,False
A# minor,C dorian,"C, A#, D#, F",4,4.71,common_tone,False,False
A# minor,C phrygian,"C, C#, D#, F, G#, A#",6,3.57,common_tone,False,False
A# minor,C lydian,"C, F#",2,7.36,nearby_key,False,False
A# minor,C mixolydian,"C, A#, F",3,5.29,common_tone,False,False
A# minor,C locrian,"C, C#, D#, F, F#, G#, A#",7,3.0,common_tone,False,False
A# minor,C harmonic_minor,"C, G#, D#, F",4,4.71,common_tone,False,False
A# minor,C melodic_minor,"C, D#, F",3,5.29,common_tone,False,False
A# minor,C# major,"C, C#, D#, F, F#, G#, A#",7,4.5,common_tone,False,False
A# minor,C# minor,"G#, C#, D#, F#",4,4.71,closely_related,False,False
A# minor,C# dorian,"C#, D#, F#, G#, A#",5,5.64,common_tone,False,False
A# minor,C# phrygian,"G#, C#, F#",3,6.79,common_tone,False,False
A# minor,C# lydian,"C, C#, D#, F, G#, A#",6,5.07,common_tone,False,False
A# minor,C# mixolydian,"C#, D#, F, F#, G#, A#",6,5.07,common_tone,False,False
A# minor,C# locrian,"C#, F#",2,8.86,distant_modulation,False,False
A# minor,C# harmonic_minor,"C, C#, D#, F#, G#",5,5.64,common_tone,False,False
A# minor,C# melodic_minor,"C, C#, D#, F#, G#, A#",6,5.07,common_tone,False,False
A# minor,D major,"C#, F#",2,11.86,distant_modulation,False,False
A# minor,D minor,"C, A#, F",3,6.29,common_tone,False,False
A# minor,D dorian,"C, F",2,10.36,distant_modulation,False,False
A# minor,D phrygian,"C, A#, D#, F",4,7.71,common_tone,False,False
A# minor,D lydian,"G#, C#, F#",3,11.29,common_tone,False,False
A# minor,D mixolydian,"C, F#",2,11.86,distant_modulation,False,False
A# minor,D locrian,"C, D#, F, G#, A#",5,7.14,common_tone,False,False
A# minor,D harmonic_minor,"C#, A#, F",3,8.29,common_tone,False,False
A# minor,D melodic_minor,"C#, F",2,10.36,distant_modulation,False,False
A# minor,D# major,"C, D#, F, G#, A#",5,8.64,common_tone,False,False
A# minor,D# minor,"C#, D#, F, F#, G#, A#",6,5.57,diatonic_common_tone,False,False
A# minor,D# dorian,"C, C#, D#, F, F#, G#, A#",7,7.5,common_tone,False,False
A# minor,D# phrygian,"C#, D#, F#, G#, A#",5,8.64,common_tone,False,False
A# minor,D# lydian,"C, A#, D#, F",4,9.21,common_tone,False,False
A# minor,D# mixolydian,"C, C#, D#, F, G#, A#",6,8.07,common_tone,False,False
A# minor,D# locrian,"G#, C#, D#, F#",4,10.71,common_tone,False,False
A# minor,D# harmonic_minor,"D#, F, F#, G#, A#",5,8.64,common_tone,False,False
A# minor,D# melodic_minor,"C, D#, F, F#, G#, A#",6,8.07,common_tone,False,False
A# minor,E major,"G#, C#, D#, F#",4,13.71,common_tone,False,False
A# minor,E minor,"C, F#",2,11.86,distant_modulation,False,False
A# minor,E dorian,"C#, F#",2,14.86,distant_modulation,False,False
A# minor,E phrygian,"C, F",2,13.36,distant_modulation,False,False
A# minor,E lydian,"C#, D#, F#, G#, A#",5,11.64,common_tone,False,False
A# minor,E mixolydian,"G#, C#, F#",3,14.29,common_tone,False,False
A# minor,E locrian,"C, A#, F",3,11.29,common_tone,False,False
A# minor,E harmonic_minor,"C, D#, F#",3,14.29,common_tone,False,False
A# minor,E melodic_minor,"C#, D#, F#",3,14.29,common_tone,False,False
A# minor,F major,"C, A#, F",3,9.79,common_tone,False,False
A# minor,F minor,"C, C#, D#, F, G#, A#",6,5.57,diatonic_common_tone,False,False
A# minor,F dorian,"C, D#, F, G#, A#",5,8.64,common_tone,False,False
A# minor,F phrygian,"C, C#, D#, F, F#, G#, A#",7,7.5,common_tone,False,False
A# minor,F lydian,"C, F",2,10.36,distant_modulation,False,False
A# minor,F mixolydian,"C, A#, D#, F",4,9.21,common_tone,False,False
A# minor,F locrian,"C#, D#, F, F#, G#, A#",6,8.07,common_tone,False,False
A# minor,F harmonic_minor,"C, C#, F, G#, A#",5,8.64,common_tone,False,False
A# minor,F melodic_minor,"C, G#, A#, F",4,9.21,common_tone,False,False
A# minor,F# major,"C#, D#, F, F#, G#, A#",6,6.57,common_tone,False,False
A# minor,F# minor,"G#, C#, F#",3,6.29,common_tone,False,False
A# minor,F# dorian,"G#, C#, D#, F#",4,7.71,common_tone,False,False
A# minor,F# phrygian,"C#, F#",2,8.86,distant_modulation,False,False
A# minor,F# lydian,"C, C#, D#, F, F#, G#, A#",7,6.0,common_tone,False,False
A# minor,F# mixolydian,"C#, D#, F#, G#, A#",5,7.14,common_tone,False,False
A# minor,F# locrian,"C, F#",2,8.86,distant_modulation,False,False
A# minor,F# harmonic_minor,"G#, C#, F, F#",4,7.71,common_tone,False,False
A# minor,F# melodic_minor,"C#, D#, F, F#, G#",5,7.14,common_tone,False,False
A# minor,G major,"C, F#",2,10.36,distant_modulation,False,False
A# minor,G minor,"C, A#, D#, F",4,4.71,closely_related,False,False
A# minor,G dorian,"C, A#, F",3,6.79,common_tone,False,False
A# minor,G phrygian,"C, D#, F, G#, A#",5,5.64,common_tone,False,False
A# minor,G lydian,"C#, F#",2,10.36,distant_modulation,False,False
A# minor,G mixolydian,"C, F",2,8.86,distant_modulation,False,False
A# minor,G locrian,"C, C#, D#, F, G#, A#",6,5.07,common_tone,False,False
A# minor,G harmonic_minor,"C, A#, D#, F#",4,7.71,common_tone,False,False
A# minor,G melodic_minor,"C, A#, F#",3,8.29,common_tone,False,False
A# minor,G# major,"C, C#, D#, F, G#, A#",6,3.57,common_tone,False,False
A# minor,G# minor,"C#, D#, F#, G#, A#",5,3.14,closely_related,False,False
A# minor,G# dorian,"C#, D#, F, F#, G#, A#",6,3.57,common_tone,False,False
A# minor,G# phrygian,"G#, C#, D#, F#",4,4.71,common_tone,False,False
A# minor,G# lydian,"C, D#, F, G#, A#",5,4.14,common_tone,False,False
A# minor,G# mixolydian,"C, C#, D#, F, F#, G#, A#",7,3.0,common_tone,False,False
A# minor,G# locrian,"G#, C#, F#",3,6.79,common_tone,False,False
A# minor,G# harmonic_minor,"G#, C#, A#, D#",4,4.71,common_tone,False,False
A# minor,G# melodic_minor,"C#, D#, F, G#, A#",5,4.14,common_tone,False,False
A# minor,A major,"G#, C#, F#",3,6.79,common_tone,False,False
A# minor,A minor,"C, F",2,5.36,nearby_key,False,False
A# minor,A dorian,"C, F#",2,7.36,nearby_key,False,False
A# minor,A phrygian,"C, A#, F",3,3.79,common_tone,False,False
A# minor,A lydian,"G#, C#, D#, F#",4,6.21,common_tone,False,False
A# minor,A mixolydian,"C#, F#",2,7.36,nearby_key,False,False
A# minor,A locrian,"C, A#, D#, F",4,3.21,common_tone,False,False
A# minor,A harmonic_minor,"C, G#, F",3,5.29,common_tone,False,False
A# minor,A melodic_minor,"C, G#, F#",3,6.79,common_tone,False,False
A# minor,A# major,"C, A#, D#, F",4,1.71,common_tone,False,False
A# minor,A# dorian,"C, C#, D#, F, G#, A#",6,0.57,common_tone,False,False
A# minor,A# phrygian,"C#, D#, F, F#, G#, A#",6,0.57,common_tone,False,False
A# minor,A# lydian,"C, A#, F",3,2.29,common_tone,False,False
A# minor,A# mixolydian,"C, D#, F, G#, A#",5,1.14,common_tone,False,False
A# minor,A# locrian,"C#, D#, F#, G#, A#",5,2.64,common_tone,False,False
A# minor,A# harmonic_minor,"C, C#, D#, F, F#, A#",6,0.57,common_tone,False,False
A# minor,A# melodic_minor,"C, C#, D#, F, A#",5,1.14,common_tone,False,False
A# minor,B major,"C#, D#, F#, G#, A#",5,2.64,common_tone,False,False
A# minor,B minor,"C#, F#",2,5.36,nearby_key,False,False
A# minor,B dorian,"G#, C#, F#",3,5.29,common_tone,False,False
A# minor,B phrygian,"C, F#",2,5.86,nearby_key,False,False
A# minor,B lydian,"C#, D#, F, F#, G#, A#",6,2.07,common_tone,False,False
A# minor,B mixolydian,"G#, C#, D#, F#",4,4.71,common_tone,False,False
A# minor,B locrian,"C, F",2,5.86,nearby_key,False,False
A# minor,B harmonic_minor,"C#, A#, F#",3,3.79,common_tone,False,False
A# minor,B melodic_minor,"G#, C#, A#, F#",4,3.21,common_tone,False,False
A# dorian,C major,"C, F, G",3,5.29,common_tone,False,False
A# dorian,C minor,"C, D#, F, G, G#, A#",6,3.57,common_tone,False,False
A# dorian,C dorian,"C, D#, F, G, A#",5,3.14,closely_related,False,False
A# dorian,C phrygian,"C, C#, D#, F, G, G#, A#",7,3.0,common_tone,False,False
A# dorian,C lydian,"C, G",2,5.86,nearby_key,False,False
A# dorian,C mixolydian,"C, A#, F, G",4,4.71,common_tone,False,False
A# dorian,C locrian,"C, C#, D#, F, G#, A#",6,3.57,common_tone,False,False
A# dorian,C harmonic_minor,"C, D#, F, G, G#",5,4.14,common_tone,False,False
A# dorian,C melodic_minor,"C, D#, F, G",4,4.71,common_tone,False,False
A# dorian,C# major,"C, C#, D#, F, G#, A#",6,5.07,common_tone,False,False
A# dorian,C# minor,"G#, C#, D#",3,6.79,common_tone,False,False
A# dorian,C# dorian,"G#, C#, A#, D#",4,4.71,closely_related,False,False
A# dorian,C# phrygian,"G#, C#",2,7.36,distant_modulation,False,False
A# dorian,C# lydian,"C, C#, D#, F, G, G#, A#",7,4.5,common_tone,False,False
A# dorian,C# mixolydian,"C#, D#, F, G#, A#",5,5.64,common_tone,False,False
A# dorian,C# locrian,"C#, G",2,7.36,distant_modulation,False,False
A# dorian,C# harmonic_minor,"C, C#, D#, G#",4,6.21,common_tone,False,False
A# dorian,C# melodic_minor,"C, C#, D#, G#, A#",5,5.64,common_tone,False,False
A# dorian,D major,"C#, G",2,11.86,distant_modulation,False,False
A# dorian,D minor,"C, A#, F, G",4,7.71,common_tone,False,False
A# dorian,D dorian,"C, F, G",3,7.79,common_tone,False,False
A# dorian,D phrygian,"C, D#, F, G, A#",5,7.14,common_tone,False,False
A# dorian,D lydian,"G#, C#",2,11.86,distant_modulation,False,False
A# dorian,D mixolydian,"C, G",2,11.86,distant_modulation,False,False
A# dorian,D locrian,"C, D#, F, G, G#, A#",6,6.57,common_tone,False,False
A# dorian,D harmonic_minor,"C#, A#, F, G",4,7.71,common_tone,False,False
A# dorian,D melodic_minor,"C#, F, G",3,9.79,common_tone,False,False
A# dorian,D# major,"C, D#, F, G, G#, A#",6,8.07,common_tone,False,False
A# dorian,D# minor,"C#, D#, F, G#, A#",5,8.64,common_tone,False,False
A# dorian,D# dorian,"C, C#, D#, F, G#, A#",6,5.57,diatonic_common_tone,False,False
A# dorian,D# phrygian,"G#, C#, A#, D#",4,9.21,common_tone,False,False
A# dorian,D# lydian,"C, D#, F, G, A#",5,8.64,common_tone,False,False
A# dorian,D# mixolydian,"C, C#, D#, F, G, G#, A#",7,7.5,common_tone,False,False
A# dorian,D# locrian,"G#, C#, D#",3,11.29,common_tone,False,False
A# dorian,D# harmonic_minor,"G#, A#, D#, F",4,9.21,common_tone,False,False
A# dorian,D# melodic_minor,"C, D#, F, G#, A#",5,8.64,common_tone,False,False
A# dorian,E major,"G#, C#, D#",3,14.29,common_tone,False,False
A# dorian,E minor,"C, G",2,14.86,distant_modulation,False,False
A# dorian,E dorian,"C#, G",2,11.86,distant_modulation,False,False
A# dorian,E phrygian,"C, F, G",3,12.79,common_tone,False,False
A# dorian,E lydian,"G#, C#, A#, D#",4,12.21,common_tone,False,False
A# dorian,E mixolydian,"G#, C#",2,14.86,distant_modulation,False,False
A# dorian,E locrian,"C, A#, F, G",4,10.71,common_tone,False,False
A# dorian,E harmonic_minor,"C, D#, G",3,14.29,common_tone,False,False
A# dorian,E melodic_minor,"C#, D#, G",3,14.29,common_tone,False,False
A# dorian,F major,"C, A#, F, G",4,9.21,common_tone,False,False
A# dorian,F minor,"C, C#, D#, F, G, G#, A#",7,7.5,common_tone,False,False
A# dorian,F dorian,"C, D#, F, G, G#, A#",6,5.57,diatonic_common_tone,False,False
A# dorian,F phrygian,"C, C#, D#, F, G#, A#",6,8.07,common_tone,False,False
A# dorian,F lydian,"C, F, G",3,9.79,common_tone,False,False
A# dorian,F mixolydian,"C, D#, F, G, A#",5,8.64,common_tone,False,False
A# dorian,F locrian,"C#, D#, F, G#, A#",5,8.64,common_tone,False,False
A# dorian,F harmonic_minor,"C, C#, F, G, G#, A#",6,8.07,common_tone,False,False
A# dorian,F melodic_minor,"C, F, G, G#, A#",5,8.64,common_tone,False,False
A# dorian,F# major,"C#, D#, F, G#, A#",5,7.14,common_tone,False,False
A# dorian,F# minor,"G#, C#",2,10.36,distant_modulation,False,False
A# dorian,F# dorian,"G#, C#, D#",3,7.79,common_tone,False,False
A# dorian,F# phrygian,"C#, G",2,10.36,distant_modulation,False,False
A# dorian,F# lydian,"C, C#, D#, F, G#, A#",6,6.57,common_tone,False,False
A# dorian,F# mixolydian,"G#, C#, A#, D#",4,7.71,common_tone,False,False
A# dorian,F# locrian,"C, G",2,10.36,distant_modulation,False,False
A# dorian,F# harmonic_minor,"G#, C#, F",3,8.29,common_tone,False,False
A# dorian,F# melodic_minor,"G#, C#, D#, F",4,7.71,common_tone,False,False
A# dorian,G major,"C, G",2,8.86,distant_modulation,False,False
A# dorian,G minor,"C, D#, F, G, A#",5,5.64,common_tone,False,False
A# dorian,G dorian,"C, A#, F, G",4,4.71,closely_related,False,False
A# dorian,G phrygian,"C, D#, F, G, G#, A#",6,5.07,common_tone,False,False
A# dorian,G lydian,"C#, G",2,8.86,distant_modulation,False,False
A# dorian,G mixolydian,"C, F, G",3,6.79,common_tone,False,False
A# dorian,G locrian,"C, C#, D#, F, G, G#, A#",7,4.5,common_tone,False,False
A# dorian,G harmonic_minor,"C, A#, D#, G",4,6.21,common_tone,False,False
A# dorian,G melodic_minor,"C, A#, G",3,6.79,common_tone,False,False
A# dorian,G# major,"C, C#, D#, F, G, G#, A#",7,3.0,common_tone,False,False
A# dorian,G# minor,"G#, C#, A#, D#",4,4.71,common_tone,False,False
A# dorian,G# dorian,"C#, D#, F, G#, A#",5,3.14,closely_related,False,False
A# dorian,G# phrygian,"G#, C#, D#",3,5.29,common_tone,False,False
A# dorian,G# lydian,"C, D#, F, G, G#, A#",6,3.57,common_tone,False,False
A# dorian,G# mixolydian,"C, C#, D#, F, G#, A#",6,3.57,common_tone,False,False
A# dorian,G# locrian,"G#, C#",2,7.36,nearby_key,False,False
A# dorian,G# harmonic_minor,"C#, D#, G, G#, A#",5,4.14,common_tone,False,False
A# dorian,G# melodic_minor,"C#, D#, F, G, G#, A#",6,3.57,common_tone,False,False
A# dorian,A major,"G#, C#",2,7.36,nearby_key,False,False
A# dorian,A minor,"C, F, G",3,5.29,common_tone,False,False
A# dorian,A dorian,"C, G",2,6.86,nearby_key,False,False
A# dorian,A phrygian,"C, A#, F, G",4,3.21,common_tone,False,False
A# dorian,A lydian,"G#, C#, D#",3,6.79,common_tone,False,False
A# dorian,A mixolydian,"C#, G",2,7.36,nearby_key,False,False
A# dorian,A locrian,"C, D#, F, G, A#",5,2.64,common_tone,False,False
A# dorian,A harmonic_minor,"C, G#, F",3,5.29,common_tone,False,False
A# dorian,A melodic_minor,"C, G#",2,7.36,nearby_key,False,False
A# dorian,A# major,"C, D#, F, G, A#",5,1.14,common_tone,False,False
A# dorian,A# minor,"C, C#, D#, F, G#, A#",6,0.57,common_tone,False,False
A# dorian,A# phrygian,"C#, D#, F, G#, A#",5,1.14,common_tone,False,False
A# dorian,A# lydian,"C, A#, F, G",4,1.71,common_tone,False,False
A# dorian,A# mixolydian,"C, D#, F, G, G#, A#",6,0.57,common_tone,False,False
A# dorian,A# locrian,"G#, C#, A#, D#",4,3.21,common_tone,False,False
A# dorian,A# harmonic_minor,"C, C#, D#, F, A#",5,1.14,common_tone,False,False
A# dorian,A# melodic_minor,"C, C#, D#, F, G, A#",6,0.57,common_tone,False,False
A# dorian,B major,"G#, C#, A#, D#",4,4.71,common_tone,False,False
A# dorian,B minor,"C#, G",2,7.36,nearby_key,False,False
A# dorian,B dorian,"G#, C#",2,6.86,nearby_key,False,False
A# dorian,B phrygian,"C, G",2,7.36,nearby_key,False,False
A# dorian,B lydian,"C#, D#, F, G#, A#",5,2.64,common_tone,False,False
A# dorian,B mixolydian,"G#, C#, D#",3,6.79,common_tone,False,False
A# dorian,B locrian,"C, F, G",3,5.29,common_tone,False,False
A# dorian,B harmonic_minor,"C#, A#, G",3,5.29,common_tone,False,False
A# dorian,B melodic_minor,"G#, C#, A#",3,5.29,common_tone,False,False
A# phrygian,C major,"B, F",2,7.36,nearby_key,False,False
A# phrygian,C minor,"G#, A#, D#, F",4,4.71,common_tone,False,False
A# phrygian,C dorian,"A#, D#, F",3,5.29,common_tone,False,False
A# phrygian,C phrygian,"C#, D#, F, G#, A#",5,3.14,closely_related,False,False
A# phrygian,C lydian,"B, F#",2,8.86,nearby_key,False,False
A# phrygian,C mixolydian,"A#, F",2,5.86,nearby_key,False,False
A# phrygian,C locrian,"C#, D#, F, F#, G#, A#",6,3.57,common_tone,False,False
A# phrygian,C harmonic_minor,"G#, B, D#, F",4,6.21,common_tone,False,False
A# phrygian,C melodic_minor,"B, D#, F",3,6.79,common_tone,False,False
A# phrygian,C# major,"C#, D#, F, F#, G#, A#",6,5.07,common_tone,False,False
A# phrygian,C# minor,"C#, D#, F#, G#, B",5,5.64,common_tone,False,False
A# phrygian,C# dorian,"C#, D#, F#, G#, A#, B",6,5.07,common_tone,False,False
A# phrygian,C# phrygian,"G#, C#, B, F#",4,4.71,closely_related,False,False
A# phrygian,C# lydian,"C#, D#, F, G#, A#",5,5.64,common_tone,False,False
A# phrygian,C# mixolydian,"C#, D#, F, F#, G#, A#, B",7,4.5,common_tone,False,False
A# phrygian,C# locrian,"C#, B, F#",3,8.29,common_tone,False,False
A# phrygian,C# harmonic_minor,"G#, C#, D#, F#",4,6.21,common_tone,False,False
A# phrygian,C# melodic_minor,"C#, D#, F#, G#, A#",5,5.64,common_tone,False,False
A# phrygian,D major,"C#, B, F#",3,11.29,common_tone,False,False
A# phrygian,D minor,"A#, F",2,8.86,distant_modulation,False,False
A# phrygian,D dorian,"B, F",2,10.36,distant_modulation,False,False
A# phrygian,D phrygian,"A#, D#, F",3,6.29,common_tone,False,False
A# phrygian,D lydian,"G#, C#, B, F#",4,10.71,common_tone,False,False
A# phrygian,D mixolydian,"B, F#",2,11.86,distant_modulation,False,False
A# phrygian,D locrian,"G#, A#, D#, F",4,7.71,common_tone,False,False
A# phrygian,D harmonic_minor,"C#, A#, F",3,8.29,common_tone,False,False
A# phrygian,D melodic_minor,"C#, B, F",3,9.79,common_tone,False,False
A# phrygian,D# major,"G#, A#, D#, F",4,9.21,common_tone,False,False
A# phrygian,D# minor,"C#, D#, F, F#, G#, A#, B",7,7.5,common_tone,False,False
A# phrygian,D# dorian,"C#, D#, F, F#, G#, A#",6,8.07,common_tone,False,False
A# phrygian,D# phrygian,"C#, D#, F#, G#, A#, B",6,5.57,diatonic_common_tone,False,False
A# phrygian,D# lydian,"A#, D#, F",3,9.79,common_tone,False,False
A# phrygian,D# mixolydian,"C#, D#, F, G#, A#",5,8.64,common_tone,False,False
A# phrygian,D# locrian,"C#, D#, F#, G#, B",5,10.14,common_tone,False,False
A# phrygian,D# harmonic_minor,"D#, F, F#, G#, A#, B",6,8.07,common_tone,False,False
A# phrygian,D# melodic_minor,"D#, F, F#, G#, A#",5,8.64,common_tone,False,False
A# phrygian,E major,"C#, D#, F#, G#, B",5,11.64,common_tone,False,False
A# phrygian,E minor,"B, F#",2,13.36,distant_modulation,False,False
A# phrygian,E dorian,"C#, B, F#",3,12.79,common_tone,False,False
A# phrygian,E phrygian,"B, F",2,8.86,distant_modulation,False,False
A# phrygian,E lydian,"C#, D#, F#, G#, A#, B",6,9.57,common_tone,False,False
A# phrygian,E mixolydian,"G#, C#, B, F#",4,12.21,common_tone,False,False
A# phrygian,E locrian,"A#, F",2,11.86,distant_modulation,False,False
A# phrygian,E harmonic_minor,"B, D#, F#",3,12.79,common_tone,False,False
A# phrygian,E melodic_minor,"B, C#, D#, F#",4,12.21,common_tone,False,False
A# phrygian,F major,"A#, F",2,10.36,distant_modulation,False,False
A# phrygian,F minor,"C#, D#, F, G#, A#",5,8.64,common_tone,False,False
A# phrygian,F dorian,"G#, A#, D#, F",4,9.21,common_tone,False,False
A# phrygian,F phrygian,"C#, D#, F, F#, G#, A#",6,5.57,diatonic_common_tone,False,False
A# phrygian,F lydian,"B, F",2,11.86,distant_modulation,False,False
A# phrygian,F mixolydian,"A#, D#, F",3,9.79,common_tone,False,False
A# phrygian,F locrian,"C#, D#, F, F#, G#, A#, B",7,7.5,common_tone,False,False
A# phrygian,F harmonic_minor,"G#, C#, A#, F",4,9.21,common_tone,False,False
A# phrygian,F melodic_minor,"G#, A#, F",3,9.79,common_tone,False,False
A# phrygian,F# major,"C#, D#, F, F#, G#, A#, B",7,6.0,common_tone,False,False
A# phrygian,F# minor,"G#, C#, B, F#",4,7.71,common_tone,False,False
A# phrygian,F# dorian,"C#, D#, F#, G#, B",5,7.14,common_tone,False,False
A# phrygian,F# phrygian,"C#, B, F#",3,6.29,common_tone,False,False
A# phrygian,F# lydian,"C#, D#, F, F#, G#, A#",6,6.57,common_tone,False,False
A# phrygian,F# mixolydian,"C#, D#, F#, G#, A#, B",6,6.57,common_tone,False,False
A# phrygian,F# locrian,"B, F#",2,10.36,distant_modulation,False,False
A# phrygian,F# harmonic_minor,"C#, F, F#, G#, B",5,7.14,common_tone,False,False
A# phrygian,F# melodic_minor,"C#, D#, F, F#, G#, B",6,6.57,common_tone,False,False
A# phrygian,G major,"B, F#",2,10.36,distant_modulation,False,False
A# phrygian,G minor,"A#, D#, F",3,6.79,common_tone,False,False
A# phrygian,G dorian,"A#, F",2,7.36,distant_modulation,False,False
A# phrygian,G phrygian,"G#, A#, D#, F",4,4.71,closely_related,False,False
A# phrygian,G lydian,"C#, B, F#",3,9.79,common_tone,False,False
A# phrygian,G mixolydian,"B, F",2,8.86,distant_modulation,False,False
A# phrygian,G locrian,"C#, D#, F, G#, A#",5,5.64,common_tone,False,False
A# phrygian,G harmonic_minor,"A#, D#, F#",3,8.29,common_tone,False,False
A# phrygian,G melodic_minor,"A#, F#",2,8.86,distant_modulation,False,False
A# phrygian,G# major,"C#, D#, F, G#, A#",5,4.14,common_tone,False,False
A# phrygian,G# minor,"C#, D#, F#, G#, A#, B",6,3.57,common_tone,False,False
A# phrygian,G# dorian,"C#, D#, F, F#, G#, A#, B",7,3.0,common_tone,False,False
A# phrygian,G# phrygian,"C#, D#, F#, G#, B",5,3.14,closely_related,False,False
A# phrygian,G# lydian,"G#, A#, D#, F",4,4.71,common_tone,False,False
A# phrygian,G# mixolydian,"C#, D#, F, F#, G#, A#",6,3.57,common_tone,False,False
A# phrygian,G# locrian,"G#, C#, B, F#",4,6.21,common_tone,False,False
A# phrygian,G# harmonic_minor,"C#, D#, G#, A#, B",5,4.14,common_tone,False,False
A# phrygian,G# melodic_minor,"C#, D#, F, G#, A#, B",6,3.57,common_tone,False,False
A# phrygian,A major,"G#, C#, B, F#",4,6.21,common_tone,False,False
A# phrygian,A minor,"B, F",2,5.86,nearby_key,False,False
A# phrygian,A dorian,"B, F#",2,7.36,nearby_key,False,False
A# phrygian,A phrygian,"A#, F",2,3.86,nearby_key,False,False
A# phrygian,A lydian,"C#, D#, F#, G#, B",5,5.64,common_tone,False,False
A# phrygian,A mixolydian,"C#, B, F#",3,6.79,common_tone,False,False
A# phrygian,A locrian,"A#, D#, F",3,3.79,common_tone,False,False
A# phrygian,A harmonic_minor,"G#, B, F",3,5.29,common_tone,False,False
A# phrygian,A melodic_minor,"G#, B, F#",3,6.79,common_tone,False,False
A# phrygian,A# major,"A#, D#, F",3,2.29,common_tone,False,False
A# phrygian,A# minor,"C#, D#, F, F#, G#, A#",6,0.57,common_tone,False,False
A# phrygian,A# dorian,"C#, D#, F, G#, A#",5,1.14,common_tone,False,False
A# phrygian,A# lydian,"A#, F",2,2.86,nearby_key,False,False
A# phrygian,A# mixolydian,"G#, A#, D#, F",4,1.71,common_tone,False,False
A# phrygian,A# locrian,"C#, D#, F#, G#, A#, B",6,2.07,common_tone,False,False
A# phrygian,A# harmonic_minor,"C#, D#, F, F#, A#",5,1.14,common_tone,False,False
A# phrygian,A# melodic_minor,"C#, A#, D#, F",4,1.71,common_tone,False,False
A# phrygian,B major,"C#, D#, F#, G#, A#, B",6,2.07,common_tone,False,False
A# phrygian,B minor,"C#, B, F#",3,3.79,common_tone,False,False
A# phrygian,B dorian,"G#, C#, B, F#",4,3.21,common_tone,False,False
A# phrygian,B phrygian,"B, F#",2,3.86,nearby_key,False,False
A# phrygian,B lydian,"C#, D#, F, F#, G#, A#, B",7,1.5,common_tone,False,False
A# phrygian,B mixolydian,"C#, D#, F#, G#, B",5,2.64,common_tone,False,False
A# phrygian,B locrian,"B, F",2,4.36,nearby_key,False,False
A# phrygian,B harmonic_minor,"C#, A#, B, F#",4,3.21,common_tone,False,False
A# phrygian,B melodic_minor,"C#, F#, G#, A#, B",5,2.64,common_tone,False,False
A# lydian,C major,"C, D, E, F, G, A",6,3.57,common_tone,False,False
A# lydian,C minor,"C, D, F, G, A#",5,4.14,common_tone,False,False
A# lydian,C dorian,"C, D, F, G, A, A#",6,3.57,common_tone,False,False
A# lydian,C phrygian,"C, A#, F, G",4,4.71,common_tone,False,False
A# lydian,C lydian,"C, D, E, G, A",5,3.14,closely_related,False,False
A# lydian,C mixolydian,"C, D, E, F, G, A, A#",7,3.0,common_tone,False,False
A# lydian,C locrian,"C, A#, F",3,5.29,common_tone,False,False
A# lydian,C harmonic_minor,"C, D, F, G",4,4.71,common_tone,False,False
A# lydian,C melodic_minor,"C, D, F, G, A",5,4.14,common_tone,False,False
A# lydian,C# major,"C, A#, F",3,6.79,common_tone,False,False
A# lydian,C# minor,"A, E",2,10.36,distant_modulation,False,False
A# lydian,C# dorian,"A#, E",2,8.86,distant_modulation,False,False
A# lydian,C# phrygian,"A, D, E",3,9.79,common_tone,False,False
A# lydian,C# lydian,"C, A#, F, G",4,4.71,closely_related,False,False
A# lydian,C# mixolydian,"A#, F",2,7.36,distant_modulation,False,False
A# lydian,C# locrian,"A, D, E, G",4,7.71,common_tone,False,False
A# lydian,C# harmonic_minor,"C, A, E",3,9.79,common_tone,False,False
A# lydian,C# melodic_minor,"C, A#, E",3,8.29,common_tone,False,False
A# lydian,D major,"A, D, E, G",4,7.71,common_tone,False,False
A# lydian,D minor,"C, D, E, F, G, A, A#",7,6.0,common_tone,False,False
A# lydian,D dorian,"C, D, E, F, G, A",6,6.57,common_tone,False,False
A# lydian,D phrygian,"C, D, F, G, A, A#",6,6.57,common_tone,False,False
A# lydian,D lydian,"A, D, E",3,6.29,common_tone,False,False
A# lydian,D mixolydian,"C, D, E, G, A",5,7.14,common_tone,False,False
A# lydian,D locrian,"C, D, F, G, A#",5,7.14,common_tone,False,False
A# lydian,D harmonic_minor,"D, E, F, G, A, A#",6,6.57,common_tone,False,False
A# lydian,D melodic_minor,"D, E, F, G, A",5,7.14,common_tone,False,False
A# lydian,D# major,"C, D, F, G, A#",5,8.64,common_tone,False,False
A# lydian,D# minor,"A#, F",2,10.36,distant_modulation,False,False
A# lydian,D# dorian,"C, A#, F",3,9.79,common_tone,False,False
A# lydian,D# phrygian,"A#, E",2,11.86,distant_modulation,False,False
A# lydian,D# lydian,"C, D, F, G, A, A#",6,5.57,diatonic_common_tone,False,False
A# lydian,D# mixolydian,"C, A#, F, G",4,9.21,common_tone,False,False
A# lydian,D# locrian,"A, E",2,11.86,distant_modulation,False,False
A# lydian,D# harmonic_minor,"D, A#, F",3,9.79,common_tone,False,False
A# lydian,D# melodic_minor,"C, D, A#, F",4,9.21,common_tone,False,False
A# lydian,E major,"A, E",2,13.36,distant_modulation,False,False
A# lydian,E minor,"C, D, E, G, A",5,11.64,common_tone,False,False
A# lydian,E dorian,"A, D, E, G",4,12.21,common_tone,False,False
A# lydian,E phrygian,"C, D, E, F, G, A",6,9.57,common_tone,False,False
A# lydian,E lydian,"A#, E",2,8.86,distant_modulation,False,False
A# lydian,E mixolydian,"A, D, E",3,12.79,common_tone,False,False
A# lydian,E locrian,"C, D, E, F, G, A, A#",7,9.0,common_tone,False,False
A# lydian,E harmonic_minor,"C, A, E, G",4,12.21,common_tone,False,False
A# lydian,E melodic_minor,"A, E, G",3,12.79,common_tone,False,False
A# lydian,F major,"C, D, E, F, G, A, A#",7,7.5,common_tone,False,False
A# lydian,F minor,"C, A#, F, G",4,9.21,common_tone,False,False
A# lydian,F dorian,"C, D, F, G, A#",5,8.64,common_tone,False,False
A# lydian,F phrygian,"C, A#, F",3,9.79,common_tone,False,False
A# lydian,F lydian,"C, D, E, F, G, A",6,5.57,diatonic_common_tone,False,False
A# lydian,F mixolydian,"C, D, F, G, A, A#",6,8.07,common_tone,False,False
A# lydian,F locrian,"A#, F",2,10.36,distant_modulation,False,False
A# lydian,F harmonic_minor,"C, E, F, G, A#",5,8.64,common_tone,False,False
A# lydian,F melodic_minor,"C, D, E, F, G, A#",6,8.07,common_tone,False,False
A# lydian,F# major,"A#, F",2,8.86,distant_modulation,False,False
A# lydian,F# minor,"A, D, E",3,11.29,common_tone,False,False
A# lydian,F# dorian,"A, E",2,11.86,distant_modulation,False,False
A# lydian,F# phrygian,"A, D, E, G",4,10.71,common_tone,False,False
A# lydian,F# lydian,"C, A#, F",3,6.29,common_tone,False,False
A# lydian,F# mixolydian,"A#, E",2,10.36,distant_modulation,False,False
A# lydian,F# locrian,"C, D, E, G, A",5,8.64,common_tone,False,False
A# lydian,F# harmonic_minor,"A, D, F",3,9.79,common_tone,False,False
A# lydian,F# melodic_minor,"A, F",2,10.36,distant_modulation,False,False
A# lydian,G major,"C, D, E, G, A",5,5.64,common_tone,False,False
A# lydian,G minor,"C, D, F, G, A, A#",6,5.07,common_tone,False,False
A# lydian,G dorian,"C, D, E, F, G, A, A#",7,4.5,common_tone,False,False
A# lydian,G phrygian,"C, D, F, G, A#",5,5.64,common_tone,False,False
A# lydian,G lydian,"A, D, E, G",4,4.71,closely_related,False,False
A# lydian,G mixolydian,"C, D, E, F, G, A",6,5.07,common_tone,False,False
A# lydian,G locrian,"C, A#, F, G",4,6.21,common_tone,False,False
A# lydian,G harmonic_minor,"C, D, G, A, A#",5,5.64,common_tone,False,False
A# lydian,G melodic_minor,"C, D, E, G, A, A#",6,5.07,common_tone,False,False
A# lydian,G# major,"C, A#, F, G",4,4.71,common_tone,False,False
A# lydian,G# minor,"A#, E",2,7.36,nearby_key,False,False
A# lydian,G# dorian,"A#, F",2,5.86,nearby_key,False,False
A# lydian,G# phrygian,"A, E",2,8.86,nearby_key,False,False
A# lydian,G# lydian,"C, D, F, G, A#",5,3.14,closely_related,False,False
A# lydian,G# mixolydian,"C, A#, F",3,5.29,common_tone,False,False
A# lydian,G# locrian,"A, D, E",3,6.79,common_tone,False,False
A# lydian,G# harmonic_minor,"A#, E, G",3,6.79,common_tone,False,False
A# lydian,G# melodic_minor,"A#, F, G",3,5.29,common_tone,False,False
A# lydian,A major,"A, D, E",3,3.79,common_tone,False,False
A# lydian,A minor,"C, D, E, F, G, A",6,2.07,common_tone,False,False
A# lydian,A dorian,"C, D, E, G, A",5,2.64,common_tone,False,False
A# lydian,A phrygian,"C, D, E, F, G, A, A#",7,1.5,common_tone,False,False
A# lydian,A lydian,"A, E",2,3.86,nearby_key,False,False
A# lydian,A mixolydian,"A, D, E, G",4,3.21,common_tone,False,False
A# lydian,A locrian,"C, D, F, G, A, A#",6,2.07,common_tone,False,False
A# lydian,A harmonic_minor,"C, D, E, F, A",5,2.64,common_tone,False,False
A# lydian,A melodic_minor,"C, A, D, E",4,3.21,common_tone,False,False
A# lydian,A# major,"C, D, F, G, A, A#",6,0.57,common_tone,False,False
A# lydian,A# minor,"C, A#, F",3,2.29,common_tone,False,False
A# lydian,A# dorian,"C, A#, F, G",4,1.71,common_tone,False,False
A# lydian,A# phrygian,"A#, F",2,2.86,nearby_key,False,False
A# lydian,A# mixolydian,"C, D, F, G, A#",5,1.14,common_tone,False,False
A# lydian,A# locrian,"A#, E",2,2.86,nearby_key,False,False
A# lydian,A# harmonic_minor,"C, A, A#, F",4,1.71,common_tone,False,False
A# lydian,A# melodic_minor,"C, F, G, A, A#",5,1.14,common_tone,False,False
A# lydian,B major,"A#, E",2,5.86,nearby_key,False,False
A# lydian,B minor,"A, D, E, G",4,6.21,common_tone,False,False
A# lydian,B dorian,"A, D, E",3,6.79,common_tone,False,False
A# lydian,B phrygian,"C, D, E, G, A",5,5.64,common_tone,False,False
A# lydian,B lydian,"A#, F",2,3.86,nearby_key,False,False
A# lydian,B mixolydian,"A, E",2,7.36,nearby_key,False,False
A# lydian,B locrian,"C, D, E, F, G, A",6,3.57,common_tone,False,False
A# lydian,B harmonic_minor,"D, A#, E, G",4,4.71,common_tone,False,False
A# lydian,B melodic_minor,"D, A#, E",3,5.29,common_tone,False,False
A# mixolydian,C major,"C, D, F, G",4,4.71,common_tone,False,False
A# mixolydian,C minor,"C, D, D#, F, G, G#, A#",7,3.0,common_tone,False,False
A# mixolydian,C dorian,"C, D, D#, F, G, A#",6,3.57,common_tone,False,False
A# mixolydian,C phrygian,"C, D#, F, G, G#, A#",6,3.57,common_tone,False,False
A# mixolydian,C lydian,"C, D, G",3,5.29,common_tone,False,False
A# mixolydian,C mixolydian,"C, D, F, G, A#",5,3.14,closely_related,False,False
A# mixolydian,C locrian,"C, D#, F, G#, A#",5,4.14,common_tone,False,False
A# mixolydian,C harmonic_minor,"C, D, D#, F, G, G#",6,3.57,common_tone,False,False
A# mixolydian,C melodic_minor,"C, D, D#, F, G",5,4.14,common_tone,False,False
A# mixolydian,C# major,"C, D#, F, G#, A#",5,5.64,common_tone,False,False
A# mixolydian,C# minor,"G#, D#",2,8.86,distant_modulation,False,False
A# mixolydian,C# dorian,"G#, A#, D#",3,6.79,common_tone,False,False
A# mixolydian,C# phrygian,"G#, D",2,8.86,distant_modulation,False,False
A# mixolydian,C# lydian,"C, D#, F, G, G#, A#",6,5.07,common_tone,False,False
A# mixolydian,C# mixolydian,"G#, A#, D#, F",4,4.71,closely_related,False,False
A# mixolydian,C# locrian,"D, G",2,8.86,distant_modulation,False,False
A# mixolydian,C# harmonic_minor,"C, G#, D#",3,8.29,common_tone,False,False
A# mixolydian,C# melodic_minor,"C, G#, A#, D#",4,6.21,common_tone,False,False
A# mixolydian,D major,"D, G",2,10.36,distant_modulation,False,False
A# mixolydian,D minor,"C, D, F, G, A#",5,7.14,common_tone,False,False
A# mixolydian,D dorian,"C, D, F, G",4,7.71,common_tone,False,False
A# mixolydian,D phrygian,"C, D, D#, F, G, A#",6,6.57,common_tone,False,False
A# mixolydian,D lydian,"G#, D",2,10.36,distant_modulation,False,False
A# mixolydian,D mixolydian,"C, D, G",3,7.79,common_tone,False,False
A# mixolydian,D locrian,"C, D, D#, F, G, G#, A#",7,6.0,common_tone,False,False
A# mixolydian,D harmonic_minor,"D, A#, F, G",4,7.71,common_tone,False,False
A# mixolydian,D melodic_minor,"D, F, G",3,8.29,common_tone,False,False
A# mixolydian,D# major,"C, D, D#, F, G, G#, A#",7,7.5,common_tone,False,False
A# mixolydian,D# minor,"G#, A#, D#, F",4,9.21,common_tone,False,False
A# mixolydian,D# dorian,"C, D#, F, G#, A#",5,8.64,common_tone,False,False
A# mixolydian,D# phrygian,"G#, A#, D#",3,9.79,common_tone,False,False
A# mixolydian,D# lydian,"C, D, D#, F, G, A#",6,8.07,common_tone,False,False
A# mixolydian,D# mixolydian,"C, D#, F, G, G#, A#",6,5.57,diatonic_common_tone,False,False
A# mixolydian,D# locrian,"G#, D#",2,11.86,distant_modulation,False,False
A# mixolydian,D# harmonic_minor,"D, D#, F, G#, A#",5,8.64,common_tone,False,False
A# mixolydian,D# melodic_minor,"C, D, D#, F, G#, A#",6,8.07,common_tone,False,False
A# mixolydian,E major,"G#, D#",2,14.86,distant_modulation,False,False
A# mixolydian,E minor,"C, D, G",3,14.29,common_tone,False,False
A# mixolydian,E dorian,"D, G",2,14.86,distant_modulation,False,False
A# mixolydian,E phrygian,"C, D, F, G",4,12.21,common_tone,False,False
A# mixolydian,E lydian,"G#, A#, D#",3,12.79,common_tone,False,False
A# mixolydian,E mixolydian,"G#, D",2,11.86,distant_modulation,False,False
A# mixolydian,E locrian,"C, D, F, G, A#",5,10.14,common_tone,False,False
A# mixolydian,E harmonic_minor,"C, D#, G",3,14.29,common_tone,False,False
A# mixolydian,E melodic_minor,"D#, G",2,14.86,distant_modulation,False,False
A# mixolydian,F major,"C, D, F, G, A#",5,8.64,common_tone,False,False
A# mixolydian,F minor,"C, D#, F, G, G#, A#",6,8.07,common_tone,False,False
A# mixolydian,F dorian,"C, D, D#, F, G, G#, A#",7,7.5,common_tone,False,False
A# mixolydian,F phrygian,"C, D#, F, G#, A#",5,8.64,common_tone,False,False
A# mixolydian,F lydian,"C, D, F, G",4,9.21,common_tone,False,False
A# mixolydian,F mixolydian,"C, D, D#, F, G, A#",6,5.57,diatonic_common_tone,False,False
A# mixolydian,F locrian,"G#, A#, D#, F",4,9.21,common_tone,False,False
A# mixolydian,F harmonic_minor,"C, F, G, G#, A#",5,8.64,common_tone,False,False
A# mixolydian,F melodic_minor,"C, D, F, G, G#, A#",6,8.07,common_tone,False,False
A# mixolydian,F# major,"G#, A#, D#, F",4,7.71,common_tone,False,False
A# mixolydian,F# minor,"G#, D",2,11.86,distant_modulation,False,False
A# mixolydian,F# dorian,"G#, D#",2,11.86,distant_modulation,False,False
A# mixolydian,F# phrygian,"D, G",2,11.86,distant_modulation,False,False
A# mixolydian,F# lydian,"C, D#, F, G#, A#",5,7.14,common_tone,False,False
A# mixolydian,F# mixolydian,"G#, A#, D#",3,7.79,common_tone,False,False
A# mixolydian,F# locrian,"C, D, G",3,9.79,common_tone,False,False
A# mixolydian,F# harmonic_minor,"G#, D, F",3,9.79,common_tone,False,False
A# mixolydian,F# melodic_minor,"G#, D#, F",3,9.79,common_tone,False,False
A# mixolydian,G major,"C, D, G",3,6.79,common_tone,False,False
A# mixolydian,G minor,"C, D, D#, F, G, A#",6,5.07,common_tone,False,False
A# mixolydian,G dorian,"C, D, F, G, A#",5,5.64,common_tone,False,False
A# mixolydian,G phrygian,"C, D, D#, F, G, G#, A#",7,4.5,common_tone,False,False
A# mixolydian,G lydian,"D, G",2,7.36,distant_modulation,False,False
A# mixolydian,G mixolydian,"C, D, F, G",4,4.71,closely_related,False,False
A# mixolydian,G locrian,"C, D#, F, G, G#, A#",6,5.07,common_tone,False,False
A# mixolydian,G harmonic_minor,"C, D, D#, G, A#",5,5.64,common_tone,False,False
A# mixolydian,G melodic_minor,"C, D, A#, G",4,6.21,common_tone,False,False
A# mixolydian,G# major,"C, D#, F, G, G#, A#",6,3.57,common_tone,False,False
A# mixolydian,G# minor,"G#, A#, D#",3,5.29,common_tone,False,False
A# mixolydian,G# dorian,"G#, A#, D#, F",4,4.71,common_tone,False,False
A# mixolydian,G# phrygian,"G#, D#",2,5.86,nearby_key,False,False
A# mixolydian,G# lydian,"C, D, D#, F, G, G#, A#",7,3.0,common_tone,False,False
A# mixolydian,G# mixolydian,"C, D#, F, G#, A#",5,3.14,closely_related,False,False
A# mixolydian,G# locrian,"G#, D",2,5.86,nearby_key,False,False
A# mixolydian,G# harmonic_minor,"G#, A#, D#, G",4,4.71,common_tone,False,False
A# mixolydian,G# melodic_minor,"D#, F, G, G#, A#",5,4.14,common_tone,False,False
A# mixolydian,A major,"G#, D",2,7.36,nearby_key,False,False
A# mixolydian,A minor,"C, D, F, G",4,4.71,common_tone,False,False
A# mixolydian,A dorian,"C, D, G",3,6.79,common_tone,False,False
A# mixolydian,A phrygian,"C, D, F, G, A#",5,2.64,common_tone,False,False
A# mixolydian,A lydian,"G#, D#",2,7.36,nearby_key,False,False
A# mixolydian,A mixolydian,"D, G",2,6.86,nearby_key,False,False
A# mixolydian,A locrian,"C, D, D#, F, G, A#",6,2.07,common_tone,False,False
A# mixolydian,A harmonic_minor,"C, G#, D, F",4,4.71,common_tone,False,False
A# mixolydian,A melodic_minor,"C, G#, D",3,6.79,common_tone,False,False
A# mixolydian,A# major,"C, D, D#, F, G, A#",6,0.57,common_tone,False,False
A# mixolydian,A# minor,"C, D#, F, G#, A#",5,1.14,common_tone,False,False
A# mixolydian,A# dorian,"C, D#, F, G, G#, A#",6,0.57,common_tone,False,False
A# mixolydian,A# phrygian,"G#, A#, D#, F",4,1.71,common_tone,False,False
A# mixolydian,A# lydian,"C, D, F, G, A#",5,1.14,common_tone,False,False
A# mixolydian,A# locrian,"G#, A#, D#",3,3.79,common_tone,False,False
A# mixolydian,A# harmonic_minor,"C, A#, D#, F",4,1.71,common_tone,False,False
A# mixolydian,A# melodic_minor,"C, D#, F, G, A#",5,1.14,common_tone,False,False
A# mixolydian,B major,"G#, A#, D#",3,5.29,common_tone,False,False
A# mixolydian,B minor,"D, G",2,7.36,nearby_key,False,False
A# mixolydian,B dorian,"G#, D",2,7.36,nearby_key,False,False
A# mixolydian,B phrygian,"C, D, G",3,6.79,common_tone,False,False
A# mixolydian,B lydian,"G#, A#, D#, F",4,3.21,common_tone,False,False
A# mixolydian,B mixolydian,"G#, D#",2,6.86,nearby_key,False,False
A# mixolydian,B locrian,"C, D, F, G",4,4.71,common_tone,False,False
A# mixolydian,B harmonic_minor,"D, A#, G",3,5.29,common_tone,False,False
A# mixolydian,B melodic_minor,"G#, D, A#",3,5.29,common_tone,False,False
A# locrian,C major,"B, E",2,7.36,nearby_key,False,False
A# locrian,C minor,"G#, A#, D#",3,6.79,common_tone,False,False
A# locrian,C dorian,"A#, D#",2,7.36,nearby_key,False,False
A# locrian,C phrygian,"G#, C#, A#, D#",4,6.21,common_tone,False,False
A# locrian,C lydian,"B, E, F#",3,6.79,common_tone,False,False
A# locrian,C mixolydian,"A#, E",2,5.86,nearby_key,False,False
A# locrian,C locrian,"C#, D#, F#, G#, A#",5,3.14,closely_related,False,False
A# locrian,C harmonic_minor,"G#, B, D#",3,8.29,common_tone,False,False
A# locrian,C melodic_minor,"B, D#",2,8.86,nearby_key,False,False
A# locrian,C# major,"C#, D#, F#, G#, A#",5,5.64,common_tone,False,False
A# locrian,C# minor,"C#, D#, E, F#, G#, B",6,5.07,common_tone,False,False
A# locrian,C# dorian,"C#, D#, E, F#, G#, A#, B",7,4.5,common_tone,False,False
A# locrian,C# phrygian,"C#, E, F#, G#, B",5,5.64,common_tone,False,False
A# locrian,C# lydian,"G#, C#, A#, D#",4,6.21,common_tone,False,False
A# locrian,C# mixolydian,"C#, D#, F#, G#, A#, B",6,5.07,common_tone,False,False
A# locrian,C# locrian,"C#, B, E, F#",4,4.71,closely_related,False,False
A# locrian,C# harmonic_minor,"C#, D#, E, F#, G#",5,5.64,common_tone,False,False
A# locrian,C# melodic_minor,"C#, D#, E, F#, G#, A#",6,5.07,common_tone,False,False
A# locrian,D major,"C#, B, E, F#",4,9.21,common_tone,False,False
A# locrian,D minor,"A#, E",2,8.86,distant_modulation,False,False
A# locrian,D dorian,"B, E",2,10.36,distant_modulation,False,False
A# locrian,D phrygian,"A#, D#",2,10.36,distant_modulation,False,False
A# locrian,D lydian,"C#, E, F#, G#, B",5,8.64,common_tone,False,False
A# locrian,D mixolydian,"B, E, F#",3,9.79,common_tone,False,False
A# locrian,D locrian,"G#, A#, D#",3,6.29,common_tone,False,False
A# locrian,D harmonic_minor,"C#, A#, E",3,8.29,common_tone,False,False
A# locrian,D melodic_minor,"C#, B, E",3,9.79,common_tone,False,False
A# locrian,D# major,"G#, A#, D#",3,9.79,common_tone,False,False
A# locrian,D# minor,"C#, D#, F#, G#, A#, B",6,8.07,common_tone,False,False
A# locrian,D# dorian,"C#, D#, F#, G#, A#",5,8.64,common_tone,False,False
A# locrian,D# phrygian,"C#, D#, E, F#, G#, A#, B",7,7.5,common_tone,False,False
A# locrian,D# lydian,"A#, D#",2,10.36,distant_modulation,False,False
A# locrian,D# mixolydian,"G#, C#, A#, D#",4,9.21,common_tone,False,False
A# locrian,D# locrian,"C#, D#, E, F#, G#, B",6,5.57,diatonic_common_tone,False,False
A# locrian,D# harmonic_minor,"D#, F#, G#, A#, B",5,8.64,common_tone,False,False
A# locrian,D# melodic_minor,"G#, A#, D#, F#",4,9.21,common_tone,False,False
A# locrian,E major,"C#, D#, E, F#, G#, B",6,9.57,common_tone,False,False
A# locrian,E minor,"B, E, F#",3,11.29,common_tone,False,False
A# locrian,E dorian,"C#, B, E, F#",4,10.71,common_tone,False,False
A# locrian,E phrygian,"B, E",2,11.86,distant_modulation,False,False
A# locrian,E lydian,"C#, D#, E, F#, G#, A#, B",7,9.0,common_tone,False,False
A# locrian,E mixolydian,"C#, E, F#, G#, B",5,10.14,common_tone,False,False
A# locrian,E locrian,"A#, E",2,8.86,distant_modulation,False,False
A# locrian,E harmonic_minor,"B, D#, E, F#",4,10.71,common_tone,False,False
A# locrian,E melodic_minor,"C#, D#, E, F#, B",5,10.14,common_tone,False,False
A# locrian,F major,"A#, E",2,10.36,distant_modulation,False,False
A# locrian,F minor,"G#, C#, A#, D#",4,10.71,common_tone,False,False
A# locrian,F dorian,"G#, A#, D#",3,11.29,common_tone,False,False
A# locrian,F phrygian,"C#, D#, F#, G#, A#",5,10.14,common_tone,False,False
A# locrian,F lydian,"B, E",2,11.86,distant_modulation,False,False
A# locrian,F mixolydian,"A#, D#",2,11.86,distant_modulation,False,False
A# locrian,F locrian,"C#, D#, F#, G#, A#, B",6,5.57,diatonic_common_tone,False,False
A# locrian,F harmonic_minor,"G#, C#, A#, E",4,9.21,common_tone,False,False
A# locrian,F melodic_minor,"G#, A#, E",3,9.79,common_tone,False,False
A# locrian,F# major,"C#, D#, F#, G#, A#, B",6,6.57,common_tone,False,False
A# locrian,F# minor,"C#, E, F#, G#, B",5,7.14,common_tone,False,False
A# locrian,F# dorian,"C#, D#, E, F#, G#, B",6,6.57,common_tone,False,False
A# locrian,F# phrygian,"C#, B, E, F#",4,7.71,common_tone,False,False
A# locrian,F# lydian,"C#, D#, F#, G#, A#",5,7.14,common_tone,False,False
A# locrian,F# mixolydian,"C#, D#, E, F#, G#, A#, B",7,6.0,common_tone,False,False
A# locrian,F# locrian,"B, E, F#",3,6.29,common_tone,False,False
A# locrian,F# harmonic_minor,"G#, C#, B, F#",4,7.71,common_tone,False,False
A# locrian,F# melodic_minor,"C#, D#, F#, G#, B",5,7.14,common_tone,False,False
A# locrian,G major,"B, E, F#",3,8.29,common_tone,False,False
A# locrian,G minor,"A#, D#",2,8.86,distant_modulation,False,False
A# locrian,G dorian,"A#, E",2,7.36,distant_modulation,False,False
A# locrian,G phrygian,"G#, A#, D#",3,8.29,common_tone,False,False
A# locrian,G lydian,"C#, B, E, F#",4,7.71,common_tone,False,False
A# locrian,G mixolydian,"B, E",2,8.86,distant_modulation,False,False
A# locrian,G locrian,"G#, C#, A#, D#",4,4.71,closely_related,False,False
A# locrian,G harmonic_minor,"A#, D#, F#",3,8.29,common_tone,False,False
A# locrian,G melodic_minor,"A#, E, F#",3,6.79,common_tone,False,False
A# locrian,G# major,"G#, C#, A#, D#",4,4.71,common_tone,False,False
A# locrian,G# minor,"C#, D#, E, F#, G#, A#, B",7,3.0,common_tone,False,False
A# locrian,G# dorian,"C#, D#, F#, G#, A#, B",6,3.57,common_tone,False,False
A# locrian,G# phrygian,"C#, D#, E, F#, G#, B",6,3.57,common_tone,False,False
A# locrian,G# lydian,"G#, A#, D#",3,5.29,common_tone,False,False
A# locrian,G# mixolydian,"C#, D#, F#, G#, A#",5,4.14,common_tone,False,False
A# locrian,G# locrian,"C#, E, F#, G#, B",5,3.14,closely_related,False,False
A# locrian,G# harmonic_minor,"C#, D#, E, G#, A#, B",6,3.57,common_tone,False,False
A# locrian,G# melodic_minor,"C#, D#, G#, A#, B",5,4.14,common_tone,False,False
A# locrian,A major,"C#, E, F#, G#, B",5,4.14,common_tone,False,False
A# locrian,A minor,"B, E",2,5.86,nearby_key,False,False
A# locrian,A dorian,"B, E, F#",3,5.29,common_tone,False,False
A# locrian,A phrygian,"A#, E",2,4.36,nearby_key,False,False
A# locrian,A lydian,"C#, D#, E, F#, G#, B",6,3.57,common_tone,False,False
A# locrian,A mixolydian,"C#, B, E, F#",4,4.71,common_tone,False,False
A# locrian,A locrian,"A#, D#",2,3.86,nearby_key,False,False
A# locrian,A harmonic_minor,"G#, B, E",3,5.29,common_tone,False,False
A# locrian,A melodic_minor,"G#, B, E, F#",4,4.71,common_tone,False,False
A# locrian,A# major,"A#, D#",2,4.36,nearby_key,False,False
A# locrian,A# minor,"C#, D#, F#, G#, A#",5,2.64,common_tone,False,False
A# locrian,A# dorian,"G#, C#, A#, D#",4,3.21,common_tone,False,False
A# locrian,A# phrygian,"C#, D#, F#, G#, A#, B",6,2.07,common_tone,False,False
A# locrian,A# lydian,"A#, E",2,2.86,nearby_key,False,False
A# locrian,A# mixolydian,"G#, A#, D#",3,3.79,common_tone,False,False
A# locrian,A# harmonic_minor,"C#, A#, D#, F#",4,3.21,common_tone,False,False
A# locrian,A# melodic_minor,"C#, A#, D#",3,3.79,common_tone,False,False
A# locrian,B major,"C#, D#, E, F#, G#, A#, B",7,1.5,common_tone,False,False
A# locrian,B minor,"C#, B, E, F#",4,3.21,common_tone,False,False
A# locrian,B dorian,"C#, E, F#, G#, B",5,2.64,common_tone,False,False
A# locrian,B phrygian,"B, E, F#",3,3.79,common_tone,False,False
A# locrian,B lydian,"C#, D#, F#, G#, A#, B",6,2.07,common_tone,False,False
A# locrian,B mixolydian,"C#, D#, E, F#, G#, B",6,2.07,common_tone,False,False
A# locrian,B locrian,"B, E",2,3.86,nearby_key,False,False
A# locrian,B harmonic_minor,"C#, E, F#, A#, B",5,2.64,common_tone,False,False
A# locrian,B melodic_minor,"C#, E, F#, G#, A#, B",6,2.07,common_tone,False,False
A# harmonic_minor,C major,"C, A, F",3,5.29,common_tone,False,False
A# harmonic_minor,C minor,"C, A#, D#, F",4,4.71,common_tone,False,False
A# harmonic_minor,C dorian,"C, D#, F, A, A#",5,4.14,common_tone,False,False
A# harmonic_minor,C phrygian,"C, C#, D#, F, A#",5,4.14,common_tone,False,False
A# harmonic_minor,C lydian,"C, A, F#",3,6.79,common_tone,False,False
A# harmonic_minor,C mixolydian,"C, A, A#, F",4,4.71,common_tone,False,False
A# harmonic_minor,C locrian,"C, C#, D#, F, F#, A#",6,3.57,common_tone,False,False
A# harmonic_minor,C harmonic_minor,"C, D#, F",3,4.29,common_tone,False,False
A# harmonic_minor,C melodic_minor,"C, A, D#, F",4,4.71,common_tone,False,False
A# harmonic_minor,C# major,"C, C#, D#, F, F#, A#",6,5.07,common_tone,False,False
A# harmonic_minor,C# minor,"C#, D#, F#, A",4,7.71,common_tone,False,False
A# harmonic_minor,C# dorian,"C#, A#, D#, F#",4,6.21,common_tone,False,False
A# harmonic_minor,C# phrygian,"C#, F#, A",3,8.29,common_tone,False,False
A# harmonic_minor,C# lydian,"C, C#, D#, F, A#",5,5.64,common_tone,False,False
A# harmonic_minor,C# mixolydian,"C#, D#, F, F#, A#",5,5.64,common_tone,False,False
A# harmonic_minor,C# locrian,"C#, F#, A",3,8.29,common_tone,False,False
A# harmonic_minor,C# harmonic_minor,"C, C#, D#, F#, A",5,5.64,closely_related,False,False
A# harmonic_minor,C# melodic_minor,"C, C#, D#, F#, A#",5,5.64,common_tone,False,False
A# harmonic_minor,D major,"C#, F#, A",3,9.79,common_tone,False,False
A# harmonic_minor,D minor,"C, A, A#, F",4,7.71,common_tone,False,False
A# harmonic_minor,D dorian,"C, A, F",3,8.29,common_tone,False,False
A# harmonic_minor,D phrygian,"C, D#, F, A, A#",5,7.14,common_tone,False,False
A# harmonic_minor,D lydian,"C#, F#, A",3,9.79,common_tone,False,False
A# harmonic_minor,D mixolydian,"C, A, F#",3,9.79,common_tone,False,False
A# harmonic_minor,D locrian,"C, A#, D#, F",4,7.71,common_tone,False,False
A# harmonic_minor,D harmonic_minor,"C#, A#, F, A",4,5.71,closely_related,False,False
A# harmonic_minor,D melodic_minor,"C#, F, A",3,8.29,common_tone,False,False
A# harmonic_minor,D# major,"C, A#, D#, F",4,9.21,common_tone,False,False
A# harmonic_minor,D# minor,"C#, D#, F, F#, A#",5,8.64,common_tone,False,False
A# harmonic_minor,D# dorian,"C, C#, D#, F, F#, A#",6,8.07,common_tone,False,False
A# harmonic_minor,D# phrygian,"C#, A#, D#, F#",4,9.21,common_tone,False,False
A# harmonic_minor,D# lydian,"C, D#, F, A, A#",5,8.64,common_tone,False,False
A# harmonic_minor,D# mixolydian,"C, C#, D#, F, A#",5,8.64,common_tone,False,False
A# harmonic_minor,D# locrian,"C#, D#, F#, A",4,9.21,common_tone,False,False
A# harmonic_minor,D# harmonic_minor,"A#, D#, F, F#",4,6.71,closely_related,False,False
A# harmonic_minor,D# melodic_minor,"C, D#, F, F#, A#",5,8.64,common_tone,False,False
A# harmonic_minor,E major,"C#, D#, F#, A",4,13.71,common_tone,False,False
A# harmonic_minor,E minor,"C, A, F#",3,14.29,common_tone,False,False
A# harmonic_minor,E dorian,"C#, F#, A",3,14.29,common_tone,False,False
A# harmonic_minor,E phrygian,"C, A, F",3,12.79,common_tone,False,False
A# harmonic_minor,E lydian,"C#, A#, D#, F#",4,12.21,common_tone,False,False
A# harmonic_minor,E mixolydian,"C#, F#, A",3,14.29,common_tone,False,False
A# harmonic_minor,E locrian,"C, A, A#, F",4,10.71,common_tone,False,False
A# harmonic_minor,E harmonic_minor,"C, A, D#, F#",4,10.71,closely_related,False,False
A# harmonic_minor,E melodic_minor,"C#, D#, F#, A",4,13.71,common_tone,False,False
A# harmonic_minor,F major,"C, A, A#, F",4,9.21,common_tone,False,False
A# harmonic_minor,F minor,"C, C#, D#, F, A#",5,8.64,common_tone,False,False
A# harmonic_minor,F dorian,"C, A#, D#, F",4,9.21,common_tone,False,False
A# harmonic_minor,F phrygian,"C, C#, D#, F, F#, A#",6,8.07,common_tone,False,False
A# harmonic_minor,F lydian,"C, A, F",3,9.79,common_tone,False,False
A# harmonic_minor,F mixolydian,"C, D#, F, A, A#",5,8.64,common_tone,False,False
A# harmonic_minor,F locrian,"C#, D#, F, F#, A#",5,8.64,common_tone,False,False
A# harmonic_minor,F harmonic_minor,"C, C#, A#, F",4,6.71,closely_related,False,False
A# harmonic_minor,F melodic_minor,"C, A#, F",3,9.79,common_tone,False,False
A# harmonic_minor,F# major,"C#, D#, F, F#, A#",5,7.14,common_tone,False,False
A# harmonic_minor,F# minor,"C#, F#, A",3,8.29,common_tone,False,False
A# harmonic_minor,F# dorian,"C#, D#, F#, A",4,7.71,common_tone,False,False
A# harmonic_minor,F# phrygian,"C#, F#, A",3,8.29,common_tone,False,False
A# harmonic_minor,F# lydian,"C, C#, D#, F, F#, A#",6,6.57,common_tone,False,False
A# harmonic_minor,F# mixolydian,"C#, A#, D#, F#",4,7.71,common_tone,False,False
A# harmonic_minor,F# locrian,"C, A, F#",3,8.29,common_tone,False,False
A# harmonic_minor,F# harmonic_minor,"C#, F, F#, A",4,5.71,closely_related,False,False
A# harmonic_minor,F# melodic_minor,"C#, D#, F, F#, A",5,7.14,common_tone,False,False
A# harmonic_minor,G major,"C, A, F#",3,9.79,common_tone,False,False
A# harmonic_minor,G minor,"C, D#, F, A, A#",5,5.64,common_tone,False,False
A# harmonic_minor,G dorian,"C, A, A#, F",4,6.21,common_tone,False,False
A# harmonic_minor,G phrygian,"C, A#, D#, F",4,6.21,common_tone,False,False
A# harmonic_minor,G lydian,"C#, F#, A",3,9.79,common_tone,False,False
A# harmonic_minor,G mixolydian,"C, A, F",3,8.29,common_tone,False,False
A# harmonic_minor,G locrian,"C, C#, D#, F, A#",5,5.64,common_tone,False,False
A# harmonic_minor,G harmonic_minor,"C, D#, F#, A, A#",5,5.64,closely_related,False,False
A# harmonic_minor,G melodic_minor,"C, A, A#, F#",4,7.71,common_tone,False,False
A# harmonic_minor,G# major,"C, C#, D#, F, A#",5,4.14,common_tone,False,False
A# harmonic_minor,G# minor,"C#, A#, D#, F#",4,4.71,common_tone,False,False
A# harmonic_minor,G# dorian,"C#, D#, F, F#, A#",5,4.14,common_tone,False,False
A# harmonic_minor,G# phrygian,"C#, D#, F#, A",4,6.21,common_tone,False,False
A# harmonic_minor,G# lydian,"C, A#, D#, F",4,4.71,common_tone,False,False
A# harmonic_minor,G# mixolydian,"C, C#, D#, F, F#, A#",6,3.57,common_tone,False,False
A# harmonic_minor,G# locrian,"C#, F#, A",3,8.29,common_tone,False,False
A# harmonic_minor,G# harmonic_minor,"C#, A#, D#",3,4.29,common_tone,False,False
A# harmonic_minor,G# melodic_minor,"C#, A#, D#, F",4,4.71,common_tone,False,False
A# harmonic_minor,A major,"C#, F#, A",3,5.29,common_tone,False,False
A# harmonic_minor,A minor,"C, A, F",3,3.79,common_tone,False,False
A# harmonic_minor,A dorian,"C, A, F#",3,5.29,common_tone,False,False
A# harmonic_minor,A phrygian,"C, A, A#, F",4,3.21,common_tone,False,False
A# harmonic_minor,A lydian,"C#, D#, F#, A",4,4.71,common_tone,False,False
A# harmonic_minor,A mixolydian,"C#, F#, A",3,5.29,common_tone,False,False
A# harmonic_minor,A locrian,"C, D#, F, A, A#",5,2.64,common_tone,False,False
A# harmonic_minor,A harmonic_minor,"C, A, F",3,3.29,common_tone,False,False
A# harmonic_minor,A melodic_minor,"C, A, F#",3,5.29,common_tone,False,False
A# harmonic_minor,A# major,"C, D#, F, A, A#",5,1.14,common_tone,False,False
A# harmonic_minor,A# minor,"C, C#, D#, F, F#, A#",6,0.57,common_tone,False,False
A# harmonic_minor,A# dorian,"C, C#, D#, F, A#",5,1.14,common_tone,False,False
A# harmonic_minor,A# phrygian,"C#, D#, F, F#, A#",5,1.14,common_tone,False,False
A# harmonic_minor,A# lydian,"C, A, A#, F",4,1.71,common_tone,False,False
A# harmonic_minor,A# mixolydian,"C, A#, D#, F",4,1.71,common_tone,False,False
A# harmonic_minor,A# locrian,"C#, A#, D#, F#",4,3.21,common_tone,False,False
A# harmonic_minor,A# melodic_minor,"C, C#, D#, F, A, A#",6,0.57,common_tone,False,False
A# harmonic_minor,B major,"C#, A#, D#, F#",4,3.21,common_tone,False,False
A# harmonic_minor,B minor,"C#, F#, A",3,5.29,common_tone,False,False
A# harmonic_minor,B dorian,"C#, F#, A",3,5.29,common_tone,False,False
A# harmonic_minor,B phrygian,"C, A, F#",3,5.29,common_tone,False,False
A# harmonic_minor,B lydian,"C#, D#, F, F#, A#",5,2.64,common_tone,False,False
A# harmonic_minor,B mixolydian,"C#, D#, F#, A",4,4.71,common_tone,False,False
A# harmonic_minor,B locrian,"C, A, F",3,5.29,common_tone,False,False
A# harmonic_minor,B harmonic_minor,"C#, A#, F#",3,3.29,common_tone,False,False
A# harmonic_minor,B melodic_minor,"C#, A#, F#",3,3.79,common_tone,False,False
A# melodic_minor,C major,"C, A, F, G",4,4.71,common_tone,False,False
A# melodic_minor,C minor,"C, D#, F, G, A#",5,4.14,common_tone,False,False
A# melodic_minor,C dorian,"C, D#, F, G, A, A#",6,3.57,common_tone,False,False
A# melodic_minor,C phrygian,"C, C#, D#, F, G, A#",6,3.57,common_tone,False,False
A# melodic_minor,C lydian,"C, A, G",3,5.29,common_tone,False,False
A# melodic_minor,C mixolydian,"C, F, G, A, A#",5,4.14,common_tone,False,False
A# melodic_minor,C locrian,"C, C#, D#, F, A#",5,4.14,common_tone,False,False
A# melodic_minor,C harmonic_minor,"C, D#, F, G",4,4.71,common_tone,False,False
A# melodic_minor,C melodic_minor,"C, D#, F, G, A",5,3.14,closely_related,False,False
A# melodic_minor,C# major,"C, C#, D#, F, A#",5,5.64,common_tone,False,False
A# melodic_minor,C# minor,"C#, D#, A",3,8.29,common_tone,False,False
A# melodic_minor,C# dorian,"C#, A#, D#",3,6.79,common_tone,False,False
A# melodic_minor,C# phrygian,"C#, A",2,8.86,distant_modulation,False,False
A# melodic_minor,C# lydian,"C, C#, D#, F, G, A#",6,5.07,common_tone,False,False
A# melodic_minor,C# mixolydian,"C#, A#, D#, F",4,6.21,common_tone,False,False
A# melodic_minor,C# locrian,"C#, A, G",3,6.79,common_tone,False,False
A# melodic_minor,C# harmonic_minor,"C, C#, D#, A",4,7.71,common_tone,False,False
A# melodic_minor,C# melodic_minor,"C, C#, A#, D#",4,4.71,closely_related,False,False
A# melodic_minor,D major,"C#, A, G",3,9.79,common_tone,False,False
A# melodic_minor,D minor,"C, F, G, A, A#",5,7.14,common_tone,False,False
A# melodic_minor,D dorian,"C, A, F, G",4,7.71,common_tone,False,False
A# melodic_minor,D phrygian,"C, D#, F, G, A, A#",6,6.57,common_tone,False,False
A# melodic_minor,D lydian,"C#, A",2,10.36,distant_modulation,False,False
A# melodic_minor,D mixolydian,"C, A, G",3,9.79,common_tone,False,False
A# melodic_minor,D locrian,"C, D#, F, G, A#",5,7.14,common_tone,False,False
A# melodic_minor,D harmonic_minor,"C#, F, G, A, A#",5,7.14,common_tone,False,False
A# melodic_minor,D melodic_minor,"C#, F, A, G",4,5.71,closely_related,False,False
A# melodic_minor,D# major,"C, D#, F, G, A#",5,8.64,common_tone,False,False
A# melodic_minor,D# minor,"C#, A#, D#, F",4,9.21,common_tone,False,False
A# melodic_minor,D# dorian,"C, C#, D#, F, A#",5,8.64,common_tone,False,False
A# melodic_minor,D# phrygian,"C#, A#, D#",3,9.79,common_tone,False,False
A# melodic_minor,D# lydian,"C, D#, F, G, A, A#",6,8.07,common_tone,False,False
A# melodic_minor,D# mixolydian,"C, C#, D#, F, G, A#",6,8.07,common_tone,False,False
A# melodic_minor,D# locrian,"C#, D#, A",3,9.79,common_tone,False,False
A# melodic_minor,D# harmonic_minor,"A#, D#, F",3,9.79,common_tone,False,False
A# melodic_minor,D# melodic_minor,"C, A#, D#, F",4,6.71,closely_related,False,False
A# melodic_minor,E major,"C#, D#, A",3,14.29,common_tone,False,False
A# melodic_minor,E minor,"C, A, G",3,14.29,common_tone,False,False
A# melodic_minor,E dorian,"C#, A, G",3,14.29,common_tone,False,False
A# melodic_minor,E phrygian,"C, A, F, G",4,12.21,common_tone,False,False
A# melodic_minor,E lydian,"C#, A#, D#",3,12.79,common_tone,False,False
A# melodic_minor,E mixolydian,"C#, A",2,14.86,distant_modulation,False,False
A# melodic_minor,E locrian,"C, F, G, A, A#",5,10.14,common_tone,False,False
A# melodic_minor,E harmonic_minor,"C, A, D#, G",4,13.71,common_tone,False,False
A# melodic_minor,E melodic_minor,"C#, D#, A, G",4,10.71,closely_related,False,False
A# melodic_minor,F major,"C, F, G, A, A#",5,8.64,common_tone,False,False
A# melodic_minor,F minor,"C, C#, D#, F, G, A#",6,8.07,common_tone,False,False
A# melodic_minor,F dorian,"C, D#, F, G, A#",5,8.64,common_tone,False,False
A# melodic_minor,F phrygian,"C, C#, D#, F, A#",5,8.64,common_tone,False,False
A# melodic_minor,F lydian,"C, A, F, G",4,9.21,common_tone,False,False
A# melodic_minor,F mixolydian,"C, D#, F, G, A, A#",6,8.07,common_tone,False,False
A# melodic_minor,F locrian,"C#, A#, D#, F",4,9.21,common_tone,False,False
A# melodic_minor,F harmonic_minor,"C, C#, F, G, A#",5,8.64,common_tone,False,False
A# melodic_minor,F melodic_minor,"C, A#, F, G",4,6.71,closely_related,False,False
A# melodic_minor,F# major,"C#, A#, D#, F",4,7.71,common_tone,False,False
A# melodic_minor,F# minor,"C#, A",2,10.36,distant_modulation,False,False
A# melodic_minor,F# dorian,"C#, D#, A",3,9.79,common_tone,False,False
A# melodic_minor,F# phrygian,"C#, A, G",3,9.79,common_tone,False,False
A# melodic_minor,F# lydian,"C, C#, D#, F, A#",5,7.14,common_tone,False,False
A# melodic_minor,F# mixolydian,"C#, A#, D#",3,8.29,common_tone,False,False
A# melodic_minor,F# locrian,"C, A, G",3,9.79,common_tone,False,False
A# melodic_minor,F# harmonic_minor,"C#, F, A",3,8.29,common_tone,False,False
A# melodic_minor,F# melodic_minor,"C#, D#, F, A",4,5.71,closely_related,False,False
A# melodic_minor,G major,"C, A, G",3,8.29,common_tone,False,False
A# melodic_minor,G minor,"C, D#, F, G, A, A#",6,5.07,common_tone,False,False
A# melodic_minor,G dorian,"C, F, G, A, A#",5,5.64,common_tone,False,False
A# melodic_minor,G phrygian,"C, D#, F, G, A#",5,5.64,common_tone,False,False
A# melodic_minor,G lydian,"C#, A, G",3,8.29,common_tone,False,False
A# melodic_minor,G mixolydian,"C, A, F, G",4,6.21,common_tone,False,False
A# melodic_minor,G locrian,"C, C#, D#, F, G, A#",6,5.07,common_tone,False,False
A# melodic_minor,G harmonic_minor,"C, D#, G, A, A#",5,5.64,common_tone,False,False
A# melodic_minor,G melodic_minor,"C, A, A#, G",4,4.71,closely_related,False,False
A# melodic_minor,G# major,"C, C#, D#, F, G, A#",6,3.57,common_tone,False,False
A# melodic_minor,G# minor,"C#, A#, D#",3,5.29,common_tone,False,False
A# melodic_minor,G# dorian,"C#, A#, D#, F",4,4.71,common_tone,False,False
A# melodic_minor,G# phrygian,"C#, D#, A",3,6.79,common_tone,False,False
A# melodic_minor,G# lydian,"C, D#, F, G, A#",5,4.14,common_tone,False,False
A# melodic_minor,G# mixolydian,"C, C#, D#, F, A#",5,4.14,common_tone,False,False
A# melodic_minor,G# locrian,"C#, A",2,8.86,nearby_key,False,False
A# melodic_minor,G# harmonic_minor,"C#, A#, D#, G",4,4.71,common_tone,False,False
A# melodic_minor,G# melodic_minor,"C#, D#, F, G, A#",5,3.14,closely_related,False,False
A# melodic_minor,A major,"C#, A",2,5.86,nearby_key,False,False
A# melodic_minor,A minor,"C, A, F, G",4,3.21,common_tone,False,False
A# melodic_minor,A dorian,"C, A, G",3,5.29,common_tone,False,False
A# melodic_minor,A phrygian,"C, F, G, A, A#",5,2.64,common_tone,False,False
A# melodic_minor,A lydian,"C#, D#, A",3,5.29,common_tone,False,False
A# melodic_minor,A mixolydian,"C#, A, G",3,5.29,common_tone,False,False
A# melodic_minor,A locrian,"C, D#, F, G, A, A#",6,2.07,common_tone,False,False
A# melodic_minor,A harmonic_minor,"C, A, F",3,3.79,common_tone,False,False
A# melodic_minor,A melodic_minor,"C, A",2,5.36,nearby_key,False,False
A# melodic_minor,A# major,"C, D#, F, G, A, A#",6,0.57,common_tone,False,False
A# melodic_minor,A# minor,"C, C#, D#, F, A#",5,1.14,common_tone,False,False
A# melodic_minor,A# dorian,"C, C#, D#, F, G, A#",6,0.57,common_tone,False,False
A# melodic_minor,A# phrygian,"C#, A#, D#, F",4,1.71,common_tone,False,False
A# melodic_minor,A# lydian,"C, F, G, A, A#",5,1.14,common_tone,False,False
A# melodic_minor,A# mixolydian,"C, D#, F, G, A#",5,1.14,common_tone,False,False
A# melodic_minor,A# locrian,"C#, A#, D#",3,3.79,common_tone,False,False
A# melodic_minor,A# harmonic_minor,"C, C#, D#, F, A, A#",6,0.57,common_tone,False,False
A# melodic_minor,B major,"C#, A#, D#",3,5.29,common_tone,False,False
A# melodic_minor,B minor,"C#, A, G",3,6.79,common_tone,False,False
A# melodic_minor,B dorian,"C#, A",2,7.36,nearby_key,False,False
A# melodic_minor,B phrygian,"C, A, G",3,6.79,common_tone,False,False
A# melodic_minor,B lydian,"C#, A#, D#, F",4,3.21,common_tone,False,False
A# melodic_minor,B mixolydian,"C#, D#, A",3,6.79,common_tone,False,False
A# melodic_minor,B locrian,"C, A, F, G",4,4.71,common_tone,False,False
A# melodic_minor,B harmonic_minor,"C#, A#, G",3,5.29,common_tone,False,False
A# melodic_minor,B melodic_minor,"C#, A#",2,5.36,nearby_key,False,False
B major,C major,"B, E",2,5.36,nearby_key,False,False
B major,C minor,"G#, A#, D#",3,6.79,common_tone,False,False
B major,C dorian,"A#, D#",2,7.36,nearby_key,False,False
B major,C phrygian,"G#, C#, A#, D#",4,6.21,common_tone,False,False
B major,C lydian,"B, E, F#",3,3.79,common_tone,False,False
B major,C mixolydian,"A#, E",2,7.36,nearby_key,False,False
B major,C locrian,"C#, D#, F#, G#, A#",5,4.14,common_tone,False,False
B major,C harmonic_minor,"G#, B, D#",3,5.29,common_tone,False,False
B major,C melodic_minor,"B, D#",2,5.86,nearby_key,False,False
B major,C# major,"C#, D#, F#, G#, A#",5,3.14,closely_related,False,False
B major,C# minor,"C#, D#, E, F#, G#, B",6,3.57,common_tone,False,False
B major,C# dorian,"C#, D#, E, F#, G#, A#, B",7,3.0,common_tone,False,False
B major,C# phrygian,"C#, E, F#, G#, B",5,4.14,common_tone,False,False
B major,C# lydian,"G#, C#, A#, D#",4,4.71,common_tone,False,False
B major,C# mixolydian,"C#, D#, F#, G#, A#, B",6,3.57,common_tone,False,False
B major,C# locrian,"C#, B, E, F#",4,4.71,common_tone,False,False
B major,C# harmonic_minor,"C#, D#, E, F#, G#",5,4.14,common_tone,False,False
B major,C# melodic_minor,"C#, D#, E, F#, G#, A#",6,3.57,common_tone,False,False
B major,D major,"C#, B, E, F#",4,4.71,closely_related,False,False
B major,D minor,"A#, E",2,10.36,distant_modulation,False,False
B major,D dorian,"B, E",2,8.86,distant_modulation,False,False
B major,D phrygian,"A#, D#",2,10.36,distant_modulation,False,False
B major,D lydian,"C#, E, F#, G#, B",5,5.64,common_tone,False,False
B major,D mixolydian,"B, E, F#",3,6.79,common_tone,False,False
B major,D locrian,"G#, A#, D#",3,8.29,common_tone,False,False
B major,D harmonic_minor,"C#, A#, E",3,9.79,common_tone,False,False
B major,D melodic_minor,"C#, B, E",3,8.29,common_tone,False,False
B major,D# major,"G#, A#, D#",3,6.29,common_tone,False,False
B major,D# minor,"C#, D#, F#, G#, A#, B",6,6.57,common_tone,False,False
B major,D# dorian,"C#, D#, F#, G#, A#",5,7.14,common_tone,False,False
B major,D# phrygian,"C#, D#, E, F#, G#, A#, B",7,6.0,common_tone,False,False
B major,D# lydian,"A#, D#",2,8.86,distant_modulation,False,False
B major,D# mixolydian,"G#, C#, A#, D#",4,7.71,common_tone,False,False
B major,D# locrian,"C#, D#, E, F#, G#, B",6,6.57,common_tone,False,False
B major,D# harmonic_minor,"D#, F#, G#, A#, B",5,7.14,common_tone,False,False
B major,D# melodic_minor,"G#, A#, D#, F#",4,7.71,common_tone,False,False
B major,E major,"C#, D#, E, F#, G#, B",6,5.57,diatonic_common_tone,False,False
B major,E minor,"B, E, F#",3,9.79,common_tone,False,False
B major,E dorian,"C#, B, E, F#",4,9.21,common_tone,False,False
B major,E phrygian,"B, E",2,10.36,distant_modulation,False,False
B major,E lydian,"C#, D#, E, F#, G#, A#, B",7,7.5,common_tone,False,False
B major,E mixolydian,"C#, E, F#, G#, B",5,8.64,common_tone,False,False
B major,E locrian,"A#, E",2,10.36,distant_modulation,False,False
B major,E harmonic_minor,"B, D#, E, F#",4,9.21,common_tone,False,False
B major,E melodic_minor,"C#, D#, E, F#, B",5,8.64,common_tone,False,False
B major,F major,"A#, E",2,11.86,distant_modulation,False,False
B major,F minor,"G#, C#, A#, D#",4,13.71,common_tone,False,False
B major,F dorian,"G#, A#, D#",3,14.29,common_tone,False,False
B major,F phrygian,"C#, D#, F#, G#, A#",5,11.64,common_tone,False,False
B major,F lydian,"B, E",2,13.36,distant_modulation,False,False
B major,F mixolydian,"A#, D#",2,14.86,distant_modulation,False,False
B major,F locrian,"C#, D#, F#, G#, A#, B",6,9.57,common_tone,False,False
B major,F harmonic_minor,"G#, C#, A#, E",4,13.71,common_tone,False,False
B major,F melodic_minor,"G#, A#, E",3,14.29,common_tone,False,False
B major,F# major,"C#, D#, F#, G#, A#, B",6,5.57,diatonic_common_tone,False,False
B major,F# minor,"C#, E, F#, G#, B",5,8.64,common_tone,False,False
B major,F# dorian,"C#, D#, E, F#, G#, B",6,8.07,common_tone,False,False
B major,F# phrygian,"C#, B, E, F#",4,9.21,common_tone,False,False
B major,F# lydian,"C#, D#, F#, G#, A#",5,8.64,common_tone,False,False
B major,F# mixolydian,"C#, D#, E, F#, G#, A#, B",7,7.5,common_tone,False,False
B major,F# locrian,"B, E, F#",3,9.79,common_tone,False,False
B major,F# harmonic_minor,"G#, C#, B, F#",4,9.21,common_tone,False,False
B major,F# melodic_minor,"C#, D#, F#, G#, B",5,8.64,common_tone,False,False
B major,G major,"B, E, F#",3,6.29,common_tone,False,False
B major,G minor,"A#, D#",2,11.86,distant_modulation,False,False
B major,G dorian,"A#, E",2,11.86,distant_modulation,False,False
B major,G phrygian,"G#, A#, D#",3,11.29,common_tone,False,False
B major,G lydian,"C#, B, E, F#",4,7.71,common_tone,False,False
B major,G mixolydian,"B, E",2,10.36,distant_modulation,False,False
B major,G locrian,"G#, C#, A#, D#",4,9.21,common_tone,False,False
B major,G harmonic_minor,"A#, D#, F#",3,9.79,common_tone,False,False
B major,G melodic_minor,"A#, E, F#",3,9.79,common_tone,False,False
B major,G# major,"G#, C#, A#, D#",4,4.71,closely_related,False,False
B major,G# minor,"C#, D#, E, F#, G#, A#, B",7,4.5,common_tone,False,False
B major,G# dorian,"C#, D#, F#, G#, A#, B",6,5.07,common_tone,False,False
B major,G# phrygian,"C#, D#, E, F#, G#, B",6,5.07,common_tone,False,False
B major,G# lydian,"G#, A#, D#",3,6.79,common_tone,False,False
B major,G# mixolydian,"C#, D#, F#, G#, A#",5,5.64,common_tone,False,False
B major,G# locrian,"C#, E, F#, G#, B",5,5.64,common_tone,False,False
B major,G# harmonic_minor,"C#, D#, E, G#, A#, B",6,5.07,common_tone,False,False
B major,G# melodic_minor,"C#, D#, G#, A#, B",5,5.64,common_tone,False,False
B major,A major,"C#, E, F#, G#, B",5,3.14,closely_related,False,False
B major,A minor,"B, E",2,5.86,nearby_key,False,False
B major,A dorian,"B, E, F#",3,5.29,common_tone,False,False
B major,A phrygian,"A#, E",2,7.36,nearby_key,False,False
B major,A lydian,"C#, D#, E, F#, G#, B",6,3.57,common_tone,False,False
B major,A mixolydian,"C#, B, E, F#",4,4.71,common_tone,False,False
B major,A locrian,"A#, D#",2,7.36,nearby_key,False,False
B major,A harmonic_minor,"G#, B, E",3,5.29,common_tone,False,False
B major,A melodic_minor,"G#, B, E, F#",4,4.71,common_tone,False,False
B major,A# major,"A#, D#",2,5.36,nearby_key,False,False
B major,A# minor,"C#, D#, F#, G#, A#",5,2.64,common_tone,False,False
B major,A# dorian,"G#, C#, A#, D#",4,4.71,common_tone,False,False
B major,A# phrygian,"C#, D#, F#, G#, A#, B",6,2.07,common_tone,False,False
B major,A# lydian,"A#, E",2,5.86,nearby_key,False,False
B major,A# mixolydian,"G#, A#, D#",3,5.29,common_tone,False,False
B major,A# locrian,"C#, D#, E, F#, G#, A#, B",7,1.5,common_tone,False,False
B major,A# harmonic_minor,"C#, A#, D#, F#",4,3.21,common_tone,False,False
B major,A# melodic_minor,"C#, A#, D#",3,5.29,common_tone,False,False
B major,B minor,"C#, B, E, F#",4,1.71,common_tone,False,False
B major,B dorian,"C#, E, F#, G#, B",5,1.14,common_tone,False,False
B major,B phrygian,"B, E, F#",3,2.29,common_tone,False,False
B major,B lydian,"C#, D#, F#, G#, A#, B",6,0.57,common_tone,False,False
B major,B mixolydian,"C#, D#, E, F#, G#, B",6,0.57,common_tone,False,False
B major,B locrian,"B, E",2,4.36,nearby_key,False,False
B major,B harmonic_minor,"C#, E, F#, A#, B",5,1.14,common_tone,False,False
B major,B melodic_minor,"C#, E, F#, G#, A#, B",6,0.57,common_tone,False,False
B minor,C major,"D, E, G, A, B",5,2.64,common_tone,False,False
B minor,C minor,"D, G",2,5.36,nearby_key,False,False
B minor,C dorian,"A, D, G",3,5.29,common_tone,False,False
B minor,C phrygian,"C#, G",2,5.86,nearby_key,False,False
B minor,C lydian,"D, E, F#, G, A, B",6,2.07,common_tone,False,False
B minor,C mixolydian,"A, D, E, G",4,4.71,common_tone,False,False
B minor,C locrian,"C#, F#",2,5.86,nearby_key,False,False
B minor,C harmonic_minor,"D, B, G",3,3.79,common_tone,False,False
B minor,C melodic_minor,"A, D, B, G",4,3.21,common_tone,False,False
B minor,C# major,"C#, F#",2,5.86,nearby_key,False,False
B minor,C# minor,"C#, E, F#, A, B",5,3.14,closely_related,False,False
B minor,C# dorian,"C#, B, E, F#",4,4.71,common_tone,False,False
B minor,C# phrygian,"C#, D, E, F#, A, B",6,3.57,common_tone,False,False
B minor,C# lydian,"C#, G",2,7.36,nearby_key,False,False
B minor,C# mixolydian,"C#, B, F#",3,5.29,common_tone,False,False
B minor,C# locrian,"C#, D, E, F#, G, A, B",7,3.0,common_tone,False,False
B minor,C# harmonic_minor,"C#, E, F#, A",4,4.71,common_tone,False,False
B minor,C# melodic_minor,"C#, E, F#",3,5.29,common_tone,False,False
B minor,D major,"C#, D, E, F#, G, A, B",7,4.5,common_tone,False,False
B minor,D minor,"A, D, E, G",4,4.71,closely_related,False,False
B minor,D dorian,"D, E, G, A, B",5,5.64,common_tone,False,False
B minor,D phrygian,"A, D, G",3,6.79,common_tone,False,False
B minor,D lydian,"C#, D, E, F#, A, B",6,5.07,common_tone,False,False
B minor,D mixolydian,"D, E, F#, G, A, B",6,5.07,common_tone,False,False
B minor,D locrian,"D, G",2,8.86,distant_modulation,False,False
B minor,D harmonic_minor,"C#, D, E, G, A",5,5.64,common_tone,False,False
B minor,D melodic_minor,"C#, D, E, G, A, B",6,5.07,common_tone,False,False
B minor,D# major,"D, G",2,11.86,distant_modulation,False,False
B minor,D# minor,"C#, B, F#",3,6.29,common_tone,False,False
B minor,D# dorian,"C#, F#",2,10.36,distant_modulation,False,False
B minor,D# phrygian,"C#, B, E, F#",4,7.71,common_tone,False,False
B minor,D# lydian,"A, D, G",3,11.29,common_tone,False,False
B minor,D# mixolydian,"C#, G",2,11.86,distant_modulation,False,False
B minor,D# locrian,"C#, E, F#, A, B",5,7.14,common_tone,False,False
B minor,D# harmonic_minor,"D, B, F#",3,8.29,common_tone,False,False
B minor,D# melodic_minor,"D, F#",2,10.36,distant_modulation,False,False
B minor,E major,"C#, E, F#, A, B",5,8.64,common_tone,False,False
B minor,E minor,"D, E, F#, G, A, B",6,5.57,diatonic_common_tone,False,False
B minor,E dorian,"C#, D, E, F#, G, A, B",7,7.5,common_tone,False,False
B minor,E phrygian,"D, E, G, A, B",5,8.64,common_tone,False,False
B minor,E lydian,"C#, B, E, F#",4,9.21,common_tone,False,False
B minor,E mixolydian,"C#, D, E, F#, A, B",6,8.07,common_tone,False,False
B minor,E locrian,"A, D, E, G",4,10.71,common_tone,False,False
B minor,E harmonic_minor,"E, F#, G, A, B",5,8.64,common_tone,False,False
B minor,E melodic_minor,"C#, E, F#, G, A, B",6,8.07,common_tone,False,False
B minor,F major,"A, D, E, G",4,13.71,common_tone,False,False
B minor,F minor,"C#, G",2,11.86,distant_modulation,False,False
B minor,F dorian,"D, G",2,14.86,distant_modulation,False,False
B minor,F phrygian,"C#, F#",2,13.36,distant_modulation,False,False
B minor,F lydian,"D, E, G, A, B",5,11.64,common_tone,False,False
B minor,F mixolydian,"A, D, G",3,14.29,common_tone,False,False
B minor,F locrian,"C#, B, F#",3,11.29,common_tone,False,False
B minor,F harmonic_minor,"C#, E, G",3,14.29,common_tone,False,False
B minor,F melodic_minor,"D, E, G",3,14.29,common_tone,False,False
B minor,F# major,"C#, B, F#",3,9.79,common_tone,False,False
B minor,F# minor,"C#, D, E, F#, A, B",6,5.57,diatonic_common_tone,False,False
B minor,F# dorian,"C#, E, F#, A, B",5,8.64,common_tone,False,False
B minor,F# phrygian,"C#, D, E, F#, G, A, B",7,7.5,common_tone,False,False
B minor,F# lydian,"C#, F#",2,10.36,distant_modulation,False,False
B minor,F# mixolydian,"C#, B, E, F#",4,9.21,common_tone,False,False
B minor,F# locrian,"D, E, F#, G, A, B",6,8.07,common_tone,False,False
B minor,F# harmonic_minor,"C#, D, F#, A, B",5,8.64,common_tone,False,False
B minor,F# melodic_minor,"C#, B, F#, A",4,9.21,common_tone,False,False
B minor,G major,"D, E, F#, G, A, B",6,6.57,common_tone,False,False
B minor,G minor,"A, D, G",3,6.29,common_tone,False,False
B minor,G dorian,"A, D, E, G",4,7.71,common_tone,False,False
B minor,G phrygian,"D, G",2,8.86,distant_modulation,False,False
B minor,G lydian,"C#, D, E, F#, G, A, B",7,6.0,common_tone,False,False
B minor,G mixolydian,"D, E, G, A, B",5,7.14,common_tone,False,False
B minor,G locrian,"C#, G",2,8.86,distant_modulation,False,False
B minor,G harmonic_minor,"A, D, F#, G",4,7.71,common_tone,False,False
B minor,G melodic_minor,"D, E, F#, G, A",5,7.14,common_tone,False,False
B minor,G# major,"C#, G",2,10.36,distant_modulation,False,False
B minor,G# minor,"C#, B, E, F#",4,4.71,closely_related,False,False
B minor,G# dorian,"C#, B, F#",3,6.79,common_tone,False,False
B minor,G# phrygian,"C#, E, F#, A, B",5,5.64,common_tone,False,False
B minor,G# lydian,"D, G",2,10.36,distant_modulation,False,False
B minor,G# mixolydian,"C#, F#",2,8.86,distant_modulation,False,False
B minor,G# locrian,"C#, D, E, F#, A, B",6,5.07,common_tone,False,False
B minor,G# harmonic_minor,"C#, B, E, G",4,7.71,common_tone,False,False
B minor,G# melodic_minor,"C#, B, G",3,8.29,common_tone,False,False
B minor,A major,"C#, D, E, F#, A, B",6,3.57,common_tone,False,False
B minor,A minor,"D, E, G, A, B",5,3.14,closely_related,False,False
B minor,A dorian,"D, E, F#, G, A, B",6,3.57,common_tone,False,False
B minor,A phrygian,"A, D, E, G",4,4.71,common_tone,False,False
B minor,A lydian,"C#, E, F#, A, B",5,4.14,common_tone,False,False
B minor,A mixolydian,"C#, D, E, F#, G, A, B",7,3.0,common_tone,False,False
B minor,A locrian,"A, D, G",3,6.79,common_tone,False,False
B minor,A harmonic_minor,"A, D, B, E",4,4.71,common_tone,False,False
B minor,A melodic_minor,"D, E, F#, A, B",5,4.14,common_tone,False,False
B minor,A# major,"A, D, G",3,6.79,common_tone,False,False
B minor,A# minor,"C#, F#",2,5.36,nearby_key,False,False
B minor,A# dorian,"C#, G",2,7.36,nearby_key,False,False
B minor,A# phrygian,"C#, B, F#",3,3.79,common_tone,False,False
B minor,A# lydian,"A, D, E, G",4,6.21,common_tone,False,False
B minor,A# mixolydian,"D, G",2,7.36,nearby_key,False,False
B minor,A# locrian,"C#, B, E, F#",4,3.21,common_tone,False,False
B minor,A# harmonic_minor,"C#, F#, A",3,5.29,common_tone,False,False
B minor,A# melodic_minor,"C#, A, G",3,6.79,common_tone,False,False
B minor,B major,"C#, B, E, F#",4,1.71,common_tone,False,False
B minor,B dorian,"C#, D, E, F#, A, B",6,0.57,common_tone,False,False
B minor,B phrygian,"D, E, F#, G, A, B",6,0.57,common_tone,False,False
B minor,B lydian,"C#, B, F#",3,2.29,common_tone,False,False
B minor,B mixolydian,"C#, E, F#, A, B",5,1.14,common_tone,False,False
B minor,B locrian,"D, E, G, A, B",5,2.64,common_tone,False,False
B minor,B harmonic_minor,"C#, D, E, F#, G, B",6,0.57,common_tone,False,False
B minor,B melodic_minor,"C#, D, E, F#, B",5,1.14,common_tone,False,False
B dorian,C major,"A, D, B, E",4,4.71,common_tone,False,False
B dorian,C minor,"G#, D",2,7.36,nearby_key,False,False
B dorian,C dorian,"A, D",2,6.86,nearby_key,False,False
B dorian,C phrygian,"G#, C#",2,7.36,nearby_key,False,False
B dorian,C lydian,"D, E, F#, A, B",5,2.64,common_tone,False,False
B dorian,C mixolydian,"A, D, E",3,6.79,common_tone,False,False
B dorian,C locrian,"G#, C#, F#",3,5.29,common_tone,False,False
B dorian,C harmonic_minor,"G#, D, B",3,5.29,common_tone,False,False
B dorian,C melodic_minor,"A, D, B",3,5.29,common_tone,False,False
B dorian,C# major,"G#, C#, F#",3,5.29,common_tone,False,False
B dorian,C# minor,"C#, E, F#, G#, A, B",6,3.57,common_tone,False,False
B dorian,C# dorian,"C#, E, F#, G#, B",5,3.14,closely_related,False,False
B dorian,C# phrygian,"C#, D, E, F#, G#, A, B",7,3.0,common_tone,False,False
B dorian,C# lydian,"G#, C#",2,5.86,nearby_key,False,False
B dorian,C# mixolydian,"G#, C#, B, F#",4,4.71,common_tone,False,False
B dorian,C# locrian,"C#, D, E, F#, A, B",6,3.57,common_tone,False,False
B dorian,C# harmonic_minor,"C#, E, F#, G#, A",5,4.14,common_tone,False,False
B dorian,C# melodic_minor,"G#, C#, E, F#",4,4.71,common_tone,False,False
B dorian,D major,"C#, D, E, F#, A, B",6,5.07,common_tone,False,False
B dorian,D minor,"A, D, E",3,6.79,common_tone,False,False
B dorian,D dorian,"A, D, B, E",4,4.71,closely_related,False,False
B dorian,D phrygian,"A, D",2,7.36,distant_modulation,False,False
B dorian,D lydian,"C#, D, E, F#, G#, A, B",7,4.5,common_tone,False,False
B dorian,D mixolydian,"D, E, F#, A, B",5,5.64,common_tone,False,False
B dorian,D locrian,"G#, D",2,7.36,distant_modulation,False,False
B dorian,D harmonic_minor,"C#, D, E, A",4,6.21,common_tone,False,False
B dorian,D melodic_minor,"C#, D, E, A, B",5,5.64,common_tone,False,False
B dorian,D# major,"G#, D",2,11.86,distant_modulation,False,False
B dorian,D# minor,"G#, C#, B, F#",4,7.71,common_tone,False,False
B dorian,D# dorian,"G#, C#, F#",3,7.79,common_tone,False,False
B dorian,D# phrygian,"C#, E, F#, G#, B",5,7.14,common_tone,False,False
B dorian,D# lydian,"A, D",2,11.86,distant_modulation,False,False
B dorian,D# mixolydian,"G#, C#",2,11.86,distant_modulation,False,False
B dorian,D# locrian,"C#, E, F#, G#, A, B",6,6.57,common_tone,False,False
B dorian,D# harmonic_minor,"G#, D, B, F#",4,7.71,common_tone,False,False
B dorian,D# melodic_minor,"G#, D, F#",3,9.79,common_tone,False,False
B dorian,E major,"C#, E, F#, G#, A, B",6,8.07,common_tone,False,False
B dorian,E minor,"D, E, F#, A, B",5,8.64,common_tone,False,False
B dorian,E dorian,"C#, D, E, F#, A, B",6,5.57,diatonic_common_tone,False,False
B dorian,E phrygian,"A, D, B, E",4,9.21,common_tone,False,False
B dorian,E lydian,"C#, E, F#, G#, B",5,8.64,common_tone,False,False
B dorian,E mixolydian,"C#, D, E, F#, G#, A, B",7,7.5,common_tone,False,False
B dorian,E locrian,"A, D, E",3,11.29,common_tone,False,False
B dorian,E harmonic_minor,"A, B, E, F#",4,9.21,common_tone,False,False
B dorian,E melodic_minor,"C#, E, F#, A, B",5,8.64,common_tone,False,False
B dorian,F major,"A, D, E",3,14.29,common_tone,False,False
B dorian,F minor,"G#, C#",2,14.86,distant_modulation,False,False
B dorian,F dorian,"G#, D",2,11.86,distant_modulation,False,False
B dorian,F phrygian,"G#, C#, F#",3,12.79,common_tone,False,False
B dorian,F lydian,"A, D, B, E",4,12.21,common_tone,False,False
B dorian,F mixolydian,"A, D",2,14.86,distant_modulation,False,False
B dorian,F locrian,"G#, C#, B, F#",4,10.71,common_tone,False,False
B dorian,F harmonic_minor,"G#, C#, E",3,14.29,common_tone,False,False
B dorian,F melodic_minor,"G#, D, E",3,14.29,common_tone,False,False
B dorian,F# major,"G#, C#, B, F#",4,9.21,common_tone,False,False
B dorian,F# minor,"C#, D, E, F#, G#, A, B",7,7.5,common_tone,False,False
B dorian,F# dorian,"C#, E, F#, G#, A, B",6,5.57,diatonic_common_tone,False,False
B dorian,F# phrygian,"C#, D, E, F#, A, B",6,8.07,common_tone,False,False
B dorian,F# lydian,"G#, C#, F#",3,9.79,common_tone,False,False
B dorian,F# mixolydian,"C#, E, F#, G#, B",5,8.64,common_tone,False,False
B dorian,F# locrian,"D, E, F#, A, B",5,8.64,common_tone,False,False
B dorian,F# harmonic_minor,"C#, D, F#, G#, A, B",6,8.07,common_tone,False,False
B dorian,F# melodic_minor,"C#, F#, G#, A, B",5,8.64,common_tone,False,False
B dorian,G major,"D, E, F#, A, B",5,7.14,common_tone,False,False
B dorian,G minor,"A, D",2,10.36,distant_modulation,False,False
B dorian,G dorian,"A, D, E",3,7.79,common_tone,False,False
B dorian,G phrygian,"G#, D",2,10.36,distant_modulation,False,False
B dorian,G lydian,"C#, D, E, F#, A, B",6,6.57,common_tone,False,False
B dorian,G mixolydian,"A, D, B, E",4,7.71,common_tone,False,False
B dorian,G locrian,"G#, C#",2,10.36,distant_modulation,False,False
B dorian,G harmonic_minor,"A, D, F#",3,8.29,common_tone,False,False
B dorian,G melodic_minor,"A, D, E, F#",4,7.71,common_tone,False,False
B dorian,G# major,"G#, C#",2,8.86,distant_modulation,False,False
B dorian,G# minor,"C#, E, F#, G#, B",5,5.64,common_tone,False,False
B dorian,G# dorian,"G#, C#, B, F#",4,4.71,closely_related,False,False
B dorian,G# phrygian,"C#, E, F#, G#, A, B",6,5.07,common_tone,False,False
B dorian,G# lydian,"G#, D",2,8.86,distant_modulation,False,False
B dorian,G# mixolydian,"G#, C#, F#",3,6.79,common_tone,False,False
B dorian,G# locrian,"C#, D, E, F#, G#, A, B",7,4.5,common_tone,False,False
B dorian,G# harmonic_minor,"G#, C#, B, E",4,6.21,common_tone,False,False
B dorian,G# melodic_minor,"G#, C#, B",3,6.79,common_tone,False,False
B dorian,A major,"C#, D, E, F#, G#, A, B",7,3.0,common_tone,False,False
B dorian,A minor,"A, D, B, E",4,4.71,common_tone,False,False
B dorian,A dorian,"D, E, F#, A, B",5,3.14,closely_related,False,False
B dorian,A phrygian,"A, D, E",3,5.29,common_tone,False,False
B dorian,A lydian,"C#, E, F#, G#, A, B",6,3.57,common_tone,False,False
B dorian,A mixolydian,"C#, D, E, F#, A, B",6,3.57,common_tone,False,False
B dorian,A locrian,"A, D",2,7.36,nearby_key,False,False
B dorian,A harmonic_minor,"D, E, G#, A, B",5,4.14,common_tone,False,False
B dorian,A melodic_minor,"D, E, F#, G#, A, B",6,3.57,common_tone,False,False
B dorian,A# major,"A, D",2,7.36,nearby_key,False,False
B dorian,A# minor,"G#, C#, F#",3,5.29,common_tone,False,False
B dorian,A# dorian,"G#, C#",2,6.86,nearby_key,False,False
B dorian,A# phrygian,"G#, C#, B, F#",4,3.21,common_tone,False,False
B dorian,A# lydian,"A, D, E",3,6.79,common_tone,False,False
B dorian,A# mixolydian,"G#, D",2,7.36,nearby_key,False,False
B dorian,A# locrian,"C#, E, F#, G#, B",5,2.64,common_tone,False,False
B dorian,A# harmonic_minor,"C#, F#, A",3,5.29,common_tone,False,False
B dorian,A# melodic_minor,"C#, A",2,7.36,nearby_key,False,False
B dorian,B major,"C#, E, F#, G#, B",5,1.14,common_tone,False,False
B dorian,B minor,"C#, D, E, F#, A, B",6,0.57,common_tone,False,False
B dorian,B phrygian,"D, E, F#, A, B",5,1.14,common_tone,False,False
B dorian,B lydian,"G#, C#, B, F#",4,1.71,common_tone,False,False
B dorian,B mixolydian,"C#, E, F#, G#, A, B",6,0.57,common_tone,False,False
B dorian,B locrian,"A, D, B, E",4,3.21,common_tone,False,False
B dorian,B harmonic_minor,"C#, D, E, F#, B",5,1.14,common_tone,False,False
B dorian,B melodic_minor,"C#, D, E, F#, G#, B",6,0.57,common_tone,False,False
B phrygian,C major,"C, D, E, G, A, B",6,2.07,common_tone,False,False
B phrygian,C minor,"C, D, G",3,3.79,common_tone,False,False
B phrygian,C dorian,"C, A, D, G",4,3.21,common_tone,False,False
B phrygian,C phrygian,"C, G",2,3.86,nearby_key,False,False
B phrygian,C lydian,"C, D, E, F#, G, A, B",7,1.5,common_tone,False,False
B phrygian,C mixolydian,"C, D, E, G, A",5,2.64,common_tone,False,False
B phrygian,C locrian,"C, F#",2,4.36,nearby_key,False,False
B phrygian,C harmonic_minor,"C, D, B, G",4,3.21,common_tone,False,False
B phrygian,C melodic_minor,"C, D, G, A, B",5,2.64,common_tone,False,False
B phrygian,C# major,"C, F#",2,7.36,nearby_key,False,False
B phrygian,C# minor,"A, B, E, F#",4,4.71,common_tone,False,False
B phrygian,C# dorian,"B, E, F#",3,5.29,common_tone,False,False
B phrygian,C# phrygian,"D, E, F#, A, B",5,3.14,closely_related,False,False
B phrygian,C# lydian,"C, G",2,8.86,nearby_key,False,False
B phrygian,C# mixolydian,"B, F#",2,5.86,nearby_key,False,False
B phrygian,C# locrian,"D, E, F#, G, A, B",6,3.57,common_tone,False,False
B phrygian,C# harmonic_minor,"C, A, E, F#",4,6.21,common_tone,False,False
B phrygian,C# melodic_minor,"C, E, F#",3,6.79,common_tone,False,False
B phrygian,D major,"D, E, F#, G, A, B",6,5.07,common_tone,False,False
B phrygian,D minor,"C, D, E, G, A",5,5.64,common_tone,False,False
B phrygian,D dorian,"C, D, E, G, A, B",6,5.07,common_tone,False,False
B phrygian,D phrygian,"C, A, D, G",4,4.71,closely_related,False,False
B phrygian,D lydian,"D, E, F#, A, B",5,5.64,common_tone,False,False
B phrygian,D mixolydian,"C, D, E, F#, G, A, B",7,4.5,common_tone,False,False
B phrygian,D locrian,"C, D, G",3,8.29,common_tone,False,False
B phrygian,D harmonic_minor,"A, D, E, G",4,6.21,common_tone,False,False
B phrygian,D melodic_minor,"D, E, G, A, B",5,5.64,common_tone,False,False
B phrygian,D# major,"C, D, G",3,11.29,common_tone,False,False
B phrygian,D# minor,"B, F#",2,8.86,distant_modulation,False,False
B phrygian,D# dorian,"C, F#",2,10.36,distant_modulation,False,False
B phrygian,D# phrygian,"B, E, F#",3,6.29,common_tone,False,False
B phrygian,D# lydian,"C, A, D, G",4,10.71,common_tone,False,False
B phrygian,D# mixolydian,"C, G",2,11.86,distant_modulation,False,False
B phrygian,D# locrian,"A, B, E, F#",4,7.71,common_tone,False,False
B phrygian,D# harmonic_minor,"D, B, F#",3,8.29,common_tone,False,False
B phrygian,D# melodic_minor,"C, D, F#",3,9.79,common_tone,False,False
B phrygian,E major,"A, B, E, F#",4,9.21,common_tone,False,False
B phrygian,E minor,"C, D, E, F#, G, A, B",7,7.5,common_tone,False,False
B phrygian,E dorian,"D, E, F#, G, A, B",6,8.07,common_tone,False,False
B phrygian,E phrygian,"C, D, E, G, A, B",6,5.57,diatonic_common_tone,False,False
B phrygian,E lydian,"B, E, F#",3,9.79,common_tone,False,False
B phrygian,E mixolydian,"D, E, F#, A, B",5,8.64,common_tone,False,False
B phrygian,E locrian,"C, D, E, G, A",5,10.14,common_tone,False,False
B phrygian,E harmonic_minor,"C, E, F#, G, A, B",6,8.07,common_tone,False,False
B phrygian,E melodic_minor,"E, F#, G, A, B",5,8.64,common_tone,False,False
B phrygian,F major,"C, D, E, G, A",5,11.64,common_tone,False,False
B phrygian,F minor,"C, G",2,13.36,distant_modulation,False,False
B phrygian,F dorian,"C, D, G",3,12.79,common_tone,False,False
B phrygian,F phrygian,"C, F#",2,8.86,distant_modulation,False,False
B phrygian,F lydian,"C, D, E, G, A, B",6,9.57,common_tone,False,False
B phrygian,F mixolydian,"C, A, D, G",4,12.21,common_tone,False,False
B phrygian,F locrian,"B, F#",2,11.86,distant_modulation,False,False
B phrygian,F harmonic_minor,"C, E, G",3,12.79,common_tone,False,False
B phrygian,F melodic_minor,"C, D, E, G",4,12.21,common_tone,False,False
B phrygian,F# major,"B, F#",2,10.36,distant_modulation,False,False
B phrygian,F# minor,"D, E, F#, A, B",5,8.64,common_tone,False,False
B phrygian,F# dorian,"A, B, E, F#",4,9.21,common_tone,False,False
B phrygian,F# phrygian,"D, E, F#, G, A, B",6,5.57,diatonic_common_tone,False,False
B phrygian,F# lydian,"C, F#",2,11.86,distant_modulation,False,False
B phrygian,F# mixolydian,"B, E, F#",3,9.79,common_tone,False,False
B phrygian,F# locrian,"C, D, E, F#, G, A, B",7,7.5,common_tone,False,False
B phrygian,F# harmonic_minor,"A, D, B, F#",4,9.21,common_tone,False,False
B phrygian,F# melodic_minor,"A, B, F#",3,9.79,common_tone,False,False
B phrygian,G major,"C, D, E, F#, G, A, B",7,6.0,common_tone,False,False
B phrygian,G minor,"C, A, D, G",4,7.71,common_tone,False,False
B phrygian,G dorian,"C, D, E, G, A",5,7.14,common_tone,False,False
B phrygian,G phrygian,"C, D, G",3,6.29,common_tone,False,False
B phrygian,G lydian,"D, E, F#, G, A, B",6,6.57,common_tone,False,False
B phrygian,G mixolydian,"C, D, E, G, A, B",6,6.57,common_tone,False,False
B phrygian,G locrian,"C, G",2,10.36,distant_modulation,False,False
B phrygian,G harmonic_minor,"C, D, F#, G, A",5,7.14,common_tone,False,False
B phrygian,G melodic_minor,"C, D, E, F#, G, A",6,6.57,common_tone,False,False
B phrygian,G# major,"C, G",2,10.36,distant_modulation,False,False
B phrygian,G# minor,"B, E, F#",3,6.79,common_tone,False,False
B phrygian,G# dorian,"B, F#",2,7.36,distant_modulation,False,False
B phrygian,G# phrygian,"A, B, E, F#",4,4.71,closely_related,False,False
B phrygian,G# lydian,"C, D, G",3,9.79,common_tone,False,False
B phrygian,G# mixolydian,"C, F#",2,8.86,distant_modulation,False,False
B phrygian,G# locrian,"D, E, F#, A, B",5,5.64,common_tone,False,False
B phrygian,G# harmonic_minor,"B, E, G",3,8.29,common_tone,False,False
B phrygian,G# melodic_minor,"B, G",2,8.86,distant_modulation,False,False
B phrygian,A major,"D, E, F#, A, B",5,4.14,common_tone,False,False
B phrygian,A minor,"C, D, E, G, A, B",6,3.57,common_tone,False,False
B phrygian,A dorian,"C, D, E, F#, G, A, B",7,3.0,common_tone,False,False
B phrygian,A phrygian,"C, D, E, G, A",5,3.14,closely_related,False,False
B phrygian,A lydian,"A, B, E, F#",4,4.71,common_tone,False,False
B phrygian,A mixolydian,"D, E, F#, G, A, B",6,3.57,common_tone,False,False
B phrygian,A locrian,"C, A, D, G",4,6.21,common_tone,False,False
B phrygian,A harmonic_minor,"C, D, E, A, B",5,4.14,common_tone,False,False
B phrygian,A melodic_minor,"C, D, E, F#, A, B",6,3.57,common_tone,False,False
B phrygian,A# major,"C, A, D, G",4,6.21,common_tone,False,False
B phrygian,A# minor,"C, F#",2,5.86,nearby_key,False,False
B phrygian,A# dorian,"C, G",2,7.36,nearby_key,False,False
B phrygian,A# phrygian,"B, F#",2,3.86,nearby_key,False,False
B phrygian,A# lydian,"C, D, E, G, A",5,5.64,common_tone,False,False
B phrygian,A# mixolydian,"C, D, G",3,6.79,common_tone,False,False
B phrygian,A# locrian,"B, E, F#",3,3.79,common_tone,False,False
B phrygian,A# harmonic_minor,"C, A, F#",3,5.29,common_tone,False,False
B phrygian,A# melodic_minor,"C, A, G",3,6.79,common_tone,False,False
B phrygian,B major,"B, E, F#",3,2.29,common_tone,False,False
B phrygian,B minor,"D, E, F#, G, A, B",6,0.57,common_tone,False,False
B phrygian,B dorian,"D, E, F#, A, B",5,1.14,common_tone,False,False
B phrygian,B lydian,"B, F#",2,2.86,nearby_key,False,False
B phrygian,B mixolydian,"A, B, E, F#",4,1.71,common_tone,False,False
B phrygian,B locrian,"C, D, E, G, A, B",6,2.07,common_tone,False,False
B phrygian,B harmonic_minor,"D, E, F#, G, B",5,1.14,common_tone,False,False
B phrygian,B melodic_minor,"D, B, E, F#",4,1.71,common_tone,False,False
B lydian,C major,"B, F",2,5.86,nearby_key,False,False
B lydian,C minor,"G#, A#, D#, F",4,6.21,common_tone,False,False
B lydian,C dorian,"A#, D#, F",3,6.79,common_tone,False,False
B lydian,C phrygian,"C#, D#, F, G#, A#",5,5.64,common_tone,False,False
B lydian,C lydian,"B, F#",2,3.86,nearby_key,False,False
B lydian,C mixolydian,"A#, F",2,7.36,nearby_key,False,False
B lydian,C locrian,"C#, D#, F, F#, G#, A#",6,3.57,common_tone,False,False
B lydian,C harmonic_minor,"G#, B, D#, F",4,4.71,common_tone,False,False
B lydian,C melodic_minor,"B, D#, F",3,5.29,common_tone,False,False
B lydian,C# major,"C#, D#, F, F#, G#, A#",6,3.57,common_tone,False,False
B lydian,C# minor,"C#, D#, F#, G#, B",5,4.14,common_tone,False,False
B lydian,C# dorian,"C#, D#, F#, G#, A#, B",6,3.57,common_tone,False,False
B lydian,C# phrygian,"G#, C#, B, F#",4,4.71,common_tone,False,False
B lydian,C# lydian,"C#, D#, F, G#, A#",5,3.14,closely_related,False,False
B lydian,C# mixolydian,"C#, D#, F, F#, G#, A#, B",7,3.0,common_tone,False,False
B lydian,C# locrian,"C#, B, F#",3,5.29,common_tone,False,False
B lydian,C# harmonic_minor,"G#, C#, D#, F#",4,4.71,common_tone,False,False
B lydian,C# melodic_minor,"C#, D#, F#, G#, A#",5,4.14,common_tone,False,False
B lydian,D major,"C#, B, F#",3,6.79,common_tone,False,False
B lydian,D minor,"A#, F",2,10.36,distant_modulation,False,False
B lydian,D dorian,"B, F",2,8.86,distant_modulation,False,False
B lydian,D phrygian,"A#, D#, F",3,9.79,common_tone,False,False
B lydian,D lydian,"G#, C#, B, F#",4,4.71,closely_related,False,False
B lydian,D mixolydian,"B, F#",2,7.36,distant_modulation,False,False
B lydian,D locrian,"G#, A#, D#, F",4,7.71,common_tone,False,False
B lydian,D harmonic_minor,"C#, A#, F",3,9.79,common_tone,False,False
B lydian,D melodic_minor,"C#, B, F",3,8.29,common_tone,False,False
B lydian,D# major,"G#, A#, D#, F",4,7.71,common_tone,False,False
B lydian,D# minor,"C#, D#, F, F#, G#, A#, B",7,6.0,common_tone,False,False
B lydian,D# dorian,"C#, D#, F, F#, G#, A#",6,6.57,common_tone,False,False
B lydian,D# phrygian,"C#, D#, F#, G#, A#, B",6,6.57,common_tone,False,False
B lydian,D# lydian,"A#, D#, F",3,6.29,common_tone,False,False
B lydian,D# mixolydian,"C#, D#, F, G#, A#",5,7.14,common_tone,False,False
B lydian,D# locrian,"C#, D#, F#, G#, B",5,7.14,common_tone,False,False
B lydian,D# harmonic_minor,"D#, F, F#, G#, A#, B",6,6.57,common_tone,False,False
B lydian,D# melodic_minor,"D#, F, F#, G#, A#",5,7.14,common_tone,False,False
B lydian,E major,"C#, D#, F#, G#, B",5,8.64,common_tone,False,False
B lydian,E minor,"B, F#",2,10.36,distant_modulation,False,False
B lydian,E dorian,"C#, B, F#",3,9.79,common_tone,False,False
B lydian,E phrygian,"B, F",2,11.86,distant_modulation,False,False
B lydian,E lydian,"C#, D#, F#, G#, A#, B",6,5.57,diatonic_common_tone,False,False
B lydian,E mixolydian,"G#, C#, B, F#",4,9.21,common_tone,False,False
B lydian,E locrian,"A#, F",2,11.86,distant_modulation,False,False
B lydian,E harmonic_minor,"B, D#, F#",3,9.79,common_tone,False,False
B lydian,E melodic_minor,"B, C#, D#, F#",4,9.21,common_tone,False,False
B lydian,F major,"A#, F",2,13.36,distant_modulation,False,False
B lydian,F minor,"C#, D#, F, G#, A#",5,11.64,common_tone,False,False
B lydian,F dorian,"G#, A#, D#, F",4,12.21,common_tone,False,False
B lydian,F phrygian,"C#, D#, F, F#, G#, A#",6,9.57,common_tone,False,False
B lydian,F lydian,"B, F",2,8.86,distant_modulation,False,False
B lydian,F mixolydian,"A#, D#, F",3,12.79,common_tone,False,False
B lydian,F locrian,"C#, D#, F, F#, G#, A#, B",7,9.0,common_tone,False,False
B lydian,F harmonic_minor,"G#, C#, A#, F",4,12.21,common_tone,False,False
B lydian,F melodic_minor,"G#, A#, F",3,12.79,common_tone,False,False
B lydian,F# major,"C#, D#, F, F#, G#, A#, B",7,7.5,common_tone,False,False
B lydian,F# minor,"G#, C#, B, F#",4,9.21,common_tone,False,False
B lydian,F# dorian,"C#, D#, F#, G#, B",5,8.64,common_tone,False,False
B lydian,F# phrygian,"C#, B, F#",3,9.79,common_tone,False,False
B lydian,F# lydian,"C#, D#, F, F#, G#, A#",6,5.57,diatonic_common_tone,False,False
B lydian,F# mixolydian,"C#, D#, F#, G#, A#, B",6,8.07,common_tone,False,False
B lydian,F# locrian,"B, F#",2,10.36,distant_modulation,False,False
B lydian,F# harmonic_minor,"C#, F, F#, G#, B",5,8.64,common_tone,False,False
B lydian,F# melodic_minor,"C#, D#, F, F#, G#, B",6,8.07,common_tone,False,False
B lydian,G major,"B, F#",2,8.86,distant_modulation,False,False
B lydian,G minor,"A#, D#, F",3,11.29,common_tone,False,False
B lydian,G dorian,"A#, F",2,11.86,distant_modulation,False,False
B lydian,G phrygian,"G#, A#, D#, F",4,10.71,common_tone,False,False
B lydian,G lydian,"C#, B, F#",3,6.29,common_tone,False,False
B lydian,G mixolydian,"B, F",2,10.36,distant_modulation,False,False
B lydian,G locrian,"C#, D#, F, G#, A#",5,8.64,common_tone,False,False
B lydian,G harmonic_minor,"A#, D#, F#",3,9.79,common_tone,False,False
B lydian,G melodic_minor,"A#, F#",2,10.36,distant_modulation,False,False
B lydian,G# major,"C#, D#, F, G#, A#",5,5.64,common_tone,False,False
B lydian,G# minor,"C#, D#, F#, G#, A#, B",6,5.07,common_tone,False,False
B lydian,G# dorian,"C#, D#, F, F#, G#, A#, B",7,4.5,common_tone,False,False
B lydian,G# phrygian,"C#, D#, F#, G#, B",5,5.64,common_tone,False,False
B lydian,G# lydian,"G#, A#, D#, F",4,4.71,closely_related,False,False
B lydian,G# mixolydian,"C#, D#, F, F#, G#, A#",6,5.07,common_tone,False,False
B lydian,G# locrian,"G#, C#, B, F#",4,6.21,common_tone,False,False
B lydian,G# harmonic_minor,"C#, D#, G#, A#, B",5,5.64,common_tone,False,False
B lydian,G# melodic_minor,"C#, D#, F, G#, A#, B",6,5.07,common_tone,False,False
B lydian,A major,"G#, C#, B, F#",4,4.71,common_tone,False,False
B lydian,A minor,"B, F",2,7.36,nearby_key,False,False
B lydian,A dorian,"B, F#",2,5.86,nearby_key,False,False
B lydian,A phrygian,"A#, F",2,8.86,nearby_key,False,False
B lydian,A lydian,"C#, D#, F#, G#, B",5,3.14,closely_related,False,False
B lydian,A mixolydian,"C#, B, F#",3,5.29,common_tone,False,False
B lydian,A locrian,"A#, D#, F",3,6.79,common_tone,False,False
B lydian,A harmonic_minor,"G#, B, F",3,6.79,common_tone,False,False
B lydian,A melodic_minor,"G#, B, F#",3,5.29,common_tone,False,False
B lydian,A# major,"A#, D#, F",3,3.79,common_tone,False,False
B lydian,A# minor,"C#, D#, F, F#, G#, A#",6,2.07,common_tone,False,False
B lydian,A# dorian,"C#, D#, F, G#, A#",5,2.64,common_tone,False,False
B lydian,A# phrygian,"C#, D#, F, F#, G#, A#, B",7,1.5,common_tone,False,False
B lydian,A# lydian,"A#, F",2,3.86,nearby_key,False,False
B lydian,A# mixolydian,"G#, A#, D#, F",4,3.21,common_tone,False,False
B lydian,A# locrian,"C#, D#, F#, G#, A#, B",6,2.07,common_tone,False,False
B lydian,A# harmonic_minor,"C#, D#, F, F#, A#",5,2.64,common_tone,False,False
B lydian,A# melodic_minor,"C#, A#, D#, F",4,3.21,common_tone,False,False
B lydian,B major,"C#, D#, F#, G#, A#, B",6,0.57,common_tone,False,False
B lydian,B minor,"C#, B, F#",3,2.29,common_tone,False,False
B lydian,B dorian,"G#, C#, B, F#",4,1.71,common_tone,False,False
B lydian,B phrygian,"B, F#",2,2.86,nearby_key,False,False
B lydian,B mixolydian,"C#, D#, F#, G#, B",5,1.14,common_tone,False,False
B lydian,B locrian,"B, F",2,2.86,nearby_key,False,False
B lydian,B harmonic_minor,"C#, A#, B, F#",4,1.71,common_tone,False,False
B lydian,B melodic_minor,"C#, F#, G#, A#, B",5,1.14,common_tone,False,False
B mixolydian,C major,"A, B, E",3,5.29,common_tone,False,False
B mixolydian,C minor,"G#, D#",2,7.36,nearby_key,False,False
B mixolydian,C dorian,"A, D#",2,7.36,nearby_key,False,False
B mixolydian,C phrygian,"G#, C#, D#",3,6.79,common_tone,False,False
B mixolydian,C lydian,"A, B, E, F#",4,3.21,common_tone,False,False
B mixolydian,C mixolydian,"A, E",2,6.86,nearby_key,False,False
B mixolydian,C locrian,"G#, C#, D#, F#",4,4.71,common_tone,False,False
B mixolydian,C harmonic_minor,"G#, B, D#",3,5.29,common_tone,False,False
B mixolydian,C melodic_minor,"B, A, D#",3,5.29,common_tone,False,False
B mixolydian,C# major,"G#, C#, D#, F#",4,4.71,common_tone,False,False
B mixolydian,C# minor,"C#, D#, E, F#, G#, A, B",7,3.0,common_tone,False,False
B mixolydian,C# dorian,"C#, D#, E, F#, G#, B",6,3.57,common_tone,False,False
B mixolydian,C# phrygian,"C#, E, F#, G#, A, B",6,3.57,common_tone,False,False
B mixolydian,C# lydian,"G#, C#, D#",3,5.29,common_tone,False,False
B mixolydian,C# mixolydian,"C#, D#, F#, G#, B",5,3.14,closely_related,False,False
B mixolydian,C# locrian,"C#, E, F#, A, B",5,4.14,common_tone,False,False
B mixolydian,C# harmonic_minor,"C#, D#, E, F#, G#, A",6,3.57,common_tone,False,False
B mixolydian,C# melodic_minor,"C#, D#, E, F#, G#",5,4.14,common_tone,False,False
B mixolydian,D major,"C#, E, F#, A, B",5,5.64,common_tone,False,False
B mixolydian,D minor,"A, E",2,8.86,distant_modulation,False,False
B mixolydian,D dorian,"A, B, E",3,6.79,common_tone,False,False
B mixolydian,D phrygian,"A, D#",2,8.86,distant_modulation,False,False
B mixolydian,D lydian,"C#, E, F#, G#, A, B",6,5.07,common_tone,False,False
B mixolydian,D mixolydian,"A, B, E, F#",4,4.71,closely_related,False,False
B mixolydian,D locrian,"G#, D#",2,8.86,distant_modulation,False,False
B mixolydian,D harmonic_minor,"C#, E, A",3,8.29,common_tone,False,False
B mixolydian,D melodic_minor,"C#, B, E, A",4,6.21,common_tone,False,False
B mixolydian,D# major,"G#, D#",2,10.36,distant_modulation,False,False
B mixolydian,D# minor,"C#, D#, F#, G#, B",5,7.14,common_tone,False,False
B mixolydian,D# dorian,"G#, C#, D#, F#",4,7.71,common_tone,False,False
B mixolydian,D# phrygian,"C#, D#, E, F#, G#, B",6,6.57,common_tone,False,False
B mixolydian,D# lydian,"A, D#",2,10.36,distant_modulation,False,False
B mixolydian,D# mixolydian,"G#, C#, D#",3,7.79,common_tone,False,False
B mixolydian,D# locrian,"C#, D#, E, F#, G#, A, B",7,6.0,common_tone,False,False
B mixolydian,D# harmonic_minor,"G#, B, D#, F#",4,7.71,common_tone,False,False
B mixolydian,D# melodic_minor,"G#, D#, F#",3,8.29,common_tone,False,False
B mixolydian,E major,"C#, D#, E, F#, G#, A, B",7,7.5,common_tone,False,False
B mixolydian,E minor,"A, B, E, F#",4,9.21,common_tone,False,False
B mixolydian,E dorian,"C#, E, F#, A, B",5,8.64,common_tone,False,False
B mixolydian,E phrygian,"A, B, E",3,9.79,common_tone,False,False
B mixolydian,E lydian,"C#, D#, E, F#, G#, B",6,8.07,common_tone,False,False
B mixolydian,E mixolydian,"C#, E, F#, G#, A, B",6,5.57,diatonic_common_tone,False,False
B mixolydian,E locrian,"A, E",2,11.86,distant_modulation,False,False
B mixolydian,E harmonic_minor,"D#, E, F#, A, B",5,8.64,common_tone,False,False
B mixolydian,E melodic_minor,"C#, D#, E, F#, A, B",6,8.07,common_tone,False,False
B mixolydian,F major,"A, E",2,14.86,distant_modulation,False,False
B mixolydian,F minor,"G#, C#, D#",3,14.29,common_tone,False,False
B mixolydian,F dorian,"G#, D#",2,14.86,distant_modulation,False,False
B mixolydian,F phrygian,"G#, C#, D#, F#",4,12.21,common_tone,False,False
B mixolydian,F lydian,"A, B, E",3,12.79,common_tone,False,False
B mixolydian,F mixolydian,"A, D#",2,11.86,distant_modulation,False,False
B mixolydian,F locrian,"C#, D#, F#, G#, B",5,10.14,common_tone,False,False
B mixolydian,F harmonic_minor,"G#, C#, E",3,14.29,common_tone,False,False
B mixolydian,F melodic_minor,"G#, E",2,14.86,distant_modulation,False,False
B mixolydian,F# major,"C#, D#, F#, G#, B",5,8.64,common_tone,False,False
B mixolydian,F# minor,"C#, E, F#, G#, A, B",6,8.07,common_tone,False,False
B mixolydian,F# dorian,"C#, D#, E, F#, G#, A, B",7,7.5,common_tone,False,False
B mixolydian,F# phrygian,"C#, E, F#, A, B",5,8.64,common_tone,False,False
B mixolydian,F# lydian,"G#, C#, D#, F#",4,9.21,common_tone,False,False
B mixolydian,F# mixolydian,"C#, D#, E, F#, G#, B",6,5.57,diatonic_common_tone,False,False
B mixolydian,F# locrian,"A, B, E, F#",4,9.21,common_tone,False,False
B mixolydian,F# harmonic_minor,"C#, F#, G#, A, B",5,8.64,common_tone,False,False
B mixolydian,F# melodic_minor,"C#, D#, F#, G#, A, B",6,8.07,common_tone,False,False
B mixolydian,G major,"A, B, E, F#",4,7.71,common_tone,False,False
B mixolydian,G minor,"A, D#",2,11.86,distant_modulation,False,False
B mixolydian,G dorian,"A, E",2,11.86,distant_modulation,False,False
B mixolydian,G phrygian,"G#, D#",2,11.86,distant_modulation,False,False
B mixolydian,G lydian,"C#, E, F#, A, B",5,7.14,common_tone,False,False
B mixolydian,G mixolydian,"A, B, E",3,7.79,common_tone,False,False
B mixolydian,G locrian,"G#, C#, D#",3,9.79,common_tone,False,False
B mixolydian,G harmonic_minor,"A, D#, F#",3,9.79,common_tone,False,False
B mixolydian,G melodic_minor,"A, E, F#",3,9.79,common_tone,False,False
B mixolydian,G# major,"G#, C#, D#",3,6.79,common_tone,False,False
B mixolydian,G# minor,"C#, D#, E, F#, G#, B",6,5.07,common_tone,False,False
B mixolydian,G# dorian,"C#, D#, F#, G#, B",5,5.64,common_tone,False,False
B mixolydian,G# phrygian,"C#, D#, E, F#, G#, A, B",7,4.5,common_tone,False,False
B mixolydian,G# lydian,"G#, D#",2,7.36,distant_modulation,False,False
B mixolydian,G# mixolydian,"G#, C#, D#, F#",4,4.71,closely_related,False,False
B mixolydian,G# locrian,"C#, E, F#, G#, A, B",6,5.07,common_tone,False,False
B mixolydian,G# harmonic_minor,"C#, D#, E, G#, B",5,5.64,common_tone,False,False
B mixolydian,G# melodic_minor,"G#, C#, D#, B",4,6.21,common_tone,False,False
B mixolydian,A major,"C#, E, F#, G#, A, B",6,3.57,common_tone,False,False
B mixolydian,A minor,"A, B, E",3,5.29,common_tone,False,False
B mixolydian,A dorian,"A, B, E, F#",4,4.71,common_tone,False,False
B mixolydian,A phrygian,"A, E",2,5.86,nearby_key,False,False
B mixolydian,A lydian,"C#, D#, E, F#, G#, A, B",7,3.0,common_tone,False,False
B mixolydian,A mixolydian,"C#, E, F#, A, B",5,3.14,closely_related,False,False
B mixolydian,A locrian,"A, D#",2,5.86,nearby_key,False,False
B mixolydian,A harmonic_minor,"G#, A, B, E",4,4.71,common_tone,False,False
B mixolydian,A melodic_minor,"E, F#, G#, A, B",5,4.14,common_tone,False,False
B mixolydian,A# major,"A, D#",2,7.36,nearby_key,False,False
B mixolydian,A# minor,"G#, C#, D#, F#",4,4.71,common_tone,False,False
B mixolydian,A# dorian,"G#, C#, D#",3,6.79,common_tone,False,False
B mixolydian,A# phrygian,"C#, D#, F#, G#, B",5,2.64,common_tone,False,False
B mixolydian,A# lydian,"A, E",2,7.36,nearby_key,False,False
B mixolydian,A# mixolydian,"G#, D#",2,6.86,nearby_key,False,False
B mixolydian,A# locrian,"C#, D#, E, F#, G#, B",6,2.07,common_tone,False,False
B mixolydian,A# harmonic_minor,"C#, D#, F#, A",4,4.71,common_tone,False,False
B mixolydian,A# melodic_minor,"C#, D#, A",3,6.79,common_tone,False,False
B mixolydian,B major,"C#, D#, E, F#, G#, B",6,0.57,common_tone,False,False
B mixolydian,B minor,"C#, E, F#, A, B",5,1.14,common_tone,False,False
B mixolydian,B dorian,"C#, E, F#, G#, A, B",6,0.57,common_tone,False,False
B mixolydian,B phrygian,"A, B, E, F#",4,1.71,common_tone,False,False
B mixolydian,B lydian,"C#, D#, F#, G#, B",5,1.14,common_tone,False,False
B mixolydian,B locrian,"A, B, E",3,3.79,common_tone,False,False
B mixolydian,B harmonic_minor,"C#, B, E, F#",4,1.71,common_tone,False,False
B mixolydian,B melodic_minor,"C#, E, F#, G#, B",5,1.14,common_tone,False,False
B locrian,C major,"C, D, E, F, G, A, B",7,1.5,common_tone,False,False
B locrian,C minor,"C, D, F, G",4,3.21,common_tone,False,False
B locrian,C dorian,"C, D, F, G, A",5,2.64,common_tone,False,False
B locrian,C phrygian,"C, F, G",3,3.79,common_tone,False,False
B locrian,C lydian,"C, D, E, G, A, B",6,2.07,common_tone,False,False
B locrian,C mixolydian,"C, D, E, F, G, A",6,2.07,common_tone,False,False
B locrian,C locrian,"C, F",2,3.86,nearby_key,False,False
B locrian,C harmonic_minor,"C, D, F, G, B",5,2.64,common_tone,False,False
B locrian,C melodic_minor,"C, D, F, G, A, B",6,2.07,common_tone,False,False
B locrian,C# major,"C, F",2,7.36,nearby_key,False,False
B locrian,C# minor,"A, B, E",3,6.79,common_tone,False,False
B locrian,C# dorian,"B, E",2,7.36,nearby_key,False,False
B locrian,C# phrygian,"A, D, B, E",4,6.21,common_tone,False,False
B locrian,C# lydian,"C, F, G",3,6.79,common_tone,False,False
B locrian,C# mixolydian,"B, F",2,5.86,nearby_key,False,False
B locrian,C# locrian,"D, E, G, A, B",5,3.14,closely_related,False,False
B locrian,C# harmonic_minor,"C, A, E",3,8.29,common_tone,False,False
B locrian,C# melodic_minor,"C, E",2,8.86,nearby_key,False,False
B locrian,D major,"D, E, G, A, B",5,5.64,common_tone,False,False
B locrian,D minor,"C, D, E, F, G, A",6,5.07,common_tone,False,False
B locrian,D dorian,"C, D, E, F, G, A, B",7,4.5,common_tone,False,False
B locrian,D phrygian,"C, D, F, G, A",5,5.64,common_tone,False,False
B locrian,D lydian,"A, D, B, E",4,6.21,common_tone,False,False
B locrian,D mixolydian,"C, D, E, G, A, B",6,5.07,common_tone,False,False
B locrian,D locrian,"C, D, F, G",4,4.71,closely_related,False,False
B locrian,D harmonic_minor,"D, E, F, G, A",5,5.64,common_tone,False,False
B locrian,D melodic_minor,"D, E, F, G, A, B",6,5.07,common_tone,False,False
B locrian,D# major,"C, D, F, G",4,9.21,common_tone,False,False
B locrian,D# minor,"B, F",2,8.86,distant_modulation,False,False
B locrian,D# dorian,"C, F",2,10.36,distant_modulation,False,False
B locrian,D# phrygian,"B, E",2,10.36,distant_modulation,False,False
B locrian,D# lydian,"C, D, F, G, A",5,8.64,common_tone,False,False
B locrian,D# mixolydian,"C, F, G",3,9.79,common_tone,False,False
B locrian,D# locrian,"A, B, E",3,6.29,common_tone,False,False
B locrian,D# harmonic_minor,"D, B, F",3,8.29,common_tone,False,False
B locrian,D# melodic_minor,"C, D, F",3,9.79,common_tone,False,False
B locrian,E major,"A, B, E",3,9.79,common_tone,False,False
B locrian,E minor,"C, D, E, G, A, B",6,8.07,common_tone,False,False
B locrian,E dorian,"D, E, G, A, B",5,8.64,common_tone,False,False
B locrian,E phrygian,"C, D, E, F, G, A, B",7,7.5,common_tone,False,False
B locrian,E lydian,"B, E",2,10.36,distant_modulation,False,False
B locrian,E mixolydian,"A, D, B, E",4,9.21,common_tone,False,False
B locrian,E locrian,"C, D, E, F, G, A",6,5.57,diatonic_common_tone,False,False
B locrian,E harmonic_minor,"C, E, G, A, B",5,8.64,common_tone,False,False
B locrian,E melodic_minor,"A, B, E, G",4,9.21,common_tone,False,False
B locrian,F major,"C, D, E, F, G, A",6,9.57,common_tone,False,False
B locrian,F minor,"C, F, G",3,11.29,common_tone,False,False
B locrian,F dorian,"C, D, F, G",4,10.71,common_tone,False,False
B locrian,F phrygian,"C, F",2,11.86,distant_modulation,False,False
B locrian,F lydian,"C, D, E, F, G, A, B",7,9.0,common_tone,False,False
B locrian,F mixolydian,"C, D, F, G, A",5,10.14,common_tone,False,False
B locrian,F locrian,"B, F",2,8.86,distant_modulation,False,False
B locrian,F harmonic_minor,"C, E, F, G",4,10.71,common_tone,False,False
B locrian,F melodic_minor,"C, D, E, F, G",5,10.14,common_tone,False,False
B locrian,F# major,"B, F",2,10.36,distant_modulation,False,False
B locrian,F# minor,"A, D, B, E",4,10.71,common_tone,False,False
B locrian,F# dorian,"A, B, E",3,11.29,common_tone,False,False
B locrian,F# phrygian,"D, E, G, A, B",5,10.14,common_tone,False,False
B locrian,F# lydian,"C, F",2,11.86,distant_modulation,False,False
B locrian,F# mixolydian,"B, E",2,11.86,distant_modulation,False,False
B locrian,F# locrian,"C, D, E, G, A, B",6,5.57,diatonic_common_tone,False,False
B locrian,F# harmonic_minor,"A, D, B, F",4,9.21,common_tone,False,False
B locrian,F# melodic_minor,"A, B, F",3,9.79,common_tone,False,False
B locrian,G major,"C, D, E, G, A, B",6,6.57,common_tone,False,False
B locrian,G minor,"C, D, F, G, A",5,7.14,common_tone,False,False
B locrian,G dorian,"C, D, E, F, G, A",6,6.57,common_tone,False,False
B locrian,G phrygian,"C, D, F, G",4,7.71,common_tone,False,False
B locrian,G lydian,"D, E, G, A, B",5,7.14,common_tone,False,False
B locrian,G mixolydian,"C, D, E, F, G, A, B",7,6.0,common_tone,False,False
B locrian,G locrian,"C, F, G",3,6.29,common_tone,False,False
B locrian,G harmonic_minor,"C, A, D, G",4,7.71,common_tone,False,False
B locrian,G melodic_minor,"C, D, E, G, A",5,7.14,common_tone,False,False
B locrian,G# major,"C, F, G",3,8.29,common_tone,False,False
B locrian,G# minor,"B, E",2,8.86,distant_modulation,False,False
B locrian,G# dorian,"B, F",2,7.36,distant_modulation,False,False
B locrian,G# phrygian,"A, B, E",3,8.29,common_tone,False,False
B locrian,G# lydian,"C, D, F, G",4,7.71,common_tone,False,False
B locrian,G# mixolydian,"C, F",2,8.86,distant_modulation,False,False
B locrian,G# locrian,"A, D, B, E",4,4.71,closely_related,False,False
B locrian,G# harmonic_minor,"B, E, G",3,8.29,common_tone,False,False
B locrian,G# melodic_minor,"B, F, G",3,6.79,common_tone,False,False
B locrian,A major,"A, D, B, E",4,4.71,common_tone,False,False
B locrian,A minor,"C, D, E, F, G, A, B",7,3.0,common_tone,False,False
B locrian,A dorian,"C, D, E, G, A, B",6,3.57,common_tone,False,False
B locrian,A phrygian,"C, D, E, F, G, A",6,3.57,common_tone,False,False
B locrian,A lydian,"A, B, E",3,5.29,common_tone,False,False
B locrian,A mixolydian,"D, E, G, A, B",5,4.14,common_tone,False,False
B locrian,A locrian,"C, D, F, G, A",5,3.14,closely_related,False,False
B locrian,A harmonic_minor,"C, D, E, F, A, B",6,3.57,common_tone,False,False
B locrian,A melodic_minor,"C, D, E, A, B",5,4.14,common_tone,False,False
B locrian,A# major,"C, D, F, G, A",5,4.14,common_tone,False,False
B locrian,A# minor,"C, F",2,5.86,nearby_key,False,False
B locrian,A# dorian,"C, F, G",3,5.29,common_tone,False,False
B locrian,A# phrygian,"B, F",2,4.36,nearby_key,False,False
B locrian,A# lydian,"C, D, E, F, G, A",6,3.57,common_tone,False,False
B locrian,A# mixolydian,"C, D, F, G",4,4.71,common_tone,False,False
B locrian,A# locrian,"B, E",2,3.86,nearby_key,False,False
B locrian,A# harmonic_minor,"C, A, F",3,5.29,common_tone,False,False
B locrian,A# melodic_minor,"C, A, F, G",4,4.71,common_tone,False,False
B locrian,B major,"B, E",2,4.36,nearby_key,False,False
B locrian,B minor,"D, E, G, A, B",5,2.64,common_tone,False,False
B locrian,B dorian,"A, D, B, E",4,3.21,common_tone,False,False
B locrian,B phrygian,"C, D, E, G, A, B",6,2.07,common_tone,False,False
B locrian,B lydian,"B, F",2,2.86,nearby_key,False,False
B locrian,B mixolydian,"A, B, E",3,3.79,common_tone,False,False
B locrian,B harmonic_minor,"D, B, E, G",4,3.21,common_tone,False,False
B locrian,B melodic_minor,"D, B, E",3,3.79,common_tone,False,False
B harmonic_minor,C major,"D, B, E, G",4,3.21,common_tone,False,False
B harmonic_minor,C minor,"D, A#, G",3,5.29,common_tone,False,False
B harmonic_minor,C dorian,"D, A#, G",3,5.29,common_tone,False,False
B harmonic_minor,C phrygian,"C#, A#, G",3,5.29,common_tone,False,False
B harmonic_minor,C lydian,"D, E, F#, G, B",5,2.64,common_tone,False,False
B harmonic_minor,C mixolydian,"D, A#, E, G",4,4.71,common_tone,False,False
B harmonic_minor,C locrian,"C#, A#, F#",3,5.29,common_tone,False,False
B harmonic_minor,C harmonic_minor,"D, B, G",3,3.29,common_tone,False,False
B harmonic_minor,C melodic_minor,"D, B, G",3,3.79,common_tone,False,False
B harmonic_minor,C# major,"C#, A#, F#",3,5.29,common_tone,False,False
B harmonic_minor,C# minor,"C#, B, E, F#",4,4.71,common_tone,False,False
B harmonic_minor,C# dorian,"C#, E, F#, A#, B",5,4.14,common_tone,False,False
B harmonic_minor,C# phrygian,"C#, D, E, F#, B",5,4.14,common_tone,False,False
B harmonic_minor,C# lydian,"C#, A#, G",3,6.79,common_tone,False,False
B harmonic_minor,C# mixolydian,"C#, A#, B, F#",4,4.71,common_tone,False,False
B harmonic_minor,C# locrian,"C#, D, E, F#, G, B",6,3.57,common_tone,False,False
B harmonic_minor,C# harmonic_minor,"C#, E, F#",3,4.29,common_tone,False,False
B harmonic_minor,C# melodic_minor,"C#, A#, E, F#",4,4.71,common_tone,False,False
B harmonic_minor,D major,"C#, D, E, F#, G, B",6,5.07,common_tone,False,False
B harmonic_minor,D minor,"D, A#, E, G",4,7.71,common_tone,False,False
B harmonic_minor,D dorian,"D, B, E, G",4,6.21,common_tone,False,False
B harmonic_minor,D phrygian,"D, A#, G",3,8.29,common_tone,False,False
B harmonic_minor,D lydian,"C#, D, E, F#, B",5,5.64,common_tone,False,False
B harmonic_minor,D mixolydian,"D, E, F#, G, B",5,5.64,common_tone,False,False
B harmonic_minor,D locrian,"D, A#, G",3,8.29,common_tone,False,False
B harmonic_minor,D harmonic_minor,"C#, D, E, G, A#",5,5.64,closely_related,False,False
B harmonic_minor,D melodic_minor,"C#, D, E, G, B",5,5.64,common_tone,False,False
B harmonic_minor,D# major,"D, A#, G",3,9.79,common_tone,False,False
B harmonic_minor,D# minor,"C#, A#, B, F#",4,7.71,common_tone,False,False
B harmonic_minor,D# dorian,"C#, A#, F#",3,8.29,common_tone,False,False
B harmonic_minor,D# phrygian,"C#, E, F#, A#, B",5,7.14,common_tone,False,False
B harmonic_minor,D# lydian,"D, A#, G",3,9.79,common_tone,False,False
B harmonic_minor,D# mixolydian,"C#, A#, G",3,9.79,common_tone,False,False
B harmonic_minor,D# locrian,"C#, B, E, F#",4,7.71,common_tone,False,False
B harmonic_minor,D# harmonic_minor,"B, D, A#, F#",4,5.71,closely_related,False,False
B harmonic_minor,D# melodic_minor,"D, A#, F#",3,8.29,common_tone,False,False
B harmonic_minor,E major,"C#, B, E, F#",4,9.21,common_tone,False,False
B harmonic_minor,E minor,"D, E, F#, G, B",5,8.64,common_tone,False,False
B harmonic_minor,E dorian,"C#, D, E, F#, G, B",6,8.07,common_tone,False,False
B harmonic_minor,E phrygian,"D, B, E, G",4,9.21,common_tone,False,False
B harmonic_minor,E lydian,"C#, E, F#, A#, B",5,8.64,common_tone,False,False
B harmonic_minor,E mixolydian,"C#, D, E, F#, B",5,8.64,common_tone,False,False
B harmonic_minor,E locrian,"D, A#, E, G",4,9.21,common_tone,False,False
B harmonic_minor,E harmonic_minor,"B, E, F#, G",4,6.71,closely_related,False,False
B harmonic_minor,E melodic_minor,"C#, E, F#, G, B",5,8.64,common_tone,False,False
B harmonic_minor,F major,"D, A#, E, G",4,13.71,common_tone,False,False
B harmonic_minor,F minor,"C#, A#, G",3,14.29,common_tone,False,False
B harmonic_minor,F dorian,"D, A#, G",3,14.29,common_tone,False,False
B harmonic_minor,F phrygian,"C#, A#, F#",3,12.79,common_tone,False,False
B harmonic_minor,F lydian,"D, B, E, G",4,12.21,common_tone,False,False
B harmonic_minor,F mixolydian,"D, A#, G",3,14.29,common_tone,False,False
B harmonic_minor,F locrian,"C#, A#, B, F#",4,10.71,common_tone,False,False
B harmonic_minor,F harmonic_minor,"C#, A#, E, G",4,10.71,closely_related,False,False
B harmonic_minor,F melodic_minor,"D, A#, E, G",4,13.71,common_tone,False,False
B harmonic_minor,F# major,"C#, A#, B, F#",4,9.21,common_tone,False,False
B harmonic_minor,F# minor,"C#, D, E, F#, B",5,8.64,common_tone,False,False
B harmonic_minor,F# dorian,"C#, B, E, F#",4,9.21,common_tone,False,False
B harmonic_minor,F# phrygian,"C#, D, E, F#, G, B",6,8.07,common_tone,False,False
B harmonic_minor,F# lydian,"C#, A#, F#",3,9.79,common_tone,False,False
B harmonic_minor,F# mixolydian,"C#, E, F#, A#, B",5,8.64,common_tone,False,False
B harmonic_minor,F# locrian,"D, E, F#, G, B",5,8.64,common_tone,False,False
B harmonic_minor,F# harmonic_minor,"C#, D, B, F#",4,6.71,closely_related,False,False
B harmonic_minor,F# melodic_minor,"C#, B, F#",3,9.79,common_tone,False,False
B harmonic_minor,G major,"D, E, F#, G, B",5,7.14,common_tone,False,False
B harmonic_minor,G minor,"D, A#, G",3,8.29,common_tone,False,False
B harmonic_minor,G dorian,"D, A#, E, G",4,7.71,common_tone,False,False
B harmonic_minor,G phrygian,"D, A#, G",3,8.29,common_tone,False,False
B harmonic_minor,G lydian,"C#, D, E, F#, G, B",6,6.57,common_tone,False,False
B harmonic_minor,G mixolydian,"D, B, E, G",4,7.71,common_tone,False,False
B harmonic_minor,G locrian,"C#, A#, G",3,8.29,common_tone,False,False
B harmonic_minor,G harmonic_minor,"D, A#, F#, G",4,5.71,closely_related,False,False
B harmonic_minor,G melodic_minor,"D, E, F#, G, A#",5,7.14,common_tone,False,False
B harmonic_minor,G# major,"C#, A#, G",3,9.79,common_tone,False,False
B harmonic_minor,G# minor,"C#, E, F#, A#, B",5,5.64,common_tone,False,False
B harmonic_minor,G# dorian,"C#, A#, B, F#",4,6.21,common_tone,False,False
B harmonic_minor,G# phrygian,"C#, B, E, F#",4,6.21,common_tone,False,False
B harmonic_minor,G# lydian,"D, A#, G",3,9.79,common_tone,False,False
B harmonic_minor,G# mixolydian,"C#, A#, F#",3,8.29,common_tone,False,False
B harmonic_minor,G# locrian,"C#, D, E, F#, B",5,5.64,common_tone,False,False
B harmonic_minor,G# harmonic_minor,"C#, E, G, A#, B",5,5.64,closely_related,False,False
B harmonic_minor,G# melodic_minor,"C#, A#, B, G",4,7.71,common_tone,False,False
B harmonic_minor,A major,"C#, D, E, F#, B",5,4.14,common_tone,False,False
B harmonic_minor,A minor,"D, B, E, G",4,4.71,common_tone,False,False
B harmonic_minor,A dorian,"D, E, F#, G, B",5,4.14,common_tone,False,False
B harmonic_minor,A phrygian,"D, A#, E, G",4,6.21,common_tone,False,False
B harmonic_minor,A lydian,"C#, B, E, F#",4,4.71,common_tone,False,False
B harmonic_minor,A mixolydian,"C#, D, E, F#, G, B",6,3.57,common_tone,False,False
B harmonic_minor,A locrian,"D, A#, G",3,8.29,common_tone,False,False
B harmonic_minor,A harmonic_minor,"D, B, E",3,4.29,common_tone,False,False
B harmonic_minor,A melodic_minor,"D, B, E, F#",4,4.71,common_tone,False,False
B harmonic_minor,A# major,"D, A#, G",3,5.29,common_tone,False,False
B harmonic_minor,A# minor,"C#, A#, F#",3,3.79,common_tone,False,False
B harmonic_minor,A# dorian,"C#, A#, G",3,5.29,common_tone,False,False
B harmonic_minor,A# phrygian,"C#, A#, B, F#",4,3.21,common_tone,False,False
B harmonic_minor,A# lydian,"D, A#, E, G",4,4.71,common_tone,False,False
B harmonic_minor,A# mixolydian,"D, A#, G",3,5.29,common_tone,False,False
B harmonic_minor,A# locrian,"C#, E, F#, A#, B",5,2.64,common_tone,False,False
B harmonic_minor,A# harmonic_minor,"C#, A#, F#",3,3.29,common_tone,False,False
B harmonic_minor,A# melodic_minor,"C#, A#, G",3,5.29,common_tone,False,False
B harmonic_minor,B major,"C#, E, F#, A#, B",5,1.14,common_tone,False,False
B harmonic_minor,B minor,"C#, D, E, F#, G, B",6,0.57,common_tone,False,False
B harmonic_minor,B dorian,"C#, D, E, F#, B",5,1.14,common_tone,False,False
B harmonic_minor,B phrygian,"D, E, F#, G, B",5,1.14,common_tone,False,False
B harmonic_minor,B lydian,"C#, A#, B, F#",4,1.71,common_tone,False,False
B harmonic_minor,B mixolydian,"C#, B, E, F#",4,1.71,common_tone,False,False
B harmonic_minor,B locrian,"D, B, E, G",4,3.21,common_tone,False,False
B harmonic_minor,B melodic_minor,"C#, D, E, F#, A#, B",6,0.57,common_tone,False,False
B melodic_minor,C major,"D, B, E",3,5.29,common_tone,False,False
B melodic_minor,C minor,"G#, D, A#",3,6.79,common_tone,False,False
B melodic_minor,C dorian,"D, A#",2,7.36,nearby_key,False,False
B melodic_minor,C phrygian,"G#, C#, A#",3,6.79,common_tone,False,False
B melodic_minor,C lydian,"D, B, E, F#",4,3.21,common_tone,False,False
B melodic_minor,C mixolydian,"D, A#, E",3,6.79,common_tone,False,False
B melodic_minor,C locrian,"G#, C#, A#, F#",4,4.71,common_tone,False,False
B melodic_minor,C harmonic_minor,"G#, D, B",3,5.29,common_tone,False,False
B melodic_minor,C melodic_minor,"D, B",2,5.36,nearby_key,False,False
B melodic_minor,C# major,"G#, C#, A#, F#",4,4.71,common_tone,False,False
B melodic_minor,C# minor,"C#, E, F#, G#, B",5,4.14,common_tone,False,False
B melodic_minor,C# dorian,"C#, E, F#, G#, A#, B",6,3.57,common_tone,False,False
B melodic_minor,C# phrygian,"C#, D, E, F#, G#, B",6,3.57,common_tone,False,False
B melodic_minor,C# lydian,"G#, C#, A#",3,5.29,common_tone,False,False
B melodic_minor,C# mixolydian,"C#, F#, G#, A#, B",5,4.14,common_tone,False,False
B melodic_minor,C# locrian,"C#, D, E, F#, B",5,4.14,common_tone,False,False
B melodic_minor,C# harmonic_minor,"G#, C#, E, F#",4,4.71,common_tone,False,False
B melodic_minor,C# melodic_minor,"C#, E, F#, G#, A#",5,3.14,closely_related,False,False
B melodic_minor,D major,"C#, D, E, F#, B",5,5.64,common_tone,False,False
B melodic_minor,D minor,"D, A#, E",3,8.29,common_tone,False,False
B melodic_minor,D dorian,"D, B, E",3,6.79,common_tone,False,False
B melodic_minor,D phrygian,"D, A#",2,8.86,distant_modulation,False,False
B melodic_minor,D lydian,"C#, D, E, F#, G#, B",6,5.07,common_tone,False,False
B melodic_minor,D mixolydian,"D, B, E, F#",4,6.21,common_tone,False,False
B melodic_minor,D locrian,"G#, D, A#",3,6.79,common_tone,False,False
B melodic_minor,D harmonic_minor,"C#, D, A#, E",4,7.71,common_tone,False,False
B melodic_minor,D melodic_minor,"C#, D, B, E",4,4.71,closely_related,False,False
B melodic_minor,D# major,"G#, D, A#",3,9.79,common_tone,False,False
B melodic_minor,D# minor,"C#, F#, G#, A#, B",5,7.14,common_tone,False,False
B melodic_minor,D# dorian,"G#, C#, A#, F#",4,7.71,common_tone,False,False
B melodic_minor,D# phrygian,"C#, E, F#, G#, A#, B",6,6.57,common_tone,False,False
B melodic_minor,D# lydian,"D, A#",2,10.36,distant_modulation,False,False
B melodic_minor,D# mixolydian,"G#, C#, A#",3,9.79,common_tone,False,False
B melodic_minor,D# locrian,"C#, E, F#, G#, B",5,7.14,common_tone,False,False
B melodic_minor,D# harmonic_minor,"D, F#, G#, A#, B",5,7.14,common_tone,False,False
B melodic_minor,D# melodic_minor,"G#, D, A#, F#",4,5.71,closely_related,False,False
B melodic_minor,E major,"C#, E, F#, G#, B",5,8.64,common_tone,False,False
B melodic_minor,E minor,"D, B, E, F#",4,9.21,common_tone,False,False
B melodic_minor,E dorian,"C#, D, E, F#, B",5,8.64,common_tone,False,False
B melodic_minor,E phrygian,"D, B, E",3,9.79,common_tone,False,False
B melodic_minor,E lydian,"C#, E, F#, G#, A#, B",6,8.07,common_tone,False,False
B melodic_minor,E mixolydian,"C#, D, E, F#, G#, B",6,8.07,common_tone,False,False
B melodic_minor,E locrian,"D, A#, E",3,9.79,common_tone,False,False
B melodic_minor,E harmonic_minor,"B, E, F#",3,9.79,common_tone,False,False
B melodic_minor,E melodic_minor,"C#, B, E, F#",4,6.71,closely_related,False,False
B melodic_minor,F major,"D, A#, E",3,14.29,common_tone,False,False
B melodic_minor,F minor,"G#, C#, A#",3,14.29,common_tone,False,False
B melodic_minor,F dorian,"G#, D, A#",3,14.29,common_tone,False,False
B melodic_minor,F phrygian,"G#, C#, A#, F#",4,12.21,common_tone,False,False
B melodic_minor,F lydian,"D, B, E",3,12.79,common_tone,False,False
B melodic_minor,F mixolydian,"D, A#",2,14.86,distant_modulation,False,False
B melodic_minor,F locrian,"C#, F#, G#, A#, B",5,10.14,common_tone,False,False
B melodic_minor,F harmonic_minor,"G#, C#, A#, E",4,13.71,common_tone,False,False
B melodic_minor,F melodic_minor,"G#, D, A#, E",4,10.71,closely_related,False,False
B melodic_minor,F# major,"C#, F#, G#, A#, B",5,8.64,common_tone,False,False
B melodic_minor,F# minor,"C#, D, E, F#, G#, B",6,8.07,common_tone,False,False
B melodic_minor,F# dorian,"C#, E, F#, G#, B",5,8.64,common_tone,False,False
B melodic_minor,F# phrygian,"C#, D, E, F#, B",5,8.64,common_tone,False,False
B melodic_minor,F# lydian,"G#, C#, A#, F#",4,9.21,common_tone,False,False
B melodic_minor,F# mixolydian,"C#, E, F#, G#, A#, B",6,8.07,common_tone,False,False
B melodic_minor,F# locrian,"D, B, E, F#",4,9.21,common_tone,False,False
B melodic_minor,F# harmonic_minor,"C#, D, F#, G#, B",5,8.64,common_tone,False,False
B melodic_minor,F# melodic_minor,"G#, C#, B, F#",4,6.71,closely_related,False,False
B melodic_minor,G major,"D, B, E, F#",4,7.71,common_tone,False,False
B melodic_minor,G minor,"D, A#",2,10.36,distant_modulation,False,False
B melodic_minor,G dorian,"D, A#, E",3,9.79,common_tone,False,False
B melodic_minor,G phrygian,"G#, D, A#",3,9.79,common_tone,False,False
B melodic_minor,G lydian,"C#, D, E, F#, B",5,7.14,common_tone,False,False
B melodic_minor,G mixolydian,"D, B, E",3,8.29,common_tone,False,False
B melodic_minor,G locrian,"G#, C#, A#",3,9.79,common_tone,False,False
B melodic_minor,G harmonic_minor,"D, A#, F#",3,8.29,common_tone,False,False
B melodic_minor,G melodic_minor,"D, A#, E, F#",4,5.71,closely_related,False,False
B melodic_minor,G# major,"G#, C#, A#",3,8.29,common_tone,False,False
B melodic_minor,G# minor,"C#, E, F#, G#, A#, B",6,5.07,common_tone,False,False
B melodic_minor,G# dorian,"C#, F#, G#, A#, B",5,5.64,common_tone,False,False
B melodic_minor,G# phrygian,"C#, E, F#, G#, B",5,5.64,common_tone,False,False
B melodic_minor,G# lydian,"G#, D, A#",3,8.29,common_tone,False,False
B melodic_minor,G# mixolydian,"G#, C#, A#, F#",4,6.21,common_tone,False,False
B melodic_minor,G# locrian,"C#, D, E, F#, G#, B",6,5.07,common_tone,False,False
B melodic_minor,G# harmonic_minor,"C#, E, G#, A#, B",5,5.64,common_tone,False,False
B melodic_minor,G# melodic_minor,"G#, C#, A#, B",4,4.71,closely_related,False,False
B melodic_minor,A major,"C#, D, E, F#, G#, B",6,3.57,common_tone,False,False
B melodic_minor,A minor,"D, B, E",3,5.29,common_tone,False,False
B melodic_minor,A dorian,"D, B, E, F#",4,4.71,common_tone,False,False
B melodic_minor,A phrygian,"D, A#, E",3,6.79,common_tone,False,False
B melodic_minor,A lydian,"C#, E, F#, G#, B",5,4.14,common_tone,False,False
B melodic_minor,A mixolydian,"C#, D, E, F#, B",5,4.14,common_tone,False,False
B melodic_minor,A locrian,"D, A#",2,8.86,nearby_key,False,False
B melodic_minor,A harmonic_minor,"G#, D, B, E",4,4.71,common_tone,False,False
B melodic_minor,A melodic_minor,"D, E, F#, G#, B",5,3.14,closely_related,False,False
B melodic_minor,A# major,"D, A#",2,5.86,nearby_key,False,False
B melodic_minor,A# minor,"G#, C#, A#, F#",4,3.21,common_tone,False,False
B melodic_minor,A# dorian,"G#, C#, A#",3,5.29,common_tone,False,False
B melodic_minor,A# phrygian,"C#, F#, G#, A#, B",5,2.64,common_tone,False,False
B melodic_minor,A# lydian,"D, A#, E",3,5.29,common_tone,False,False
B melodic_minor,A# mixolydian,"G#, D, A#",3,5.29,common_tone,False,False
B melodic_minor,A# locrian,"C#, E, F#, G#, A#, B",6,2.07,common_tone,False,False
B melodic_minor,A# harmonic_minor,"C#, A#, F#",3,3.79,common_tone,False,False
B melodic_minor,A# melodic_minor,"C#, A#",2,5.36,nearby_key,False,False
B melodic_minor,B major,"C#, E, F#, G#, A#, B",6,0.57,common_tone,False,False
B melodic_minor,B minor,"C#, D, E, F#, B",5,1.14,common_tone,False,False
B melodic_minor,B dorian,"C#, D, E, F#, G#, B",6,0.57,common_tone,False,False
B melodic_minor,B phrygian,"D, B, E, F#",4,1.71,common_tone,False,False
B melodic_minor,B lydian,"C#, F#, G#, A#, B",5,1.14,common_tone,False,False
B melodic_minor,B mixolydian,"C#, E, F#, G#, B",5,1.14,common_tone,False,False
B melodic_minor,B locrian,"D, B, E",3,3.79,common_tone,False,False
B melodic_minor,B harmonic_minor,"C#, D, E, F#, A#, B",6,0.57,common_tone,False,False
